county,year,homestead_parcels,homestead_just_value_total,homestead_assessed_value_total,soh_differential_total,avg_soh_differential_per_homestead,avg_total_millage,est_avg_annual_tax_saved,source,source_url,note
Alachua,2022,,,,3547712823,,20.7765,,"FDOR Property Tax Oversight, Data Book: county_overview.xlsx, sheet 'Save Our Homes Value History', column 2022 (latest revision, as carried in the 2026 Data Book) | FDOR Data Book 2022: millage_taxes_levied.xlsx, sheet 'Millage Rates', column 'Total Millage Rate'",https://floridarevenue.com/property/Documents/county_overview.xlsx | https://floridarevenue.com/property/dataportal/Documents/PTO%20Data%20Portal/Databook%20Historical%20Data/2022DataBookFiles/millage_taxes_levied.xlsx,"2022 final roll figures. Homestead parcel count and homestead just and assessed value totals are not published by DOR for this year at county level (the Data Book has no homestead breakout and DOR no longer hosts pre-2026 NAL roll files), so they, the per-homestead average and the tax estimate are left blank."
Alachua,2023,,,,4348272813,,21.0544,,"FDOR Property Tax Oversight, Data Book: county_overview.xlsx, sheet 'Save Our Homes Value History', column 2023 (latest revision, as carried in the 2026 Data Book) | FDOR Data Book 2023: millage_taxes_levied.xlsx, sheet 'Millage Rates', column 'Total Millage Rate'",https://floridarevenue.com/property/Documents/county_overview.xlsx | https://floridarevenue.com/property/dataportal/Documents/PTO%20Data%20Portal/Databook%20Historical%20Data/2023DataBookFiles/millage_taxes_levied.xlsx,"2023 final roll figures. Homestead parcel count and homestead just and assessed value totals are not published by DOR for this year at county level (the Data Book has no homestead breakout and DOR no longer hosts pre-2026 NAL roll files), so they, the per-homestead average and the tax estimate are left blank."
Alachua,2024,,,,5301528966,,20.8095,,"FDOR Property Tax Oversight, Data Book: county_overview.xlsx, sheet 'Save Our Homes Value History', column 2024 (latest revision, as carried in the 2026 Data Book) | FDOR Data Book 2024: millage_taxes_levied.xlsx, sheet 'Millage Rates', column 'Total Millage Rate'",https://floridarevenue.com/property/Documents/county_overview.xlsx | https://floridarevenue.com/property/dataportal/Documents/PTO%20Data%20Portal/Databook%20Historical%20Data/2024DataBookFiles/millage_taxes_levied.xlsx,"2024 final roll figures. Homestead parcel count and homestead just and assessed value totals are not published by DOR for this year at county level (the Data Book has no homestead breakout and DOR no longer hosts pre-2026 NAL roll files), so they, the per-homestead average and the tax estimate are left blank."
Alachua,2025,,,,5975742685,,20.8894,,"FDOR Property Tax Oversight, Data Book: county_overview.xlsx, sheet 'Save Our Homes Value History', column 2025 (latest revision, as carried in the 2026 Data Book) | FDOR Data Book 2025: millage_taxes_levied.xlsx, sheet 'Millage Rates', column 'Total Millage Rate'",https://floridarevenue.com/property/Documents/county_overview.xlsx | https://floridarevenue.com/property/dataportal/Documents/PTO%20Data%20Portal/Databook%20Historical%20Data/2025DataBookFiles/millage_taxes_levied.xlsx,"2025 final roll figures. Homestead parcel count and homestead just and assessed value totals are not published by DOR for this year at county level (the Data Book has no homestead breakout and DOR no longer hosts pre-2026 NAL roll files), so they, the per-homestead average and the tax estimate are left blank."
Alachua,2026,54802,16701417052,11837663039,4903509691,88751,,1854,"FDOR Property Tax Oversight, Data Book: county_overview.xlsx, sheet 'Save Our Homes Value History', column 2026 (2026 preliminary roll) | FDOR NAL roll file 'Alachua 11 Preliminary NAL 2026.zip' (Preliminary 2026 roll): parcels with JV_HMSTD > 0; sums of JV_HMSTD and AV_HMSTD | FDOR Data Book 2025: millage_taxes_levied.xlsx 'Total Millage Rate' (used for the 2026 estimate)",https://floridarevenue.com/property/Documents/county_overview.xlsx | https://floridarevenue.com/property/dataportal/Documents/PTO%20Data%20Portal/Tax%20Roll%20Data%20Files/NAL/2026P/Alachua%2011%20Preliminary%20NAL%202026.zip | https://floridarevenue.com/property/dataportal/Documents/PTO%20Data%20Portal/Databook%20Historical%20Data/2025DataBookFiles/millage_taxes_levied.xlsx,"2026 preliminary roll. Homestead parcels = NAL parcels with JV_HMSTD > 0. avg_soh_differential_per_homestead = (homestead_just_value_total minus homestead_assessed_value_total) / homestead_parcels, all from the NAL; the NAL differential (4,863,754,013) is -0.8% versus the Data Book soh_differential_total. avg_total_millage left blank: 2026 levies are not yet published by DOR. ESTIMATE: est_avg_annual_tax_saved = avg_soh_differential_per_homestead x 2025 DOR Total Millage Rate (20.8894) / 1000."
Baker,2022,,,,472696842,,14.9565,,"FDOR Property Tax Oversight, Data Book: county_overview.xlsx, sheet 'Save Our Homes Value History', column 2022 (latest revision, as carried in the 2026 Data Book) | FDOR Data Book 2022: millage_taxes_levied.xlsx, sheet 'Millage Rates', column 'Total Millage Rate'",https://floridarevenue.com/property/Documents/county_overview.xlsx | https://floridarevenue.com/property/dataportal/Documents/PTO%20Data%20Portal/Databook%20Historical%20Data/2022DataBookFiles/millage_taxes_levied.xlsx,"2022 final roll figures. Homestead parcel count and homestead just and assessed value totals are not published by DOR for this year at county level (the Data Book has no homestead breakout and DOR no longer hosts pre-2026 NAL roll files), so they, the per-homestead average and the tax estimate are left blank."
Baker,2023,,,,533245063,,14.8021,,"FDOR Property Tax Oversight, Data Book: county_overview.xlsx, sheet 'Save Our Homes Value History', column 2023 (latest revision, as carried in the 2026 Data Book) | FDOR Data Book 2023: millage_taxes_levied.xlsx, sheet 'Millage Rates', column 'Total Millage Rate'",https://floridarevenue.com/property/Documents/county_overview.xlsx | https://floridarevenue.com/property/dataportal/Documents/PTO%20Data%20Portal/Databook%20Historical%20Data/2023DataBookFiles/millage_taxes_levied.xlsx,"2023 final roll figures. Homestead parcel count and homestead just and assessed value totals are not published by DOR for this year at county level (the Data Book has no homestead breakout and DOR no longer hosts pre-2026 NAL roll files), so they, the per-homestead average and the tax estimate are left blank."
Baker,2024,,,,565817062,,14.6367,,"FDOR Property Tax Oversight, Data Book: county_overview.xlsx, sheet 'Save Our Homes Value History', column 2024 (latest revision, as carried in the 2026 Data Book) | FDOR Data Book 2024: millage_taxes_levied.xlsx, sheet 'Millage Rates', column 'Total Millage Rate'",https://floridarevenue.com/property/Documents/county_overview.xlsx | https://floridarevenue.com/property/dataportal/Documents/PTO%20Data%20Portal/Databook%20Historical%20Data/2024DataBookFiles/millage_taxes_levied.xlsx,"2024 final roll figures. Homestead parcel count and homestead just and assessed value totals are not published by DOR for this year at county level (the Data Book has no homestead breakout and DOR no longer hosts pre-2026 NAL roll files), so they, the per-homestead average and the tax estimate are left blank."
Baker,2025,,,,611281134,,14.6131,,"FDOR Property Tax Oversight, Data Book: county_overview.xlsx, sheet 'Save Our Homes Value History', column 2025 (latest revision, as carried in the 2026 Data Book) | FDOR Data Book 2025: millage_taxes_levied.xlsx, sheet 'Millage Rates', column 'Total Millage Rate'",https://floridarevenue.com/property/Documents/county_overview.xlsx | https://floridarevenue.com/property/dataportal/Documents/PTO%20Data%20Portal/Databook%20Historical%20Data/2025DataBookFiles/millage_taxes_levied.xlsx,"2025 final roll figures. Homestead parcel count and homestead just and assessed value totals are not published by DOR for this year at county level (the Data Book has no homestead breakout and DOR no longer hosts pre-2026 NAL roll files), so they, the per-homestead average and the tax estimate are left blank."
Baker,2026,6869,1732624859,1172219894,567035468,81585,,1192,"FDOR Property Tax Oversight, Data Book: county_overview.xlsx, sheet 'Save Our Homes Value History', column 2026 (2026 preliminary roll) | FDOR NAL roll file 'Baker 12 Preliminary NAL 2026.zip' (Preliminary 2026 roll): parcels with JV_HMSTD > 0; sums of JV_HMSTD and AV_HMSTD | FDOR Data Book 2025: millage_taxes_levied.xlsx 'Total Millage Rate' (used for the 2026 estimate)",https://floridarevenue.com/property/Documents/county_overview.xlsx | https://floridarevenue.com/property/dataportal/Documents/PTO%20Data%20Portal/Tax%20Roll%20Data%20Files/NAL/2026P/Baker%2012%20Preliminary%20NAL%202026.zip | https://floridarevenue.com/property/dataportal/Documents/PTO%20Data%20Portal/Databook%20Historical%20Data/2025DataBookFiles/millage_taxes_levied.xlsx,"2026 preliminary roll. Homestead parcels = NAL parcels with JV_HMSTD > 0. avg_soh_differential_per_homestead = (homestead_just_value_total minus homestead_assessed_value_total) / homestead_parcels, all from the NAL; the NAL differential (560,404,965) is -1.2% versus the Data Book soh_differential_total. avg_total_millage left blank: 2026 levies are not yet published by DOR. ESTIMATE: est_avg_annual_tax_saved = avg_soh_differential_per_homestead x 2025 DOR Total Millage Rate (14.6131) / 1000."
Bay,2022,,,,1550229281,,11.8808,,"FDOR Property Tax Oversight, Data Book: county_overview.xlsx, sheet 'Save Our Homes Value History', column 2022 (latest revision, as carried in the 2026 Data Book) | FDOR Data Book 2022: millage_taxes_levied.xlsx, sheet 'Millage Rates', column 'Total Millage Rate'",https://floridarevenue.com/property/Documents/county_overview.xlsx | https://floridarevenue.com/property/dataportal/Documents/PTO%20Data%20Portal/Databook%20Historical%20Data/2022DataBookFiles/millage_taxes_levied.xlsx,"2022 final roll figures. Homestead parcel count and homestead just and assessed value totals are not published by DOR for this year at county level (the Data Book has no homestead breakout and DOR no longer hosts pre-2026 NAL roll files), so they, the per-homestead average and the tax estimate are left blank."
Bay,2023,,,,2511828476,,12.8562,,"FDOR Property Tax Oversight, Data Book: county_overview.xlsx, sheet 'Save Our Homes Value History', column 2023 (latest revision, as carried in the 2026 Data Book) | FDOR Data Book 2023: millage_taxes_levied.xlsx, sheet 'Millage Rates', column 'Total Millage Rate'",https://floridarevenue.com/property/Documents/county_overview.xlsx | https://floridarevenue.com/property/dataportal/Documents/PTO%20Data%20Portal/Databook%20Historical%20Data/2023DataBookFiles/millage_taxes_levied.xlsx,"2023 final roll figures. Homestead parcel count and homestead just and assessed value totals are not published by DOR for this year at county level (the Data Book has no homestead breakout and DOR no longer hosts pre-2026 NAL roll files), so they, the per-homestead average and the tax estimate are left blank."
Bay,2024,,,,2754808801,,12.6726,,"FDOR Property Tax Oversight, Data Book: county_overview.xlsx, sheet 'Save Our Homes Value History', column 2024 (latest revision, as carried in the 2026 Data Book) | FDOR Data Book 2024: millage_taxes_levied.xlsx, sheet 'Millage Rates', column 'Total Millage Rate'",https://floridarevenue.com/property/Documents/county_overview.xlsx | https://floridarevenue.com/property/dataportal/Documents/PTO%20Data%20Portal/Databook%20Historical%20Data/2024DataBookFiles/millage_taxes_levied.xlsx,"2024 final roll figures. Homestead parcel count and homestead just and assessed value totals are not published by DOR for this year at county level (the Data Book has no homestead breakout and DOR no longer hosts pre-2026 NAL roll files), so they, the per-homestead average and the tax estimate are left blank."
Bay,2025,,,,2936369044,,12.6966,,"FDOR Property Tax Oversight, Data Book: county_overview.xlsx, sheet 'Save Our Homes Value History', column 2025 (latest revision, as carried in the 2026 Data Book) | FDOR Data Book 2025: millage_taxes_levied.xlsx, sheet 'Millage Rates', column 'Total Millage Rate'",https://floridarevenue.com/property/Documents/county_overview.xlsx | https://floridarevenue.com/property/dataportal/Documents/PTO%20Data%20Portal/Databook%20Historical%20Data/2025DataBookFiles/millage_taxes_levied.xlsx,"2025 final roll figures. Homestead parcel count and homestead just and assessed value totals are not published by DOR for this year at county level (the Data Book has no homestead breakout and DOR no longer hosts pre-2026 NAL roll files), so they, the per-homestead average and the tax estimate are left blank."
Bay,2026,45901,13715062605,10901308201,2838229668,61301,,778,"FDOR Property Tax Oversight, Data Book: county_overview.xlsx, sheet 'Save Our Homes Value History', column 2026 (2026 preliminary roll) | FDOR NAL roll file 'Bay 13 Preliminary NAL 2026.zip' (Preliminary 2026 roll): parcels with JV_HMSTD > 0; sums of JV_HMSTD and AV_HMSTD | FDOR Data Book 2025: millage_taxes_levied.xlsx 'Total Millage Rate' (used for the 2026 estimate)",https://floridarevenue.com/property/Documents/county_overview.xlsx | https://floridarevenue.com/property/dataportal/Documents/PTO%20Data%20Portal/Tax%20Roll%20Data%20Files/NAL/2026P/Bay%2013%20Preliminary%20NAL%202026.zip | https://floridarevenue.com/property/dataportal/Documents/PTO%20Data%20Portal/Databook%20Historical%20Data/2025DataBookFiles/millage_taxes_levied.xlsx,"2026 preliminary roll. Homestead parcels = NAL parcels with JV_HMSTD > 0. avg_soh_differential_per_homestead = (homestead_just_value_total minus homestead_assessed_value_total) / homestead_parcels, all from the NAL; the NAL differential (2,813,754,404) is -0.9% versus the Data Book soh_differential_total. avg_total_millage left blank: 2026 levies are not yet published by DOR. ESTIMATE: est_avg_annual_tax_saved = avg_soh_differential_per_homestead x 2025 DOR Total Millage Rate (12.6966) / 1000."
Bradford,2022,,,,191316545,,16.8316,,"FDOR Property Tax Oversight, Data Book: county_overview.xlsx, sheet 'Save Our Homes Value History', column 2022 (latest revision, as carried in the 2026 Data Book) | FDOR Data Book 2022: millage_taxes_levied.xlsx, sheet 'Millage Rates', column 'Total Millage Rate'",https://floridarevenue.com/property/Documents/county_overview.xlsx | https://floridarevenue.com/property/dataportal/Documents/PTO%20Data%20Portal/Databook%20Historical%20Data/2022DataBookFiles/millage_taxes_levied.xlsx,"2022 final roll figures. Homestead parcel count and homestead just and assessed value totals are not published by DOR for this year at county level (the Data Book has no homestead breakout and DOR no longer hosts pre-2026 NAL roll files), so they, the per-homestead average and the tax estimate are left blank."
Bradford,2023,,,,327653706,,16.7643,,"FDOR Property Tax Oversight, Data Book: county_overview.xlsx, sheet 'Save Our Homes Value History', column 2023 (latest revision, as carried in the 2026 Data Book) | FDOR Data Book 2023: millage_taxes_levied.xlsx, sheet 'Millage Rates', column 'Total Millage Rate'",https://floridarevenue.com/property/Documents/county_overview.xlsx | https://floridarevenue.com/property/dataportal/Documents/PTO%20Data%20Portal/Databook%20Historical%20Data/2023DataBookFiles/millage_taxes_levied.xlsx,"2023 final roll figures. Homestead parcel count and homestead just and assessed value totals are not published by DOR for this year at county level (the Data Book has no homestead breakout and DOR no longer hosts pre-2026 NAL roll files), so they, the per-homestead average and the tax estimate are left blank."
Bradford,2024,,,,400955502,,16.5906,,"FDOR Property Tax Oversight, Data Book: county_overview.xlsx, sheet 'Save Our Homes Value History', column 2024 (latest revision, as carried in the 2026 Data Book) | FDOR Data Book 2024: millage_taxes_levied.xlsx, sheet 'Millage Rates', column 'Total Millage Rate'",https://floridarevenue.com/property/Documents/county_overview.xlsx | https://floridarevenue.com/property/dataportal/Documents/PTO%20Data%20Portal/Databook%20Historical%20Data/2024DataBookFiles/millage_taxes_levied.xlsx,"2024 final roll figures. Homestead parcel count and homestead just and assessed value totals are not published by DOR for this year at county level (the Data Book has no homestead breakout and DOR no longer hosts pre-2026 NAL roll files), so they, the per-homestead average and the tax estimate are left blank."
Bradford,2025,,,,456119136,,16.5732,,"FDOR Property Tax Oversight, Data Book: county_overview.xlsx, sheet 'Save Our Homes Value History', column 2025 (latest revision, as carried in the 2026 Data Book) | FDOR Data Book 2025: millage_taxes_levied.xlsx, sheet 'Millage Rates', column 'Total Millage Rate'",https://floridarevenue.com/property/Documents/county_overview.xlsx | https://floridarevenue.com/property/dataportal/Documents/PTO%20Data%20Portal/Databook%20Historical%20Data/2025DataBookFiles/millage_taxes_levied.xlsx,"2025 final roll figures. Homestead parcel count and homestead just and assessed value totals are not published by DOR for this year at county level (the Data Book has no homestead breakout and DOR no longer hosts pre-2026 NAL roll files), so they, the per-homestead average and the tax estimate are left blank."
Bradford,2026,7071,1406562394,958680596,452214971,63341,,1050,"FDOR Property Tax Oversight, Data Book: county_overview.xlsx, sheet 'Save Our Homes Value History', column 2026 (2026 preliminary roll) | FDOR NAL roll file 'Bradford 14 Preliminary NAL 2026.zip' (Preliminary 2026 roll): parcels with JV_HMSTD > 0; sums of JV_HMSTD and AV_HMSTD | FDOR Data Book 2025: millage_taxes_levied.xlsx 'Total Millage Rate' (used for the 2026 estimate)",https://floridarevenue.com/property/Documents/county_overview.xlsx | https://floridarevenue.com/property/dataportal/Documents/PTO%20Data%20Portal/Tax%20Roll%20Data%20Files/NAL/2026P/Bradford%2014%20Preliminary%20NAL%202026.zip | https://floridarevenue.com/property/dataportal/Documents/PTO%20Data%20Portal/Databook%20Historical%20Data/2025DataBookFiles/millage_taxes_levied.xlsx,"2026 preliminary roll. Homestead parcels = NAL parcels with JV_HMSTD > 0. avg_soh_differential_per_homestead = (homestead_just_value_total minus homestead_assessed_value_total) / homestead_parcels, all from the NAL; the NAL differential (447,881,798) is -1.0% versus the Data Book soh_differential_total. avg_total_millage left blank: 2026 levies are not yet published by DOR. ESTIMATE: est_avg_annual_tax_saved = avg_soh_differential_per_homestead x 2025 DOR Total Millage Rate (16.5732) / 1000."
Brevard,2022,,,,22667812740,,14.5923,,"FDOR Property Tax Oversight, Data Book: county_overview.xlsx, sheet 'Save Our Homes Value History', column 2022 (latest revision, as carried in the 2026 Data Book) | FDOR Data Book 2022: millage_taxes_levied.xlsx, sheet 'Millage Rates', column 'Total Millage Rate'",https://floridarevenue.com/property/Documents/county_overview.xlsx | https://floridarevenue.com/property/dataportal/Documents/PTO%20Data%20Portal/Databook%20Historical%20Data/2022DataBookFiles/millage_taxes_levied.xlsx,"2022 final roll figures. Homestead parcel count and homestead just and assessed value totals are not published by DOR for this year at county level (the Data Book has no homestead breakout and DOR no longer hosts pre-2026 NAL roll files), so they, the per-homestead average and the tax estimate are left blank."
Brevard,2023,,,,25812854870,,13.9771,,"FDOR Property Tax Oversight, Data Book: county_overview.xlsx, sheet 'Save Our Homes Value History', column 2023 (latest revision, as carried in the 2026 Data Book) | FDOR Data Book 2023: millage_taxes_levied.xlsx, sheet 'Millage Rates', column 'Total Millage Rate'",https://floridarevenue.com/property/Documents/county_overview.xlsx | https://floridarevenue.com/property/dataportal/Documents/PTO%20Data%20Portal/Databook%20Historical%20Data/2023DataBookFiles/millage_taxes_levied.xlsx,"2023 final roll figures. Homestead parcel count and homestead just and assessed value totals are not published by DOR for this year at county level (the Data Book has no homestead breakout and DOR no longer hosts pre-2026 NAL roll files), so they, the per-homestead average and the tax estimate are left blank."
Brevard,2024,,,,25438832630,,14.703,,"FDOR Property Tax Oversight, Data Book: county_overview.xlsx, sheet 'Save Our Homes Value History', column 2024 (latest revision, as carried in the 2026 Data Book) | FDOR Data Book 2024: millage_taxes_levied.xlsx, sheet 'Millage Rates', column 'Total Millage Rate'",https://floridarevenue.com/property/Documents/county_overview.xlsx | https://floridarevenue.com/property/dataportal/Documents/PTO%20Data%20Portal/Databook%20Historical%20Data/2024DataBookFiles/millage_taxes_levied.xlsx,"2024 final roll figures. Homestead parcel count and homestead just and assessed value totals are not published by DOR for this year at county level (the Data Book has no homestead breakout and DOR no longer hosts pre-2026 NAL roll files), so they, the per-homestead average and the tax estimate are left blank."
Brevard,2025,,,,22925060980,,13.7669,,"FDOR Property Tax Oversight, Data Book: county_overview.xlsx, sheet 'Save Our Homes Value History', column 2025 (latest revision, as carried in the 2026 Data Book) | FDOR Data Book 2025: millage_taxes_levied.xlsx, sheet 'Millage Rates', column 'Total Millage Rate'",https://floridarevenue.com/property/Documents/county_overview.xlsx | https://floridarevenue.com/property/dataportal/Documents/PTO%20Data%20Portal/Databook%20Historical%20Data/2025DataBookFiles/millage_taxes_levied.xlsx,"2025 final roll figures. Homestead parcel count and homestead just and assessed value totals are not published by DOR for this year at county level (the Data Book has no homestead breakout and DOR no longer hosts pre-2026 NAL roll files), so they, the per-homestead average and the tax estimate are left blank."
Brevard,2026,182211,64002732790,43194600510,21053339130,114198,,1572,"FDOR Property Tax Oversight, Data Book: county_overview.xlsx, sheet 'Save Our Homes Value History', column 2026 (2026 preliminary roll) | FDOR NAL roll file 'Brevard 15 Preliminary NAL 2026.zip' (Preliminary 2026 roll): parcels with JV_HMSTD > 0; sums of JV_HMSTD and AV_HMSTD | FDOR Data Book 2025: millage_taxes_levied.xlsx 'Total Millage Rate' (used for the 2026 estimate)",https://floridarevenue.com/property/Documents/county_overview.xlsx | https://floridarevenue.com/property/dataportal/Documents/PTO%20Data%20Portal/Tax%20Roll%20Data%20Files/NAL/2026P/Brevard%2015%20Preliminary%20NAL%202026.zip | https://floridarevenue.com/property/dataportal/Documents/PTO%20Data%20Portal/Databook%20Historical%20Data/2025DataBookFiles/millage_taxes_levied.xlsx,"2026 preliminary roll. Homestead parcels = NAL parcels with JV_HMSTD > 0. avg_soh_differential_per_homestead = (homestead_just_value_total minus homestead_assessed_value_total) / homestead_parcels, all from the NAL; the NAL differential (20,808,132,280) is -1.2% versus the Data Book soh_differential_total. avg_total_millage left blank: 2026 levies are not yet published by DOR. ESTIMATE: est_avg_annual_tax_saved = avg_soh_differential_per_homestead x 2025 DOR Total Millage Rate (13.7669) / 1000."
Broward,2022,,,,66151090480,,19.7256,,"FDOR Property Tax Oversight, Data Book: county_overview.xlsx, sheet 'Save Our Homes Value History', column 2022 (latest revision, as carried in the 2026 Data Book) | FDOR Data Book 2022: millage_taxes_levied.xlsx, sheet 'Millage Rates', column 'Total Millage Rate'",https://floridarevenue.com/property/Documents/county_overview.xlsx | https://floridarevenue.com/property/dataportal/Documents/PTO%20Data%20Portal/Databook%20Historical%20Data/2022DataBookFiles/millage_taxes_levied.xlsx,"2022 final roll figures. Homestead parcel count and homestead just and assessed value totals are not published by DOR for this year at county level (the Data Book has no homestead breakout and DOR no longer hosts pre-2026 NAL roll files), so they, the per-homestead average and the tax estimate are left blank."
Broward,2023,,,,91054322690,,20.0526,,"FDOR Property Tax Oversight, Data Book: county_overview.xlsx, sheet 'Save Our Homes Value History', column 2023 (latest revision, as carried in the 2026 Data Book) | FDOR Data Book 2023: millage_taxes_levied.xlsx, sheet 'Millage Rates', column 'Total Millage Rate'",https://floridarevenue.com/property/Documents/county_overview.xlsx | https://floridarevenue.com/property/dataportal/Documents/PTO%20Data%20Portal/Databook%20Historical%20Data/2023DataBookFiles/millage_taxes_levied.xlsx,"2023 final roll figures. Homestead parcel count and homestead just and assessed value totals are not published by DOR for this year at county level (the Data Book has no homestead breakout and DOR no longer hosts pre-2026 NAL roll files), so they, the per-homestead average and the tax estimate are left blank."
Broward,2024,,,,100318292250,,19.8302,,"FDOR Property Tax Oversight, Data Book: county_overview.xlsx, sheet 'Save Our Homes Value History', column 2024 (latest revision, as carried in the 2026 Data Book) | FDOR Data Book 2024: millage_taxes_levied.xlsx, sheet 'Millage Rates', column 'Total Millage Rate'",https://floridarevenue.com/property/Documents/county_overview.xlsx | https://floridarevenue.com/property/dataportal/Documents/PTO%20Data%20Portal/Databook%20Historical%20Data/2024DataBookFiles/millage_taxes_levied.xlsx,"2024 final roll figures. Homestead parcel count and homestead just and assessed value totals are not published by DOR for this year at county level (the Data Book has no homestead breakout and DOR no longer hosts pre-2026 NAL roll files), so they, the per-homestead average and the tax estimate are left blank."
Broward,2025,,,,103740324710,,19.8638,,"FDOR Property Tax Oversight, Data Book: county_overview.xlsx, sheet 'Save Our Homes Value History', column 2025 (latest revision, as carried in the 2026 Data Book) | FDOR Data Book 2025: millage_taxes_levied.xlsx, sheet 'Millage Rates', column 'Total Millage Rate'",https://floridarevenue.com/property/Documents/county_overview.xlsx | https://floridarevenue.com/property/dataportal/Documents/PTO%20Data%20Portal/Databook%20Historical%20Data/2025DataBookFiles/millage_taxes_levied.xlsx,"2025 final roll figures. Homestead parcel count and homestead just and assessed value totals are not published by DOR for this year at county level (the Data Book has no homestead breakout and DOR no longer hosts pre-2026 NAL roll files), so they, the per-homestead average and the tax estimate are left blank."
Broward,2026,419468,235614390150,138761470820,97803396020,230895,,4586,"FDOR Property Tax Oversight, Data Book: county_overview.xlsx, sheet 'Save Our Homes Value History', column 2026 (2026 preliminary roll) | FDOR NAL roll file 'Broward Preliminary NAL 2026.zip' (Preliminary 2026 roll): parcels with JV_HMSTD > 0; sums of JV_HMSTD and AV_HMSTD | FDOR Data Book 2025: millage_taxes_levied.xlsx 'Total Millage Rate' (used for the 2026 estimate)",https://floridarevenue.com/property/Documents/county_overview.xlsx | https://floridarevenue.com/property/dataportal/Documents/PTO%20Data%20Portal/Tax%20Roll%20Data%20Files/NAL/2026P/Broward%20Preliminary%20NAL%202026.zip | https://floridarevenue.com/property/dataportal/Documents/PTO%20Data%20Portal/Databook%20Historical%20Data/2025DataBookFiles/millage_taxes_levied.xlsx,"2026 preliminary roll. Homestead parcels = NAL parcels with JV_HMSTD > 0. avg_soh_differential_per_homestead = (homestead_just_value_total minus homestead_assessed_value_total) / homestead_parcels, all from the NAL; the NAL differential (96,852,919,330) is -1.0% versus the Data Book soh_differential_total. avg_total_millage left blank: 2026 levies are not yet published by DOR. ESTIMATE: est_avg_annual_tax_saved = avg_soh_differential_per_homestead x 2025 DOR Total Millage Rate (19.8638) / 1000."
Calhoun,2022,,,,72781847,,15.7433,,"FDOR Property Tax Oversight, Data Book: county_overview.xlsx, sheet 'Save Our Homes Value History', column 2022 (latest revision, as carried in the 2026 Data Book) | FDOR Data Book 2022: millage_taxes_levied.xlsx, sheet 'Millage Rates', column 'Total Millage Rate'",https://floridarevenue.com/property/Documents/county_overview.xlsx | https://floridarevenue.com/property/dataportal/Documents/PTO%20Data%20Portal/Databook%20Historical%20Data/2022DataBookFiles/millage_taxes_levied.xlsx,"2022 final roll figures. Homestead parcel count and homestead just and assessed value totals are not published by DOR for this year at county level (the Data Book has no homestead breakout and DOR no longer hosts pre-2026 NAL roll files), so they, the per-homestead average and the tax estimate are left blank."
Calhoun,2023,,,,65071270,,15.4053,,"FDOR Property Tax Oversight, Data Book: county_overview.xlsx, sheet 'Save Our Homes Value History', column 2023 (latest revision, as carried in the 2026 Data Book) | FDOR Data Book 2023: millage_taxes_levied.xlsx, sheet 'Millage Rates', column 'Total Millage Rate'",https://floridarevenue.com/property/Documents/county_overview.xlsx | https://floridarevenue.com/property/dataportal/Documents/PTO%20Data%20Portal/Databook%20Historical%20Data/2023DataBookFiles/millage_taxes_levied.xlsx,"2023 final roll figures. Homestead parcel count and homestead just and assessed value totals are not published by DOR for this year at county level (the Data Book has no homestead breakout and DOR no longer hosts pre-2026 NAL roll files), so they, the per-homestead average and the tax estimate are left blank."
Calhoun,2024,,,,117628561,,15.321,,"FDOR Property Tax Oversight, Data Book: county_overview.xlsx, sheet 'Save Our Homes Value History', column 2024 (latest revision, as carried in the 2026 Data Book) | FDOR Data Book 2024: millage_taxes_levied.xlsx, sheet 'Millage Rates', column 'Total Millage Rate'",https://floridarevenue.com/property/Documents/county_overview.xlsx | https://floridarevenue.com/property/dataportal/Documents/PTO%20Data%20Portal/Databook%20Historical%20Data/2024DataBookFiles/millage_taxes_levied.xlsx,"2024 final roll figures. Homestead parcel count and homestead just and assessed value totals are not published by DOR for this year at county level (the Data Book has no homestead breakout and DOR no longer hosts pre-2026 NAL roll files), so they, the per-homestead average and the tax estimate are left blank."
Calhoun,2025,,,,129229080,,15.334,,"FDOR Property Tax Oversight, Data Book: county_overview.xlsx, sheet 'Save Our Homes Value History', column 2025 (latest revision, as carried in the 2026 Data Book) | FDOR Data Book 2025: millage_taxes_levied.xlsx, sheet 'Millage Rates', column 'Total Millage Rate'",https://floridarevenue.com/property/Documents/county_overview.xlsx | https://floridarevenue.com/property/dataportal/Documents/PTO%20Data%20Portal/Databook%20Historical%20Data/2025DataBookFiles/millage_taxes_levied.xlsx,"2025 final roll figures. Homestead parcel count and homestead just and assessed value totals are not published by DOR for this year at county level (the Data Book has no homestead breakout and DOR no longer hosts pre-2026 NAL roll files), so they, the per-homestead average and the tax estimate are left blank."
Calhoun,2026,3276,447139170,321864544,126704990,38240,,586,"FDOR Property Tax Oversight, Data Book: county_overview.xlsx, sheet 'Save Our Homes Value History', column 2026 (2026 preliminary roll) | FDOR NAL roll file 'Calhoun 17 Preliminary NAL 2026.zip' (Preliminary 2026 roll): parcels with JV_HMSTD > 0; sums of JV_HMSTD and AV_HMSTD | FDOR Data Book 2025: millage_taxes_levied.xlsx 'Total Millage Rate' (used for the 2026 estimate)",https://floridarevenue.com/property/Documents/county_overview.xlsx | https://floridarevenue.com/property/dataportal/Documents/PTO%20Data%20Portal/Tax%20Roll%20Data%20Files/NAL/2026P/Calhoun%2017%20Preliminary%20NAL%202026.zip | https://floridarevenue.com/property/dataportal/Documents/PTO%20Data%20Portal/Databook%20Historical%20Data/2025DataBookFiles/millage_taxes_levied.xlsx,"2026 preliminary roll. Homestead parcels = NAL parcels with JV_HMSTD > 0. avg_soh_differential_per_homestead = (homestead_just_value_total minus homestead_assessed_value_total) / homestead_parcels, all from the NAL; the NAL differential (125,274,626) is -1.1% versus the Data Book soh_differential_total. avg_total_millage left blank: 2026 levies are not yet published by DOR. ESTIMATE: est_avg_annual_tax_saved = avg_soh_differential_per_homestead x 2025 DOR Total Millage Rate (15.334) / 1000."
Charlotte,2022,,,,7315482010,,16.2885,,"FDOR Property Tax Oversight, Data Book: county_overview.xlsx, sheet 'Save Our Homes Value History', column 2022 (latest revision, as carried in the 2026 Data Book) | FDOR Data Book 2022: millage_taxes_levied.xlsx, sheet 'Millage Rates', column 'Total Millage Rate'",https://floridarevenue.com/property/Documents/county_overview.xlsx | https://floridarevenue.com/property/dataportal/Documents/PTO%20Data%20Portal/Databook%20Historical%20Data/2022DataBookFiles/millage_taxes_levied.xlsx,"2022 final roll figures. Homestead parcel count and homestead just and assessed value totals are not published by DOR for this year at county level (the Data Book has no homestead breakout and DOR no longer hosts pre-2026 NAL roll files), so they, the per-homestead average and the tax estimate are left blank."
Charlotte,2023,,,,9890252220,,16.1645,,"FDOR Property Tax Oversight, Data Book: county_overview.xlsx, sheet 'Save Our Homes Value History', column 2023 (latest revision, as carried in the 2026 Data Book) | FDOR Data Book 2023: millage_taxes_levied.xlsx, sheet 'Millage Rates', column 'Total Millage Rate'",https://floridarevenue.com/property/Documents/county_overview.xlsx | https://floridarevenue.com/property/dataportal/Documents/PTO%20Data%20Portal/Databook%20Historical%20Data/2023DataBookFiles/millage_taxes_levied.xlsx,"2023 final roll figures. Homestead parcel count and homestead just and assessed value totals are not published by DOR for this year at county level (the Data Book has no homestead breakout and DOR no longer hosts pre-2026 NAL roll files), so they, the per-homestead average and the tax estimate are left blank."
Charlotte,2024,,,,9369180643,,15.7775,,"FDOR Property Tax Oversight, Data Book: county_overview.xlsx, sheet 'Save Our Homes Value History', column 2024 (latest revision, as carried in the 2026 Data Book) | FDOR Data Book 2024: millage_taxes_levied.xlsx, sheet 'Millage Rates', column 'Total Millage Rate'",https://floridarevenue.com/property/Documents/county_overview.xlsx | https://floridarevenue.com/property/dataportal/Documents/PTO%20Data%20Portal/Databook%20Historical%20Data/2024DataBookFiles/millage_taxes_levied.xlsx,"2024 final roll figures. Homestead parcel count and homestead just and assessed value totals are not published by DOR for this year at county level (the Data Book has no homestead breakout and DOR no longer hosts pre-2026 NAL roll files), so they, the per-homestead average and the tax estimate are left blank."
Charlotte,2025,,,,7029413331,,15.6763,,"FDOR Property Tax Oversight, Data Book: county_overview.xlsx, sheet 'Save Our Homes Value History', column 2025 (latest revision, as carried in the 2026 Data Book) | FDOR Data Book 2025: millage_taxes_levied.xlsx, sheet 'Millage Rates', column 'Total Millage Rate'",https://floridarevenue.com/property/Documents/county_overview.xlsx | https://floridarevenue.com/property/dataportal/Documents/PTO%20Data%20Portal/Databook%20Historical%20Data/2025DataBookFiles/millage_taxes_levied.xlsx,"2025 final roll figures. Homestead parcel count and homestead just and assessed value totals are not published by DOR for this year at county level (the Data Book has no homestead breakout and DOR no longer hosts pre-2026 NAL roll files), so they, the per-homestead average and the tax estimate are left blank."
Charlotte,2026,69832,21979366624,17273693668,4754127923,67386,,1056,"FDOR Property Tax Oversight, Data Book: county_overview.xlsx, sheet 'Save Our Homes Value History', column 2026 (2026 preliminary roll) | FDOR NAL roll file 'Charlotte 18 Preliminary NAL 2026.zip' (Preliminary 2026 roll): parcels with JV_HMSTD > 0; sums of JV_HMSTD and AV_HMSTD | FDOR Data Book 2025: millage_taxes_levied.xlsx 'Total Millage Rate' (used for the 2026 estimate)",https://floridarevenue.com/property/Documents/county_overview.xlsx | https://floridarevenue.com/property/dataportal/Documents/PTO%20Data%20Portal/Tax%20Roll%20Data%20Files/NAL/2026P/Charlotte%2018%20Preliminary%20NAL%202026.zip | https://floridarevenue.com/property/dataportal/Documents/PTO%20Data%20Portal/Databook%20Historical%20Data/2025DataBookFiles/millage_taxes_levied.xlsx,"2026 preliminary roll. Homestead parcels = NAL parcels with JV_HMSTD > 0. avg_soh_differential_per_homestead = (homestead_just_value_total minus homestead_assessed_value_total) / homestead_parcels, all from the NAL; the NAL differential (4,705,672,956) is -1.0% versus the Data Book soh_differential_total. avg_total_millage left blank: 2026 levies are not yet published by DOR. ESTIMATE: est_avg_annual_tax_saved = avg_soh_differential_per_homestead x 2025 DOR Total Millage Rate (15.6763) / 1000."
Citrus,2022,,,,4039416763,,15.1214,,"FDOR Property Tax Oversight, Data Book: county_overview.xlsx, sheet 'Save Our Homes Value History', column 2022 (latest revision, as carried in the 2026 Data Book) | FDOR Data Book 2022: millage_taxes_levied.xlsx, sheet 'Millage Rates', column 'Total Millage Rate'",https://floridarevenue.com/property/Documents/county_overview.xlsx | https://floridarevenue.com/property/dataportal/Documents/PTO%20Data%20Portal/Databook%20Historical%20Data/2022DataBookFiles/millage_taxes_levied.xlsx,"2022 final roll figures. Homestead parcel count and homestead just and assessed value totals are not published by DOR for this year at county level (the Data Book has no homestead breakout and DOR no longer hosts pre-2026 NAL roll files), so they, the per-homestead average and the tax estimate are left blank."
Citrus,2023,,,,5318079125,,15.6656,,"FDOR Property Tax Oversight, Data Book: county_overview.xlsx, sheet 'Save Our Homes Value History', column 2023 (latest revision, as carried in the 2026 Data Book) | FDOR Data Book 2023: millage_taxes_levied.xlsx, sheet 'Millage Rates', column 'Total Millage Rate'",https://floridarevenue.com/property/Documents/county_overview.xlsx | https://floridarevenue.com/property/dataportal/Documents/PTO%20Data%20Portal/Databook%20Historical%20Data/2023DataBookFiles/millage_taxes_levied.xlsx,"2023 final roll figures. Homestead parcel count and homestead just and assessed value totals are not published by DOR for this year at county level (the Data Book has no homestead breakout and DOR no longer hosts pre-2026 NAL roll files), so they, the per-homestead average and the tax estimate are left blank."
Citrus,2024,,,,5366922218,,15.5066,,"FDOR Property Tax Oversight, Data Book: county_overview.xlsx, sheet 'Save Our Homes Value History', column 2024 (latest revision, as carried in the 2026 Data Book) | FDOR Data Book 2024: millage_taxes_levied.xlsx, sheet 'Millage Rates', column 'Total Millage Rate'",https://floridarevenue.com/property/Documents/county_overview.xlsx | https://floridarevenue.com/property/dataportal/Documents/PTO%20Data%20Portal/Databook%20Historical%20Data/2024DataBookFiles/millage_taxes_levied.xlsx,"2024 final roll figures. Homestead parcel count and homestead just and assessed value totals are not published by DOR for this year at county level (the Data Book has no homestead breakout and DOR no longer hosts pre-2026 NAL roll files), so they, the per-homestead average and the tax estimate are left blank."
Citrus,2025,,,,4881762196,,15.4758,,"FDOR Property Tax Oversight, Data Book: county_overview.xlsx, sheet 'Save Our Homes Value History', column 2025 (latest revision, as carried in the 2026 Data Book) | FDOR Data Book 2025: millage_taxes_levied.xlsx, sheet 'Millage Rates', column 'Total Millage Rate'",https://floridarevenue.com/property/Documents/county_overview.xlsx | https://floridarevenue.com/property/dataportal/Documents/PTO%20Data%20Portal/Databook%20Historical%20Data/2025DataBookFiles/millage_taxes_levied.xlsx,"2025 final roll figures. Homestead parcel count and homestead just and assessed value totals are not published by DOR for this year at county level (the Data Book has no homestead breakout and DOR no longer hosts pre-2026 NAL roll files), so they, the per-homestead average and the tax estimate are left blank."
Citrus,2026,56159,14234197662,9782961917,4494783502,79261,,1227,"FDOR Property Tax Oversight, Data Book: county_overview.xlsx, sheet 'Save Our Homes Value History', column 2026 (2026 preliminary roll) | FDOR NAL roll file 'Citrus 19 Final NAL 2026.zip' (Final 2026 roll): parcels with JV_HMSTD > 0; sums of JV_HMSTD and AV_HMSTD | FDOR Data Book 2025: millage_taxes_levied.xlsx 'Total Millage Rate' (used for the 2026 estimate)",https://floridarevenue.com/property/Documents/county_overview.xlsx | https://floridarevenue.com/property/dataportal/Documents/PTO%20Data%20Portal/Tax%20Roll%20Data%20Files/NAL/2026F/Citrus%2019%20Final%20NAL%202026.zip | https://floridarevenue.com/property/dataportal/Documents/PTO%20Data%20Portal/Databook%20Historical%20Data/2025DataBookFiles/millage_taxes_levied.xlsx,"2026 final roll. Homestead parcels = NAL parcels with JV_HMSTD > 0. avg_soh_differential_per_homestead = (homestead_just_value_total minus homestead_assessed_value_total) / homestead_parcels, all from the NAL; the NAL differential (4,451,235,745) is -1.0% versus the Data Book soh_differential_total. avg_total_millage left blank: 2026 levies are not yet published by DOR. ESTIMATE: est_avg_annual_tax_saved = avg_soh_differential_per_homestead x 2025 DOR Total Millage Rate (15.4758) / 1000. Citrus 2026 preliminary NAL is not on the DOR portal; the 2026 final NAL was used."
Clay,2022,,,,4866427316,,15.471,,"FDOR Property Tax Oversight, Data Book: county_overview.xlsx, sheet 'Save Our Homes Value History', column 2022 (latest revision, as carried in the 2026 Data Book) | FDOR Data Book 2022: millage_taxes_levied.xlsx, sheet 'Millage Rates', column 'Total Millage Rate'",https://floridarevenue.com/property/Documents/county_overview.xlsx | https://floridarevenue.com/property/dataportal/Documents/PTO%20Data%20Portal/Databook%20Historical%20Data/2022DataBookFiles/millage_taxes_levied.xlsx,"2022 final roll figures. Homestead parcel count and homestead just and assessed value totals are not published by DOR for this year at county level (the Data Book has no homestead breakout and DOR no longer hosts pre-2026 NAL roll files), so they, the per-homestead average and the tax estimate are left blank."
Clay,2023,,,,6518167006,,15.4428,,"FDOR Property Tax Oversight, Data Book: county_overview.xlsx, sheet 'Save Our Homes Value History', column 2023 (latest revision, as carried in the 2026 Data Book) | FDOR Data Book 2023: millage_taxes_levied.xlsx, sheet 'Millage Rates', column 'Total Millage Rate'",https://floridarevenue.com/property/Documents/county_overview.xlsx | https://floridarevenue.com/property/dataportal/Documents/PTO%20Data%20Portal/Databook%20Historical%20Data/2023DataBookFiles/millage_taxes_levied.xlsx,"2023 final roll figures. Homestead parcel count and homestead just and assessed value totals are not published by DOR for this year at county level (the Data Book has no homestead breakout and DOR no longer hosts pre-2026 NAL roll files), so they, the per-homestead average and the tax estimate are left blank."
Clay,2024,,,,6555641821,,15.2732,,"FDOR Property Tax Oversight, Data Book: county_overview.xlsx, sheet 'Save Our Homes Value History', column 2024 (latest revision, as carried in the 2026 Data Book) | FDOR Data Book 2024: millage_taxes_levied.xlsx, sheet 'Millage Rates', column 'Total Millage Rate'",https://floridarevenue.com/property/Documents/county_overview.xlsx | https://floridarevenue.com/property/dataportal/Documents/PTO%20Data%20Portal/Databook%20Historical%20Data/2024DataBookFiles/millage_taxes_levied.xlsx,"2024 final roll figures. Homestead parcel count and homestead just and assessed value totals are not published by DOR for this year at county level (the Data Book has no homestead breakout and DOR no longer hosts pre-2026 NAL roll files), so they, the per-homestead average and the tax estimate are left blank."
Clay,2025,,,,6510585131,,15.3466,,"FDOR Property Tax Oversight, Data Book: county_overview.xlsx, sheet 'Save Our Homes Value History', column 2025 (latest revision, as carried in the 2026 Data Book) | FDOR Data Book 2025: millage_taxes_levied.xlsx, sheet 'Millage Rates', column 'Total Millage Rate'",https://floridarevenue.com/property/Documents/county_overview.xlsx | https://floridarevenue.com/property/dataportal/Documents/PTO%20Data%20Portal/Databook%20Historical%20Data/2025DataBookFiles/millage_taxes_levied.xlsx,"2025 final roll figures. Homestead parcel count and homestead just and assessed value totals are not published by DOR for this year at county level (the Data Book has no homestead breakout and DOR no longer hosts pre-2026 NAL roll files), so they, the per-homestead average and the tax estimate are left blank."
Clay,2026,60166,19495379294,13507846388,6039570216,99517,,1527,"FDOR Property Tax Oversight, Data Book: county_overview.xlsx, sheet 'Save Our Homes Value History', column 2026 (2026 preliminary roll) | FDOR NAL roll file 'Clay 20 Preliminary NAL 2026.zip' (Preliminary 2026 roll): parcels with JV_HMSTD > 0; sums of JV_HMSTD and AV_HMSTD | FDOR Data Book 2025: millage_taxes_levied.xlsx 'Total Millage Rate' (used for the 2026 estimate)",https://floridarevenue.com/property/Documents/county_overview.xlsx | https://floridarevenue.com/property/dataportal/Documents/PTO%20Data%20Portal/Tax%20Roll%20Data%20Files/NAL/2026P/Clay%2020%20Preliminary%20NAL%202026.zip | https://floridarevenue.com/property/dataportal/Documents/PTO%20Data%20Portal/Databook%20Historical%20Data/2025DataBookFiles/millage_taxes_levied.xlsx,"2026 preliminary roll. Homestead parcels = NAL parcels with JV_HMSTD > 0. avg_soh_differential_per_homestead = (homestead_just_value_total minus homestead_assessed_value_total) / homestead_parcels, all from the NAL; the NAL differential (5,987,532,906) is -0.9% versus the Data Book soh_differential_total. avg_total_millage left blank: 2026 levies are not yet published by DOR. ESTIMATE: est_avg_annual_tax_saved = avg_soh_differential_per_homestead x 2025 DOR Total Millage Rate (15.3466) / 1000."
Collier,2022,,,,31736898889,,10.5791,,"FDOR Property Tax Oversight, Data Book: county_overview.xlsx, sheet 'Save Our Homes Value History', column 2022 (latest revision, as carried in the 2026 Data Book) | FDOR Data Book 2022: millage_taxes_levied.xlsx, sheet 'Millage Rates', column 'Total Millage Rate'",https://floridarevenue.com/property/Documents/county_overview.xlsx | https://floridarevenue.com/property/dataportal/Documents/PTO%20Data%20Portal/Databook%20Historical%20Data/2022DataBookFiles/millage_taxes_levied.xlsx,"2022 final roll figures. Homestead parcel count and homestead just and assessed value totals are not published by DOR for this year at county level (the Data Book has no homestead breakout and DOR no longer hosts pre-2026 NAL roll files), so they, the per-homestead average and the tax estimate are left blank."
Collier,2023,,,,44030120542,,9.9575,,"FDOR Property Tax Oversight, Data Book: county_overview.xlsx, sheet 'Save Our Homes Value History', column 2023 (latest revision, as carried in the 2026 Data Book) | FDOR Data Book 2023: millage_taxes_levied.xlsx, sheet 'Millage Rates', column 'Total Millage Rate'",https://floridarevenue.com/property/Documents/county_overview.xlsx | https://floridarevenue.com/property/dataportal/Documents/PTO%20Data%20Portal/Databook%20Historical%20Data/2023DataBookFiles/millage_taxes_levied.xlsx,"2023 final roll figures. Homestead parcel count and homestead just and assessed value totals are not published by DOR for this year at county level (the Data Book has no homestead breakout and DOR no longer hosts pre-2026 NAL roll files), so they, the per-homestead average and the tax estimate are left blank."
Collier,2024,,,,37711735865,,9.7402,,"FDOR Property Tax Oversight, Data Book: county_overview.xlsx, sheet 'Save Our Homes Value History', column 2024 (latest revision, as carried in the 2026 Data Book) | FDOR Data Book 2024: millage_taxes_levied.xlsx, sheet 'Millage Rates', column 'Total Millage Rate'",https://floridarevenue.com/property/Documents/county_overview.xlsx | https://floridarevenue.com/property/dataportal/Documents/PTO%20Data%20Portal/Databook%20Historical%20Data/2024DataBookFiles/millage_taxes_levied.xlsx,"2024 final roll figures. Homestead parcel count and homestead just and assessed value totals are not published by DOR for this year at county level (the Data Book has no homestead breakout and DOR no longer hosts pre-2026 NAL roll files), so they, the per-homestead average and the tax estimate are left blank."
Collier,2025,,,,35361076354,,9.8185,,"FDOR Property Tax Oversight, Data Book: county_overview.xlsx, sheet 'Save Our Homes Value History', column 2025 (latest revision, as carried in the 2026 Data Book) | FDOR Data Book 2025: millage_taxes_levied.xlsx, sheet 'Millage Rates', column 'Total Millage Rate'",https://floridarevenue.com/property/Documents/county_overview.xlsx | https://floridarevenue.com/property/dataportal/Documents/PTO%20Data%20Portal/Databook%20Historical%20Data/2025DataBookFiles/millage_taxes_levied.xlsx,"2025 final roll figures. Homestead parcel count and homestead just and assessed value totals are not published by DOR for this year at county level (the Data Book has no homestead breakout and DOR no longer hosts pre-2026 NAL roll files), so they, the per-homestead average and the tax estimate are left blank."
Collier,2026,108425,99218699650,71024756424,28288327214,260032,,2553,"FDOR Property Tax Oversight, Data Book: county_overview.xlsx, sheet 'Save Our Homes Value History', column 2026 (2026 preliminary roll) | FDOR NAL roll file 'Collier 21 Preliminary NAL 2026.zip' (Preliminary 2026 roll): parcels with JV_HMSTD > 0; sums of JV_HMSTD and AV_HMSTD | FDOR Data Book 2025: millage_taxes_levied.xlsx 'Total Millage Rate' (used for the 2026 estimate)",https://floridarevenue.com/property/Documents/county_overview.xlsx | https://floridarevenue.com/property/dataportal/Documents/PTO%20Data%20Portal/Tax%20Roll%20Data%20Files/NAL/2026P/Collier%2021%20Preliminary%20NAL%202026.zip | https://floridarevenue.com/property/dataportal/Documents/PTO%20Data%20Portal/Databook%20Historical%20Data/2025DataBookFiles/millage_taxes_levied.xlsx,"2026 preliminary roll. Homestead parcels = NAL parcels with JV_HMSTD > 0. avg_soh_differential_per_homestead = (homestead_just_value_total minus homestead_assessed_value_total) / homestead_parcels, all from the NAL; the NAL differential (28,193,943,226) is -0.3% versus the Data Book soh_differential_total. avg_total_millage left blank: 2026 levies are not yet published by DOR. ESTIMATE: est_avg_annual_tax_saved = avg_soh_differential_per_homestead x 2025 DOR Total Millage Rate (9.8185) / 1000."
Columbia,2022,,,,652943414,,15.0041,,"FDOR Property Tax Oversight, Data Book: county_overview.xlsx, sheet 'Save Our Homes Value History', column 2022 (latest revision, as carried in the 2026 Data Book) | FDOR Data Book 2022: millage_taxes_levied.xlsx, sheet 'Millage Rates', column 'Total Millage Rate'",https://floridarevenue.com/property/Documents/county_overview.xlsx | https://floridarevenue.com/property/dataportal/Documents/PTO%20Data%20Portal/Databook%20Historical%20Data/2022DataBookFiles/millage_taxes_levied.xlsx,"2022 final roll figures. Homestead parcel count and homestead just and assessed value totals are not published by DOR for this year at county level (the Data Book has no homestead breakout and DOR no longer hosts pre-2026 NAL roll files), so they, the per-homestead average and the tax estimate are left blank."
Columbia,2023,,,,936217634,,16.1467,,"FDOR Property Tax Oversight, Data Book: county_overview.xlsx, sheet 'Save Our Homes Value History', column 2023 (latest revision, as carried in the 2026 Data Book) | FDOR Data Book 2023: millage_taxes_levied.xlsx, sheet 'Millage Rates', column 'Total Millage Rate'",https://floridarevenue.com/property/Documents/county_overview.xlsx | https://floridarevenue.com/property/dataportal/Documents/PTO%20Data%20Portal/Databook%20Historical%20Data/2023DataBookFiles/millage_taxes_levied.xlsx,"2023 final roll figures. Homestead parcel count and homestead just and assessed value totals are not published by DOR for this year at county level (the Data Book has no homestead breakout and DOR no longer hosts pre-2026 NAL roll files), so they, the per-homestead average and the tax estimate are left blank."
Columbia,2024,,,,1084822082,,14.7596,,"FDOR Property Tax Oversight, Data Book: county_overview.xlsx, sheet 'Save Our Homes Value History', column 2024 (latest revision, as carried in the 2026 Data Book) | FDOR Data Book 2024: millage_taxes_levied.xlsx, sheet 'Millage Rates', column 'Total Millage Rate'",https://floridarevenue.com/property/Documents/county_overview.xlsx | https://floridarevenue.com/property/dataportal/Documents/PTO%20Data%20Portal/Databook%20Historical%20Data/2024DataBookFiles/millage_taxes_levied.xlsx,"2024 final roll figures. Homestead parcel count and homestead just and assessed value totals are not published by DOR for this year at county level (the Data Book has no homestead breakout and DOR no longer hosts pre-2026 NAL roll files), so they, the per-homestead average and the tax estimate are left blank."
Columbia,2025,,,,1202190929,,14.6841,,"FDOR Property Tax Oversight, Data Book: county_overview.xlsx, sheet 'Save Our Homes Value History', column 2025 (latest revision, as carried in the 2026 Data Book) | FDOR Data Book 2025: millage_taxes_levied.xlsx, sheet 'Millage Rates', column 'Total Millage Rate'",https://floridarevenue.com/property/Documents/county_overview.xlsx | https://floridarevenue.com/property/dataportal/Documents/PTO%20Data%20Portal/Databook%20Historical%20Data/2025DataBookFiles/millage_taxes_levied.xlsx,"2025 final roll figures. Homestead parcel count and homestead just and assessed value totals are not published by DOR for this year at county level (the Data Book has no homestead breakout and DOR no longer hosts pre-2026 NAL roll files), so they, the per-homestead average and the tax estimate are left blank."
Columbia,2026,16809,3674440329,2538852994,1147927743,67558,,992,"FDOR Property Tax Oversight, Data Book: county_overview.xlsx, sheet 'Save Our Homes Value History', column 2026 (2026 preliminary roll) | FDOR NAL roll file 'Columbia 22 Preliminary NAL 2026.zip' (Preliminary 2026 roll): parcels with JV_HMSTD > 0; sums of JV_HMSTD and AV_HMSTD | FDOR Data Book 2025: millage_taxes_levied.xlsx 'Total Millage Rate' (used for the 2026 estimate)",https://floridarevenue.com/property/Documents/county_overview.xlsx | https://floridarevenue.com/property/dataportal/Documents/PTO%20Data%20Portal/Tax%20Roll%20Data%20Files/NAL/2026P/Columbia%2022%20Preliminary%20NAL%202026.zip | https://floridarevenue.com/property/dataportal/Documents/PTO%20Data%20Portal/Databook%20Historical%20Data/2025DataBookFiles/millage_taxes_levied.xlsx,"2026 preliminary roll. Homestead parcels = NAL parcels with JV_HMSTD > 0. avg_soh_differential_per_homestead = (homestead_just_value_total minus homestead_assessed_value_total) / homestead_parcels, all from the NAL; the NAL differential (1,135,587,335) is -1.1% versus the Data Book soh_differential_total. avg_total_millage left blank: 2026 levies are not yet published by DOR. ESTIMATE: est_avg_annual_tax_saved = avg_soh_differential_per_homestead x 2025 DOR Total Millage Rate (14.6841) / 1000."
DeSoto,2022,,,,609662310,,16.6847,,"FDOR Property Tax Oversight, Data Book: county_overview.xlsx, sheet 'Save Our Homes Value History', column 2022 (latest revision, as carried in the 2026 Data Book) | FDOR Data Book 2022: millage_taxes_levied.xlsx, sheet 'Millage Rates', column 'Total Millage Rate'",https://floridarevenue.com/property/Documents/county_overview.xlsx | https://floridarevenue.com/property/dataportal/Documents/PTO%20Data%20Portal/Databook%20Historical%20Data/2022DataBookFiles/millage_taxes_levied.xlsx,"2022 final roll figures. Homestead parcel count and homestead just and assessed value totals are not published by DOR for this year at county level (the Data Book has no homestead breakout and DOR no longer hosts pre-2026 NAL roll files), so they, the per-homestead average and the tax estimate are left blank."
DeSoto,2023,,,,602939404,,16.5391,,"FDOR Property Tax Oversight, Data Book: county_overview.xlsx, sheet 'Save Our Homes Value History', column 2023 (latest revision, as carried in the 2026 Data Book) | FDOR Data Book 2023: millage_taxes_levied.xlsx, sheet 'Millage Rates', column 'Total Millage Rate'",https://floridarevenue.com/property/Documents/county_overview.xlsx | https://floridarevenue.com/property/dataportal/Documents/PTO%20Data%20Portal/Databook%20Historical%20Data/2023DataBookFiles/millage_taxes_levied.xlsx,"2023 final roll figures. Homestead parcel count and homestead just and assessed value totals are not published by DOR for this year at county level (the Data Book has no homestead breakout and DOR no longer hosts pre-2026 NAL roll files), so they, the per-homestead average and the tax estimate are left blank."
DeSoto,2024,,,,647366686,,16.2845,,"FDOR Property Tax Oversight, Data Book: county_overview.xlsx, sheet 'Save Our Homes Value History', column 2024 (latest revision, as carried in the 2026 Data Book) | FDOR Data Book 2024: millage_taxes_levied.xlsx, sheet 'Millage Rates', column 'Total Millage Rate'",https://floridarevenue.com/property/Documents/county_overview.xlsx | https://floridarevenue.com/property/dataportal/Documents/PTO%20Data%20Portal/Databook%20Historical%20Data/2024DataBookFiles/millage_taxes_levied.xlsx,"2024 final roll figures. Homestead parcel count and homestead just and assessed value totals are not published by DOR for this year at county level (the Data Book has no homestead breakout and DOR no longer hosts pre-2026 NAL roll files), so they, the per-homestead average and the tax estimate are left blank."
DeSoto,2025,,,,653943531,,15.9319,,"FDOR Property Tax Oversight, Data Book: county_overview.xlsx, sheet 'Save Our Homes Value History', column 2025 (latest revision, as carried in the 2026 Data Book) | FDOR Data Book 2025: millage_taxes_levied.xlsx, sheet 'Millage Rates', column 'Total Millage Rate'",https://floridarevenue.com/property/Documents/county_overview.xlsx | https://floridarevenue.com/property/dataportal/Documents/PTO%20Data%20Portal/Databook%20Historical%20Data/2025DataBookFiles/millage_taxes_levied.xlsx,"2025 final roll figures. Homestead parcel count and homestead just and assessed value totals are not published by DOR for this year at county level (the Data Book has no homestead breakout and DOR no longer hosts pre-2026 NAL roll files), so they, the per-homestead average and the tax estimate are left blank."
DeSoto,2026,6415,1617180056,1004664684,616648911,95482,,1521,"FDOR Property Tax Oversight, Data Book: county_overview.xlsx, sheet 'Save Our Homes Value History', column 2026 (2026 preliminary roll) | FDOR NAL roll file 'DeSoto 24 Preliminary NAL 2026.zip' (Preliminary 2026 roll): parcels with JV_HMSTD > 0; sums of JV_HMSTD and AV_HMSTD | FDOR Data Book 2025: millage_taxes_levied.xlsx 'Total Millage Rate' (used for the 2026 estimate)",https://floridarevenue.com/property/Documents/county_overview.xlsx | https://floridarevenue.com/property/dataportal/Documents/PTO%20Data%20Portal/Tax%20Roll%20Data%20Files/NAL/2026P/DeSoto%2024%20Preliminary%20NAL%202026.zip | https://floridarevenue.com/property/dataportal/Documents/PTO%20Data%20Portal/Databook%20Historical%20Data/2025DataBookFiles/millage_taxes_levied.xlsx,"2026 preliminary roll. Homestead parcels = NAL parcels with JV_HMSTD > 0. avg_soh_differential_per_homestead = (homestead_just_value_total minus homestead_assessed_value_total) / homestead_parcels, all from the NAL; the NAL differential (612,515,372) is -0.7% versus the Data Book soh_differential_total. avg_total_millage left blank: 2026 levies are not yet published by DOR. ESTIMATE: est_avg_annual_tax_saved = avg_soh_differential_per_homestead x 2025 DOR Total Millage Rate (15.9319) / 1000."
Dixie,2022,,,,116915797,,19.7969,,"FDOR Property Tax Oversight, Data Book: county_overview.xlsx, sheet 'Save Our Homes Value History', column 2022 (latest revision, as carried in the 2026 Data Book) | FDOR Data Book 2022: millage_taxes_levied.xlsx, sheet 'Millage Rates', column 'Total Millage Rate'",https://floridarevenue.com/property/Documents/county_overview.xlsx | https://floridarevenue.com/property/dataportal/Documents/PTO%20Data%20Portal/Databook%20Historical%20Data/2022DataBookFiles/millage_taxes_levied.xlsx,"2022 final roll figures. Homestead parcel count and homestead just and assessed value totals are not published by DOR for this year at county level (the Data Book has no homestead breakout and DOR no longer hosts pre-2026 NAL roll files), so they, the per-homestead average and the tax estimate are left blank."
Dixie,2023,,,,148788443,,19.8051,,"FDOR Property Tax Oversight, Data Book: county_overview.xlsx, sheet 'Save Our Homes Value History', column 2023 (latest revision, as carried in the 2026 Data Book) | FDOR Data Book 2023: millage_taxes_levied.xlsx, sheet 'Millage Rates', column 'Total Millage Rate'",https://floridarevenue.com/property/Documents/county_overview.xlsx | https://floridarevenue.com/property/dataportal/Documents/PTO%20Data%20Portal/Databook%20Historical%20Data/2023DataBookFiles/millage_taxes_levied.xlsx,"2023 final roll figures. Homestead parcel count and homestead just and assessed value totals are not published by DOR for this year at county level (the Data Book has no homestead breakout and DOR no longer hosts pre-2026 NAL roll files), so they, the per-homestead average and the tax estimate are left blank."
Dixie,2024,,,,183871405,,19.6363,,"FDOR Property Tax Oversight, Data Book: county_overview.xlsx, sheet 'Save Our Homes Value History', column 2024 (latest revision, as carried in the 2026 Data Book) | FDOR Data Book 2024: millage_taxes_levied.xlsx, sheet 'Millage Rates', column 'Total Millage Rate'",https://floridarevenue.com/property/Documents/county_overview.xlsx | https://floridarevenue.com/property/dataportal/Documents/PTO%20Data%20Portal/Databook%20Historical%20Data/2024DataBookFiles/millage_taxes_levied.xlsx,"2024 final roll figures. Homestead parcel count and homestead just and assessed value totals are not published by DOR for this year at county level (the Data Book has no homestead breakout and DOR no longer hosts pre-2026 NAL roll files), so they, the per-homestead average and the tax estimate are left blank."
Dixie,2025,,,,186013814,,19.8732,,"FDOR Property Tax Oversight, Data Book: county_overview.xlsx, sheet 'Save Our Homes Value History', column 2025 (latest revision, as carried in the 2026 Data Book) | FDOR Data Book 2025: millage_taxes_levied.xlsx, sheet 'Millage Rates', column 'Total Millage Rate'",https://floridarevenue.com/property/Documents/county_overview.xlsx | https://floridarevenue.com/property/dataportal/Documents/PTO%20Data%20Portal/Databook%20Historical%20Data/2025DataBookFiles/millage_taxes_levied.xlsx,"2025 final roll figures. Homestead parcel count and homestead just and assessed value totals are not published by DOR for this year at county level (the Data Book has no homestead breakout and DOR no longer hosts pre-2026 NAL roll files), so they, the per-homestead average and the tax estimate are left blank."
Dixie,2026,4912,548890980,373339207,175729273,35739,,710,"FDOR Property Tax Oversight, Data Book: county_overview.xlsx, sheet 'Save Our Homes Value History', column 2026 (2026 preliminary roll) | FDOR NAL roll file 'Dixie 25 Preliminary NAL 2026.zip' (Preliminary 2026 roll): parcels with JV_HMSTD > 0; sums of JV_HMSTD and AV_HMSTD | FDOR Data Book 2025: millage_taxes_levied.xlsx 'Total Millage Rate' (used for the 2026 estimate)",https://floridarevenue.com/property/Documents/county_overview.xlsx | https://floridarevenue.com/property/dataportal/Documents/PTO%20Data%20Portal/Tax%20Roll%20Data%20Files/NAL/2026P/Dixie%2025%20Preliminary%20NAL%202026.zip | https://floridarevenue.com/property/dataportal/Documents/PTO%20Data%20Portal/Databook%20Historical%20Data/2025DataBookFiles/millage_taxes_levied.xlsx,"2026 preliminary roll. Homestead parcels = NAL parcels with JV_HMSTD > 0. avg_soh_differential_per_homestead = (homestead_just_value_total minus homestead_assessed_value_total) / homestead_parcels, all from the NAL; the NAL differential (175,551,773) is -0.1% versus the Data Book soh_differential_total. avg_total_millage left blank: 2026 levies are not yet published by DOR. ESTIMATE: est_avg_annual_tax_saved = avg_soh_differential_per_homestead x 2025 DOR Total Millage Rate (19.8732) / 1000."
Duval,2022,,,,20089477523,,17.0679,,"FDOR Property Tax Oversight, Data Book: county_overview.xlsx, sheet 'Save Our Homes Value History', column 2022 (latest revision, as carried in the 2026 Data Book) | FDOR Data Book 2022: millage_taxes_levied.xlsx, sheet 'Millage Rates', column 'Total Millage Rate'",https://floridarevenue.com/property/Documents/county_overview.xlsx | https://floridarevenue.com/property/dataportal/Documents/PTO%20Data%20Portal/Databook%20Historical%20Data/2022DataBookFiles/millage_taxes_levied.xlsx,"2022 final roll figures. Homestead parcel count and homestead just and assessed value totals are not published by DOR for this year at county level (the Data Book has no homestead breakout and DOR no longer hosts pre-2026 NAL roll files), so they, the per-homestead average and the tax estimate are left blank."
Duval,2023,,,,24576037179,,17.9818,,"FDOR Property Tax Oversight, Data Book: county_overview.xlsx, sheet 'Save Our Homes Value History', column 2023 (latest revision, as carried in the 2026 Data Book) | FDOR Data Book 2023: millage_taxes_levied.xlsx, sheet 'Millage Rates', column 'Total Millage Rate'",https://floridarevenue.com/property/Documents/county_overview.xlsx | https://floridarevenue.com/property/dataportal/Documents/PTO%20Data%20Portal/Databook%20Historical%20Data/2023DataBookFiles/millage_taxes_levied.xlsx,"2023 final roll figures. Homestead parcel count and homestead just and assessed value totals are not published by DOR for this year at county level (the Data Book has no homestead breakout and DOR no longer hosts pre-2026 NAL roll files), so they, the per-homestead average and the tax estimate are left blank."
Duval,2024,,,,24442197252,,17.8913,,"FDOR Property Tax Oversight, Data Book: county_overview.xlsx, sheet 'Save Our Homes Value History', column 2024 (latest revision, as carried in the 2026 Data Book) | FDOR Data Book 2024: millage_taxes_levied.xlsx, sheet 'Millage Rates', column 'Total Millage Rate'",https://floridarevenue.com/property/Documents/county_overview.xlsx | https://floridarevenue.com/property/dataportal/Documents/PTO%20Data%20Portal/Databook%20Historical%20Data/2024DataBookFiles/millage_taxes_levied.xlsx,"2024 final roll figures. Homestead parcel count and homestead just and assessed value totals are not published by DOR for this year at county level (the Data Book has no homestead breakout and DOR no longer hosts pre-2026 NAL roll files), so they, the per-homestead average and the tax estimate are left blank."
Duval,2025,,,,25071786893,,17.891,,"FDOR Property Tax Oversight, Data Book: county_overview.xlsx, sheet 'Save Our Homes Value History', column 2025 (latest revision, as carried in the 2026 Data Book) | FDOR Data Book 2025: millage_taxes_levied.xlsx, sheet 'Millage Rates', column 'Total Millage Rate'",https://floridarevenue.com/property/Documents/county_overview.xlsx | https://floridarevenue.com/property/dataportal/Documents/PTO%20Data%20Portal/Databook%20Historical%20Data/2025DataBookFiles/millage_taxes_levied.xlsx,"2025 final roll figures. Homestead parcel count and homestead just and assessed value totals are not published by DOR for this year at county level (the Data Book has no homestead breakout and DOR no longer hosts pre-2026 NAL roll files), so they, the per-homestead average and the tax estimate are left blank."
Duval,2026,212984,75027901501,51266291980,23931843746,111565,,1996,"FDOR Property Tax Oversight, Data Book: county_overview.xlsx, sheet 'Save Our Homes Value History', column 2026 (2026 preliminary roll) | FDOR NAL roll file 'Duval 26 Preliminary NAL 2026.zip' (Preliminary 2026 roll): parcels with JV_HMSTD > 0; sums of JV_HMSTD and AV_HMSTD | FDOR Data Book 2025: millage_taxes_levied.xlsx 'Total Millage Rate' (used for the 2026 estimate)",https://floridarevenue.com/property/Documents/county_overview.xlsx | https://floridarevenue.com/property/dataportal/Documents/PTO%20Data%20Portal/Tax%20Roll%20Data%20Files/NAL/2026P/Duval%2026%20Preliminary%20NAL%202026.zip | https://floridarevenue.com/property/dataportal/Documents/PTO%20Data%20Portal/Databook%20Historical%20Data/2025DataBookFiles/millage_taxes_levied.xlsx,"2026 preliminary roll. Homestead parcels = NAL parcels with JV_HMSTD > 0. avg_soh_differential_per_homestead = (homestead_just_value_total minus homestead_assessed_value_total) / homestead_parcels, all from the NAL; the NAL differential (23,761,609,521) is -0.7% versus the Data Book soh_differential_total. avg_total_millage left blank: 2026 levies are not yet published by DOR. ESTIMATE: est_avg_annual_tax_saved = avg_soh_differential_per_homestead x 2025 DOR Total Millage Rate (17.891) / 1000."
Escambia,2022,,,,5647418568,,14.1623,,"FDOR Property Tax Oversight, Data Book: county_overview.xlsx, sheet 'Save Our Homes Value History', column 2022 (latest revision, as carried in the 2026 Data Book) | FDOR Data Book 2022: millage_taxes_levied.xlsx, sheet 'Millage Rates', column 'Total Millage Rate'",https://floridarevenue.com/property/Documents/county_overview.xlsx | https://floridarevenue.com/property/dataportal/Documents/PTO%20Data%20Portal/Databook%20Historical%20Data/2022DataBookFiles/millage_taxes_levied.xlsx,"2022 final roll figures. Homestead parcel count and homestead just and assessed value totals are not published by DOR for this year at county level (the Data Book has no homestead breakout and DOR no longer hosts pre-2026 NAL roll files), so they, the per-homestead average and the tax estimate are left blank."
Escambia,2023,,,,7105868313,,14.0105,,"FDOR Property Tax Oversight, Data Book: county_overview.xlsx, sheet 'Save Our Homes Value History', column 2023 (latest revision, as carried in the 2026 Data Book) | FDOR Data Book 2023: millage_taxes_levied.xlsx, sheet 'Millage Rates', column 'Total Millage Rate'",https://floridarevenue.com/property/Documents/county_overview.xlsx | https://floridarevenue.com/property/dataportal/Documents/PTO%20Data%20Portal/Databook%20Historical%20Data/2023DataBookFiles/millage_taxes_levied.xlsx,"2023 final roll figures. Homestead parcel count and homestead just and assessed value totals are not published by DOR for this year at county level (the Data Book has no homestead breakout and DOR no longer hosts pre-2026 NAL roll files), so they, the per-homestead average and the tax estimate are left blank."
Escambia,2024,,,,7326512973,,13.6696,,"FDOR Property Tax Oversight, Data Book: county_overview.xlsx, sheet 'Save Our Homes Value History', column 2024 (latest revision, as carried in the 2026 Data Book) | FDOR Data Book 2024: millage_taxes_levied.xlsx, sheet 'Millage Rates', column 'Total Millage Rate'",https://floridarevenue.com/property/Documents/county_overview.xlsx | https://floridarevenue.com/property/dataportal/Documents/PTO%20Data%20Portal/Databook%20Historical%20Data/2024DataBookFiles/millage_taxes_levied.xlsx,"2024 final roll figures. Homestead parcel count and homestead just and assessed value totals are not published by DOR for this year at county level (the Data Book has no homestead breakout and DOR no longer hosts pre-2026 NAL roll files), so they, the per-homestead average and the tax estimate are left blank."
Escambia,2025,,,,6979512313,,14.1316,,"FDOR Property Tax Oversight, Data Book: county_overview.xlsx, sheet 'Save Our Homes Value History', column 2025 (latest revision, as carried in the 2026 Data Book) | FDOR Data Book 2025: millage_taxes_levied.xlsx, sheet 'Millage Rates', column 'Total Millage Rate'",https://floridarevenue.com/property/Documents/county_overview.xlsx | https://floridarevenue.com/property/dataportal/Documents/PTO%20Data%20Portal/Databook%20Historical%20Data/2025DataBookFiles/millage_taxes_levied.xlsx,"2025 final roll figures. Homestead parcel count and homestead just and assessed value totals are not published by DOR for this year at county level (the Data Book has no homestead breakout and DOR no longer hosts pre-2026 NAL roll files), so they, the per-homestead average and the tax estimate are left blank."
Escambia,2026,76258,21527841433,14872990948,6699156679,87268,,1233,"FDOR Property Tax Oversight, Data Book: county_overview.xlsx, sheet 'Save Our Homes Value History', column 2026 (2026 preliminary roll) | FDOR NAL roll file 'Escambia 27 Preliminary NAL 2026.zip' (Preliminary 2026 roll): parcels with JV_HMSTD > 0; sums of JV_HMSTD and AV_HMSTD | FDOR Data Book 2025: millage_taxes_levied.xlsx 'Total Millage Rate' (used for the 2026 estimate)",https://floridarevenue.com/property/Documents/county_overview.xlsx | https://floridarevenue.com/property/dataportal/Documents/PTO%20Data%20Portal/Tax%20Roll%20Data%20Files/NAL/2026P/Escambia%2027%20Preliminary%20NAL%202026.zip | https://floridarevenue.com/property/dataportal/Documents/PTO%20Data%20Portal/Databook%20Historical%20Data/2025DataBookFiles/millage_taxes_levied.xlsx,"2026 preliminary roll. Homestead parcels = NAL parcels with JV_HMSTD > 0. avg_soh_differential_per_homestead = (homestead_just_value_total minus homestead_assessed_value_total) / homestead_parcels, all from the NAL; the NAL differential (6,654,850,485) is -0.7% versus the Data Book soh_differential_total. avg_total_millage left blank: 2026 levies are not yet published by DOR. ESTIMATE: est_avg_annual_tax_saved = avg_soh_differential_per_homestead x 2025 DOR Total Millage Rate (14.1316) / 1000."
Flagler,2022,,,,4565877013,,17.7911,,"FDOR Property Tax Oversight, Data Book: county_overview.xlsx, sheet 'Save Our Homes Value History', column 2022 (latest revision, as carried in the 2026 Data Book) | FDOR Data Book 2022: millage_taxes_levied.xlsx, sheet 'Millage Rates', column 'Total Millage Rate'",https://floridarevenue.com/property/Documents/county_overview.xlsx | https://floridarevenue.com/property/dataportal/Documents/PTO%20Data%20Portal/Databook%20Historical%20Data/2022DataBookFiles/millage_taxes_levied.xlsx,"2022 final roll figures. Homestead parcel count and homestead just and assessed value totals are not published by DOR for this year at county level (the Data Book has no homestead breakout and DOR no longer hosts pre-2026 NAL roll files), so they, the per-homestead average and the tax estimate are left blank."
Flagler,2023,,,,4767946539,,17.4453,,"FDOR Property Tax Oversight, Data Book: county_overview.xlsx, sheet 'Save Our Homes Value History', column 2023 (latest revision, as carried in the 2026 Data Book) | FDOR Data Book 2023: millage_taxes_levied.xlsx, sheet 'Millage Rates', column 'Total Millage Rate'",https://floridarevenue.com/property/Documents/county_overview.xlsx | https://floridarevenue.com/property/dataportal/Documents/PTO%20Data%20Portal/Databook%20Historical%20Data/2023DataBookFiles/millage_taxes_levied.xlsx,"2023 final roll figures. Homestead parcel count and homestead just and assessed value totals are not published by DOR for this year at county level (the Data Book has no homestead breakout and DOR no longer hosts pre-2026 NAL roll files), so they, the per-homestead average and the tax estimate are left blank."
Flagler,2024,,,,4903800711,,17.2605,,"FDOR Property Tax Oversight, Data Book: county_overview.xlsx, sheet 'Save Our Homes Value History', column 2024 (latest revision, as carried in the 2026 Data Book) | FDOR Data Book 2024: millage_taxes_levied.xlsx, sheet 'Millage Rates', column 'Total Millage Rate'",https://floridarevenue.com/property/Documents/county_overview.xlsx | https://floridarevenue.com/property/dataportal/Documents/PTO%20Data%20Portal/Databook%20Historical%20Data/2024DataBookFiles/millage_taxes_levied.xlsx,"2024 final roll figures. Homestead parcel count and homestead just and assessed value totals are not published by DOR for this year at county level (the Data Book has no homestead breakout and DOR no longer hosts pre-2026 NAL roll files), so they, the per-homestead average and the tax estimate are left blank."
Flagler,2025,,,,4599038439,,17.1551,,"FDOR Property Tax Oversight, Data Book: county_overview.xlsx, sheet 'Save Our Homes Value History', column 2025 (latest revision, as carried in the 2026 Data Book) | FDOR Data Book 2025: millage_taxes_levied.xlsx, sheet 'Millage Rates', column 'Total Millage Rate'",https://floridarevenue.com/property/Documents/county_overview.xlsx | https://floridarevenue.com/property/dataportal/Documents/PTO%20Data%20Portal/Databook%20Historical%20Data/2025DataBookFiles/millage_taxes_levied.xlsx,"2025 final roll figures. Homestead parcel count and homestead just and assessed value totals are not published by DOR for this year at county level (the Data Book has no homestead breakout and DOR no longer hosts pre-2026 NAL roll files), so they, the per-homestead average and the tax estimate are left blank."
Flagler,2026,43657,15436768892,11856577891,3636221310,82007,,1407,"FDOR Property Tax Oversight, Data Book: county_overview.xlsx, sheet 'Save Our Homes Value History', column 2026 (2026 preliminary roll) | FDOR NAL roll file 'Flagler 28 Preliminary NAL 2026.zip' (Preliminary 2026 roll): parcels with JV_HMSTD > 0; sums of JV_HMSTD and AV_HMSTD | FDOR Data Book 2025: millage_taxes_levied.xlsx 'Total Millage Rate' (used for the 2026 estimate)",https://floridarevenue.com/property/Documents/county_overview.xlsx | https://floridarevenue.com/property/dataportal/Documents/PTO%20Data%20Portal/Tax%20Roll%20Data%20Files/NAL/2026P/Flagler%2028%20Preliminary%20NAL%202026.zip | https://floridarevenue.com/property/dataportal/Documents/PTO%20Data%20Portal/Databook%20Historical%20Data/2025DataBookFiles/millage_taxes_levied.xlsx,"2026 preliminary roll. Homestead parcels = NAL parcels with JV_HMSTD > 0. avg_soh_differential_per_homestead = (homestead_just_value_total minus homestead_assessed_value_total) / homestead_parcels, all from the NAL; the NAL differential (3,580,191,001) is -1.5% versus the Data Book soh_differential_total. avg_total_millage left blank: 2026 levies are not yet published by DOR. ESTIMATE: est_avg_annual_tax_saved = avg_soh_differential_per_homestead x 2025 DOR Total Millage Rate (17.1551) / 1000."
Franklin,2022,,,,258013629,,11.3423,,"FDOR Property Tax Oversight, Data Book: county_overview.xlsx, sheet 'Save Our Homes Value History', column 2022 (latest revision, as carried in the 2026 Data Book) | FDOR Data Book 2022: millage_taxes_levied.xlsx, sheet 'Millage Rates', column 'Total Millage Rate'",https://floridarevenue.com/property/Documents/county_overview.xlsx | https://floridarevenue.com/property/dataportal/Documents/PTO%20Data%20Portal/Databook%20Historical%20Data/2022DataBookFiles/millage_taxes_levied.xlsx,"2022 final roll figures. Homestead parcel count and homestead just and assessed value totals are not published by DOR for this year at county level (the Data Book has no homestead breakout and DOR no longer hosts pre-2026 NAL roll files), so they, the per-homestead average and the tax estimate are left blank."
Franklin,2023,,,,398505337,,11.1051,,"FDOR Property Tax Oversight, Data Book: county_overview.xlsx, sheet 'Save Our Homes Value History', column 2023 (latest revision, as carried in the 2026 Data Book) | FDOR Data Book 2023: millage_taxes_levied.xlsx, sheet 'Millage Rates', column 'Total Millage Rate'",https://floridarevenue.com/property/Documents/county_overview.xlsx | https://floridarevenue.com/property/dataportal/Documents/PTO%20Data%20Portal/Databook%20Historical%20Data/2023DataBookFiles/millage_taxes_levied.xlsx,"2023 final roll figures. Homestead parcel count and homestead just and assessed value totals are not published by DOR for this year at county level (the Data Book has no homestead breakout and DOR no longer hosts pre-2026 NAL roll files), so they, the per-homestead average and the tax estimate are left blank."
Franklin,2024,,,,520889885,,10.6975,,"FDOR Property Tax Oversight, Data Book: county_overview.xlsx, sheet 'Save Our Homes Value History', column 2024 (latest revision, as carried in the 2026 Data Book) | FDOR Data Book 2024: millage_taxes_levied.xlsx, sheet 'Millage Rates', column 'Total Millage Rate'",https://floridarevenue.com/property/Documents/county_overview.xlsx | https://floridarevenue.com/property/dataportal/Documents/PTO%20Data%20Portal/Databook%20Historical%20Data/2024DataBookFiles/millage_taxes_levied.xlsx,"2024 final roll figures. Homestead parcel count and homestead just and assessed value totals are not published by DOR for this year at county level (the Data Book has no homestead breakout and DOR no longer hosts pre-2026 NAL roll files), so they, the per-homestead average and the tax estimate are left blank."
Franklin,2025,,,,468600977,,10.6003,,"FDOR Property Tax Oversight, Data Book: county_overview.xlsx, sheet 'Save Our Homes Value History', column 2025 (latest revision, as carried in the 2026 Data Book) | FDOR Data Book 2025: millage_taxes_levied.xlsx, sheet 'Millage Rates', column 'Total Millage Rate'",https://floridarevenue.com/property/Documents/county_overview.xlsx | https://floridarevenue.com/property/dataportal/Documents/PTO%20Data%20Portal/Databook%20Historical%20Data/2025DataBookFiles/millage_taxes_levied.xlsx,"2025 final roll figures. Homestead parcel count and homestead just and assessed value totals are not published by DOR for this year at county level (the Data Book has no homestead breakout and DOR no longer hosts pre-2026 NAL roll files), so they, the per-homestead average and the tax estimate are left blank."
Franklin,2026,3471,1229183618,780133145,450035512,129372,,1371,"FDOR Property Tax Oversight, Data Book: county_overview.xlsx, sheet 'Save Our Homes Value History', column 2026 (2026 preliminary roll) | FDOR NAL roll file 'Franklin 29 Preliminary NAL 2026.zip' (Preliminary 2026 roll): parcels with JV_HMSTD > 0; sums of JV_HMSTD and AV_HMSTD | FDOR Data Book 2025: millage_taxes_levied.xlsx 'Total Millage Rate' (used for the 2026 estimate)",https://floridarevenue.com/property/Documents/county_overview.xlsx | https://floridarevenue.com/property/dataportal/Documents/PTO%20Data%20Portal/Tax%20Roll%20Data%20Files/NAL/2026P/Franklin%2029%20Preliminary%20NAL%202026.zip | https://floridarevenue.com/property/dataportal/Documents/PTO%20Data%20Portal/Databook%20Historical%20Data/2025DataBookFiles/millage_taxes_levied.xlsx,"2026 preliminary roll. Homestead parcels = NAL parcels with JV_HMSTD > 0. avg_soh_differential_per_homestead = (homestead_just_value_total minus homestead_assessed_value_total) / homestead_parcels, all from the NAL; the NAL differential (449,050,473) is -0.2% versus the Data Book soh_differential_total. avg_total_millage left blank: 2026 levies are not yet published by DOR. ESTIMATE: est_avg_annual_tax_saved = avg_soh_differential_per_homestead x 2025 DOR Total Millage Rate (10.6003) / 1000."
Gadsden,2022,,,,334701497,,16.359,,"FDOR Property Tax Oversight, Data Book: county_overview.xlsx, sheet 'Save Our Homes Value History', column 2022 (latest revision, as carried in the 2026 Data Book) | FDOR Data Book 2022: millage_taxes_levied.xlsx, sheet 'Millage Rates', column 'Total Millage Rate'",https://floridarevenue.com/property/Documents/county_overview.xlsx | https://floridarevenue.com/property/dataportal/Documents/PTO%20Data%20Portal/Databook%20Historical%20Data/2022DataBookFiles/millage_taxes_levied.xlsx,"2022 final roll figures. Homestead parcel count and homestead just and assessed value totals are not published by DOR for this year at county level (the Data Book has no homestead breakout and DOR no longer hosts pre-2026 NAL roll files), so they, the per-homestead average and the tax estimate are left blank."
Gadsden,2023,,,,435859803,,16.2788,,"FDOR Property Tax Oversight, Data Book: county_overview.xlsx, sheet 'Save Our Homes Value History', column 2023 (latest revision, as carried in the 2026 Data Book) | FDOR Data Book 2023: millage_taxes_levied.xlsx, sheet 'Millage Rates', column 'Total Millage Rate'",https://floridarevenue.com/property/Documents/county_overview.xlsx | https://floridarevenue.com/property/dataportal/Documents/PTO%20Data%20Portal/Databook%20Historical%20Data/2023DataBookFiles/millage_taxes_levied.xlsx,"2023 final roll figures. Homestead parcel count and homestead just and assessed value totals are not published by DOR for this year at county level (the Data Book has no homestead breakout and DOR no longer hosts pre-2026 NAL roll files), so they, the per-homestead average and the tax estimate are left blank."
Gadsden,2024,,,,518171586,,16.2562,,"FDOR Property Tax Oversight, Data Book: county_overview.xlsx, sheet 'Save Our Homes Value History', column 2024 (latest revision, as carried in the 2026 Data Book) | FDOR Data Book 2024: millage_taxes_levied.xlsx, sheet 'Millage Rates', column 'Total Millage Rate'",https://floridarevenue.com/property/Documents/county_overview.xlsx | https://floridarevenue.com/property/dataportal/Documents/PTO%20Data%20Portal/Databook%20Historical%20Data/2024DataBookFiles/millage_taxes_levied.xlsx,"2024 final roll figures. Homestead parcel count and homestead just and assessed value totals are not published by DOR for this year at county level (the Data Book has no homestead breakout and DOR no longer hosts pre-2026 NAL roll files), so they, the per-homestead average and the tax estimate are left blank."
Gadsden,2025,,,,477301681,,16.1423,,"FDOR Property Tax Oversight, Data Book: county_overview.xlsx, sheet 'Save Our Homes Value History', column 2025 (latest revision, as carried in the 2026 Data Book) | FDOR Data Book 2025: millage_taxes_levied.xlsx, sheet 'Millage Rates', column 'Total Millage Rate'",https://floridarevenue.com/property/Documents/county_overview.xlsx | https://floridarevenue.com/property/dataportal/Documents/PTO%20Data%20Portal/Databook%20Historical%20Data/2025DataBookFiles/millage_taxes_levied.xlsx,"2025 final roll figures. Homestead parcel count and homestead just and assessed value totals are not published by DOR for this year at county level (the Data Book has no homestead breakout and DOR no longer hosts pre-2026 NAL roll files), so they, the per-homestead average and the tax estimate are left blank."
Gadsden,2026,10381,1684354827,1241076073,452424605,42701,,689,"FDOR Property Tax Oversight, Data Book: county_overview.xlsx, sheet 'Save Our Homes Value History', column 2026 (2026 preliminary roll) | FDOR NAL roll file 'Gadsden 30 Preliminary NAL 2026.zip' (Preliminary 2026 roll): parcels with JV_HMSTD > 0; sums of JV_HMSTD and AV_HMSTD | FDOR Data Book 2025: millage_taxes_levied.xlsx 'Total Millage Rate' (used for the 2026 estimate)",https://floridarevenue.com/property/Documents/county_overview.xlsx | https://floridarevenue.com/property/dataportal/Documents/PTO%20Data%20Portal/Tax%20Roll%20Data%20Files/NAL/2026P/Gadsden%2030%20Preliminary%20NAL%202026.zip | https://floridarevenue.com/property/dataportal/Documents/PTO%20Data%20Portal/Databook%20Historical%20Data/2025DataBookFiles/millage_taxes_levied.xlsx,"2026 preliminary roll. Homestead parcels = NAL parcels with JV_HMSTD > 0. avg_soh_differential_per_homestead = (homestead_just_value_total minus homestead_assessed_value_total) / homestead_parcels, all from the NAL; the NAL differential (443,278,754) is -2.0% versus the Data Book soh_differential_total. avg_total_millage left blank: 2026 levies are not yet published by DOR. ESTIMATE: est_avg_annual_tax_saved = avg_soh_differential_per_homestead x 2025 DOR Total Millage Rate (16.1423) / 1000."
Gilchrist,2022,,,,213478116,,15.9496,,"FDOR Property Tax Oversight, Data Book: county_overview.xlsx, sheet 'Save Our Homes Value History', column 2022 (latest revision, as carried in the 2026 Data Book) | FDOR Data Book 2022: millage_taxes_levied.xlsx, sheet 'Millage Rates', column 'Total Millage Rate'",https://floridarevenue.com/property/Documents/county_overview.xlsx | https://floridarevenue.com/property/dataportal/Documents/PTO%20Data%20Portal/Databook%20Historical%20Data/2022DataBookFiles/millage_taxes_levied.xlsx,"2022 final roll figures. Homestead parcel count and homestead just and assessed value totals are not published by DOR for this year at county level (the Data Book has no homestead breakout and DOR no longer hosts pre-2026 NAL roll files), so they, the per-homestead average and the tax estimate are left blank."
Gilchrist,2023,,,,297234169,,15.6571,,"FDOR Property Tax Oversight, Data Book: county_overview.xlsx, sheet 'Save Our Homes Value History', column 2023 (latest revision, as carried in the 2026 Data Book) | FDOR Data Book 2023: millage_taxes_levied.xlsx, sheet 'Millage Rates', column 'Total Millage Rate'",https://floridarevenue.com/property/Documents/county_overview.xlsx | https://floridarevenue.com/property/dataportal/Documents/PTO%20Data%20Portal/Databook%20Historical%20Data/2023DataBookFiles/millage_taxes_levied.xlsx,"2023 final roll figures. Homestead parcel count and homestead just and assessed value totals are not published by DOR for this year at county level (the Data Book has no homestead breakout and DOR no longer hosts pre-2026 NAL roll files), so they, the per-homestead average and the tax estimate are left blank."
Gilchrist,2024,,,,351791053,,15.8371,,"FDOR Property Tax Oversight, Data Book: county_overview.xlsx, sheet 'Save Our Homes Value History', column 2024 (latest revision, as carried in the 2026 Data Book) | FDOR Data Book 2024: millage_taxes_levied.xlsx, sheet 'Millage Rates', column 'Total Millage Rate'",https://floridarevenue.com/property/Documents/county_overview.xlsx | https://floridarevenue.com/property/dataportal/Documents/PTO%20Data%20Portal/Databook%20Historical%20Data/2024DataBookFiles/millage_taxes_levied.xlsx,"2024 final roll figures. Homestead parcel count and homestead just and assessed value totals are not published by DOR for this year at county level (the Data Book has no homestead breakout and DOR no longer hosts pre-2026 NAL roll files), so they, the per-homestead average and the tax estimate are left blank."
Gilchrist,2025,,,,395266683,,15.5297,,"FDOR Property Tax Oversight, Data Book: county_overview.xlsx, sheet 'Save Our Homes Value History', column 2025 (latest revision, as carried in the 2026 Data Book) | FDOR Data Book 2025: millage_taxes_levied.xlsx, sheet 'Millage Rates', column 'Total Millage Rate'",https://floridarevenue.com/property/Documents/county_overview.xlsx | https://floridarevenue.com/property/dataportal/Documents/PTO%20Data%20Portal/Databook%20Historical%20Data/2025DataBookFiles/millage_taxes_levied.xlsx,"2025 final roll figures. Homestead parcel count and homestead just and assessed value totals are not published by DOR for this year at county level (the Data Book has no homestead breakout and DOR no longer hosts pre-2026 NAL roll files), so they, the per-homestead average and the tax estimate are left blank."
Gilchrist,2026,5668,1157201633,785570700,378584102,65567,,1018,"FDOR Property Tax Oversight, Data Book: county_overview.xlsx, sheet 'Save Our Homes Value History', column 2026 (2026 preliminary roll) | FDOR NAL roll file 'Gilchrist 31 Preliminary NAL 2026.zip' (Preliminary 2026 roll): parcels with JV_HMSTD > 0; sums of JV_HMSTD and AV_HMSTD | FDOR Data Book 2025: millage_taxes_levied.xlsx 'Total Millage Rate' (used for the 2026 estimate)",https://floridarevenue.com/property/Documents/county_overview.xlsx | https://floridarevenue.com/property/dataportal/Documents/PTO%20Data%20Portal/Tax%20Roll%20Data%20Files/NAL/2026P/Gilchrist%2031%20Preliminary%20NAL%202026.zip | https://floridarevenue.com/property/dataportal/Documents/PTO%20Data%20Portal/Databook%20Historical%20Data/2025DataBookFiles/millage_taxes_levied.xlsx,"2026 preliminary roll. Homestead parcels = NAL parcels with JV_HMSTD > 0. avg_soh_differential_per_homestead = (homestead_just_value_total minus homestead_assessed_value_total) / homestead_parcels, all from the NAL; the NAL differential (371,630,933) is -1.8% versus the Data Book soh_differential_total. avg_total_millage left blank: 2026 levies are not yet published by DOR. ESTIMATE: est_avg_annual_tax_saved = avg_soh_differential_per_homestead x 2025 DOR Total Millage Rate (15.5297) / 1000."
Glades,2022,,,,140011039,,18.3705,,"FDOR Property Tax Oversight, Data Book: county_overview.xlsx, sheet 'Save Our Homes Value History', column 2022 (latest revision, as carried in the 2026 Data Book) | FDOR Data Book 2022: millage_taxes_levied.xlsx, sheet 'Millage Rates', column 'Total Millage Rate'",https://floridarevenue.com/property/Documents/county_overview.xlsx | https://floridarevenue.com/property/dataportal/Documents/PTO%20Data%20Portal/Databook%20Historical%20Data/2022DataBookFiles/millage_taxes_levied.xlsx,"2022 final roll figures. Homestead parcel count and homestead just and assessed value totals are not published by DOR for this year at county level (the Data Book has no homestead breakout and DOR no longer hosts pre-2026 NAL roll files), so they, the per-homestead average and the tax estimate are left blank."
Glades,2023,,,,180873729,,18.3366,,"FDOR Property Tax Oversight, Data Book: county_overview.xlsx, sheet 'Save Our Homes Value History', column 2023 (latest revision, as carried in the 2026 Data Book) | FDOR Data Book 2023: millage_taxes_levied.xlsx, sheet 'Millage Rates', column 'Total Millage Rate'",https://floridarevenue.com/property/Documents/county_overview.xlsx | https://floridarevenue.com/property/dataportal/Documents/PTO%20Data%20Portal/Databook%20Historical%20Data/2023DataBookFiles/millage_taxes_levied.xlsx,"2023 final roll figures. Homestead parcel count and homestead just and assessed value totals are not published by DOR for this year at county level (the Data Book has no homestead breakout and DOR no longer hosts pre-2026 NAL roll files), so they, the per-homestead average and the tax estimate are left blank."
Glades,2024,,,,180278775,,18.2563,,"FDOR Property Tax Oversight, Data Book: county_overview.xlsx, sheet 'Save Our Homes Value History', column 2024 (latest revision, as carried in the 2026 Data Book) | FDOR Data Book 2024: millage_taxes_levied.xlsx, sheet 'Millage Rates', column 'Total Millage Rate'",https://floridarevenue.com/property/Documents/county_overview.xlsx | https://floridarevenue.com/property/dataportal/Documents/PTO%20Data%20Portal/Databook%20Historical%20Data/2024DataBookFiles/millage_taxes_levied.xlsx,"2024 final roll figures. Homestead parcel count and homestead just and assessed value totals are not published by DOR for this year at county level (the Data Book has no homestead breakout and DOR no longer hosts pre-2026 NAL roll files), so they, the per-homestead average and the tax estimate are left blank."
Glades,2025,,,,165108088,,18.3732,,"FDOR Property Tax Oversight, Data Book: county_overview.xlsx, sheet 'Save Our Homes Value History', column 2025 (latest revision, as carried in the 2026 Data Book) | FDOR Data Book 2025: millage_taxes_levied.xlsx, sheet 'Millage Rates', column 'Total Millage Rate'",https://floridarevenue.com/property/Documents/county_overview.xlsx | https://floridarevenue.com/property/dataportal/Documents/PTO%20Data%20Portal/Databook%20Historical%20Data/2025DataBookFiles/millage_taxes_levied.xlsx,"2025 final roll figures. Homestead parcel count and homestead just and assessed value totals are not published by DOR for this year at county level (the Data Book has no homestead breakout and DOR no longer hosts pre-2026 NAL roll files), so they, the per-homestead average and the tax estimate are left blank."
Glades,2026,2759,531464904,380627607,152629075,54671,,1004,"FDOR Property Tax Oversight, Data Book: county_overview.xlsx, sheet 'Save Our Homes Value History', column 2026 (2026 preliminary roll) | FDOR NAL roll file 'Glades 32 Preliminary NAL 2026.zip' (Preliminary 2026 roll): parcels with JV_HMSTD > 0; sums of JV_HMSTD and AV_HMSTD | FDOR Data Book 2025: millage_taxes_levied.xlsx 'Total Millage Rate' (used for the 2026 estimate)",https://floridarevenue.com/property/Documents/county_overview.xlsx | https://floridarevenue.com/property/dataportal/Documents/PTO%20Data%20Portal/Tax%20Roll%20Data%20Files/NAL/2026P/Glades%2032%20Preliminary%20NAL%202026.zip | https://floridarevenue.com/property/dataportal/Documents/PTO%20Data%20Portal/Databook%20Historical%20Data/2025DataBookFiles/millage_taxes_levied.xlsx,"2026 preliminary roll. Homestead parcels = NAL parcels with JV_HMSTD > 0. avg_soh_differential_per_homestead = (homestead_just_value_total minus homestead_assessed_value_total) / homestead_parcels, all from the NAL; the NAL differential (150,837,297) is -1.2% versus the Data Book soh_differential_total. avg_total_millage left blank: 2026 levies are not yet published by DOR. ESTIMATE: est_avg_annual_tax_saved = avg_soh_differential_per_homestead x 2025 DOR Total Millage Rate (18.3732) / 1000."
Gulf,2022,,,,402356472,,13.8546,,"FDOR Property Tax Oversight, Data Book: county_overview.xlsx, sheet 'Save Our Homes Value History', column 2022 (latest revision, as carried in the 2026 Data Book) | FDOR Data Book 2022: millage_taxes_levied.xlsx, sheet 'Millage Rates', column 'Total Millage Rate'",https://floridarevenue.com/property/Documents/county_overview.xlsx | https://floridarevenue.com/property/dataportal/Documents/PTO%20Data%20Portal/Databook%20Historical%20Data/2022DataBookFiles/millage_taxes_levied.xlsx,"2022 final roll figures. Homestead parcel count and homestead just and assessed value totals are not published by DOR for this year at county level (the Data Book has no homestead breakout and DOR no longer hosts pre-2026 NAL roll files), so they, the per-homestead average and the tax estimate are left blank."
Gulf,2023,,,,521426035,,13.3351,,"FDOR Property Tax Oversight, Data Book: county_overview.xlsx, sheet 'Save Our Homes Value History', column 2023 (latest revision, as carried in the 2026 Data Book) | FDOR Data Book 2023: millage_taxes_levied.xlsx, sheet 'Millage Rates', column 'Total Millage Rate'",https://floridarevenue.com/property/Documents/county_overview.xlsx | https://floridarevenue.com/property/dataportal/Documents/PTO%20Data%20Portal/Databook%20Historical%20Data/2023DataBookFiles/millage_taxes_levied.xlsx,"2023 final roll figures. Homestead parcel count and homestead just and assessed value totals are not published by DOR for this year at county level (the Data Book has no homestead breakout and DOR no longer hosts pre-2026 NAL roll files), so they, the per-homestead average and the tax estimate are left blank."
Gulf,2024,,,,539175665,,12.6986,,"FDOR Property Tax Oversight, Data Book: county_overview.xlsx, sheet 'Save Our Homes Value History', column 2024 (latest revision, as carried in the 2026 Data Book) | FDOR Data Book 2024: millage_taxes_levied.xlsx, sheet 'Millage Rates', column 'Total Millage Rate'",https://floridarevenue.com/property/Documents/county_overview.xlsx | https://floridarevenue.com/property/dataportal/Documents/PTO%20Data%20Portal/Databook%20Historical%20Data/2024DataBookFiles/millage_taxes_levied.xlsx,"2024 final roll figures. Homestead parcel count and homestead just and assessed value totals are not published by DOR for this year at county level (the Data Book has no homestead breakout and DOR no longer hosts pre-2026 NAL roll files), so they, the per-homestead average and the tax estimate are left blank."
Gulf,2025,,,,569381601,,12.2198,,"FDOR Property Tax Oversight, Data Book: county_overview.xlsx, sheet 'Save Our Homes Value History', column 2025 (latest revision, as carried in the 2026 Data Book) | FDOR Data Book 2025: millage_taxes_levied.xlsx, sheet 'Millage Rates', column 'Total Millage Rate'",https://floridarevenue.com/property/Documents/county_overview.xlsx | https://floridarevenue.com/property/dataportal/Documents/PTO%20Data%20Portal/Databook%20Historical%20Data/2025DataBookFiles/millage_taxes_levied.xlsx,"2025 final roll figures. Homestead parcel count and homestead just and assessed value totals are not published by DOR for this year at county level (the Data Book has no homestead breakout and DOR no longer hosts pre-2026 NAL roll files), so they, the per-homestead average and the tax estimate are left blank."
Gulf,2026,4225,1471681701,939482189,538312453,125964,,1539,"FDOR Property Tax Oversight, Data Book: county_overview.xlsx, sheet 'Save Our Homes Value History', column 2026 (2026 preliminary roll) | FDOR NAL roll file 'Gulf 33 Preliminary NAL 2026.zip' (Preliminary 2026 roll): parcels with JV_HMSTD > 0; sums of JV_HMSTD and AV_HMSTD | FDOR Data Book 2025: millage_taxes_levied.xlsx 'Total Millage Rate' (used for the 2026 estimate)",https://floridarevenue.com/property/Documents/county_overview.xlsx | https://floridarevenue.com/property/dataportal/Documents/PTO%20Data%20Portal/Tax%20Roll%20Data%20Files/NAL/2026P/Gulf%2033%20Preliminary%20NAL%202026.zip | https://floridarevenue.com/property/dataportal/Documents/PTO%20Data%20Portal/Databook%20Historical%20Data/2025DataBookFiles/millage_taxes_levied.xlsx,"2026 preliminary roll. Homestead parcels = NAL parcels with JV_HMSTD > 0. avg_soh_differential_per_homestead = (homestead_just_value_total minus homestead_assessed_value_total) / homestead_parcels, all from the NAL; the NAL differential (532,199,512) is -1.1% versus the Data Book soh_differential_total. avg_total_millage left blank: 2026 levies are not yet published by DOR. ESTIMATE: est_avg_annual_tax_saved = avg_soh_differential_per_homestead x 2025 DOR Total Millage Rate (12.2198) / 1000."
Hamilton,2022,,,,115701199,,16.7459,,"FDOR Property Tax Oversight, Data Book: county_overview.xlsx, sheet 'Save Our Homes Value History', column 2022 (latest revision, as carried in the 2026 Data Book) | FDOR Data Book 2022: millage_taxes_levied.xlsx, sheet 'Millage Rates', column 'Total Millage Rate'",https://floridarevenue.com/property/Documents/county_overview.xlsx | https://floridarevenue.com/property/dataportal/Documents/PTO%20Data%20Portal/Databook%20Historical%20Data/2022DataBookFiles/millage_taxes_levied.xlsx,"2022 final roll figures. Homestead parcel count and homestead just and assessed value totals are not published by DOR for this year at county level (the Data Book has no homestead breakout and DOR no longer hosts pre-2026 NAL roll files), so they, the per-homestead average and the tax estimate are left blank."
Hamilton,2023,,,,140735308,,16.6821,,"FDOR Property Tax Oversight, Data Book: county_overview.xlsx, sheet 'Save Our Homes Value History', column 2023 (latest revision, as carried in the 2026 Data Book) | FDOR Data Book 2023: millage_taxes_levied.xlsx, sheet 'Millage Rates', column 'Total Millage Rate'",https://floridarevenue.com/property/Documents/county_overview.xlsx | https://floridarevenue.com/property/dataportal/Documents/PTO%20Data%20Portal/Databook%20Historical%20Data/2023DataBookFiles/millage_taxes_levied.xlsx,"2023 final roll figures. Homestead parcel count and homestead just and assessed value totals are not published by DOR for this year at county level (the Data Book has no homestead breakout and DOR no longer hosts pre-2026 NAL roll files), so they, the per-homestead average and the tax estimate are left blank."
Hamilton,2024,,,,150655956,,16.6089,,"FDOR Property Tax Oversight, Data Book: county_overview.xlsx, sheet 'Save Our Homes Value History', column 2024 (latest revision, as carried in the 2026 Data Book) | FDOR Data Book 2024: millage_taxes_levied.xlsx, sheet 'Millage Rates', column 'Total Millage Rate'",https://floridarevenue.com/property/Documents/county_overview.xlsx | https://floridarevenue.com/property/dataportal/Documents/PTO%20Data%20Portal/Databook%20Historical%20Data/2024DataBookFiles/millage_taxes_levied.xlsx,"2024 final roll figures. Homestead parcel count and homestead just and assessed value totals are not published by DOR for this year at county level (the Data Book has no homestead breakout and DOR no longer hosts pre-2026 NAL roll files), so they, the per-homestead average and the tax estimate are left blank."
Hamilton,2025,,,,203118444,,15.2115,,"FDOR Property Tax Oversight, Data Book: county_overview.xlsx, sheet 'Save Our Homes Value History', column 2025 (latest revision, as carried in the 2026 Data Book) | FDOR Data Book 2025: millage_taxes_levied.xlsx, sheet 'Millage Rates', column 'Total Millage Rate'",https://floridarevenue.com/property/Documents/county_overview.xlsx | https://floridarevenue.com/property/dataportal/Documents/PTO%20Data%20Portal/Databook%20Historical%20Data/2025DataBookFiles/millage_taxes_levied.xlsx,"2025 final roll figures. Homestead parcel count and homestead just and assessed value totals are not published by DOR for this year at county level (the Data Book has no homestead breakout and DOR no longer hosts pre-2026 NAL roll files), so they, the per-homestead average and the tax estimate are left blank."
Hamilton,2026,2903,504560857,319391885,186109187,63785,,970,"FDOR Property Tax Oversight, Data Book: county_overview.xlsx, sheet 'Save Our Homes Value History', column 2026 (2026 preliminary roll) | FDOR NAL roll file 'Hamilton 34 Preliminary NAL 2026.zip' (Preliminary 2026 roll): parcels with JV_HMSTD > 0; sums of JV_HMSTD and AV_HMSTD | FDOR Data Book 2025: millage_taxes_levied.xlsx 'Total Millage Rate' (used for the 2026 estimate)",https://floridarevenue.com/property/Documents/county_overview.xlsx | https://floridarevenue.com/property/dataportal/Documents/PTO%20Data%20Portal/Tax%20Roll%20Data%20Files/NAL/2026P/Hamilton%2034%20Preliminary%20NAL%202026.zip | https://floridarevenue.com/property/dataportal/Documents/PTO%20Data%20Portal/Databook%20Historical%20Data/2025DataBookFiles/millage_taxes_levied.xlsx,"2026 preliminary roll. Homestead parcels = NAL parcels with JV_HMSTD > 0. avg_soh_differential_per_homestead = (homestead_just_value_total minus homestead_assessed_value_total) / homestead_parcels, all from the NAL; the NAL differential (185,168,972) is -0.5% versus the Data Book soh_differential_total. avg_total_millage left blank: 2026 levies are not yet published by DOR. ESTIMATE: est_avg_annual_tax_saved = avg_soh_differential_per_homestead x 2025 DOR Total Millage Rate (15.2115) / 1000."
Hardee,2022,,,,252393837,,15.3091,,"FDOR Property Tax Oversight, Data Book: county_overview.xlsx, sheet 'Save Our Homes Value History', column 2022 (latest revision, as carried in the 2026 Data Book) | FDOR Data Book 2022: millage_taxes_levied.xlsx, sheet 'Millage Rates', column 'Total Millage Rate'",https://floridarevenue.com/property/Documents/county_overview.xlsx | https://floridarevenue.com/property/dataportal/Documents/PTO%20Data%20Portal/Databook%20Historical%20Data/2022DataBookFiles/millage_taxes_levied.xlsx,"2022 final roll figures. Homestead parcel count and homestead just and assessed value totals are not published by DOR for this year at county level (the Data Book has no homestead breakout and DOR no longer hosts pre-2026 NAL roll files), so they, the per-homestead average and the tax estimate are left blank."
Hardee,2023,,,,336788847,,15.1381,,"FDOR Property Tax Oversight, Data Book: county_overview.xlsx, sheet 'Save Our Homes Value History', column 2023 (latest revision, as carried in the 2026 Data Book) | FDOR Data Book 2023: millage_taxes_levied.xlsx, sheet 'Millage Rates', column 'Total Millage Rate'",https://floridarevenue.com/property/Documents/county_overview.xlsx | https://floridarevenue.com/property/dataportal/Documents/PTO%20Data%20Portal/Databook%20Historical%20Data/2023DataBookFiles/millage_taxes_levied.xlsx,"2023 final roll figures. Homestead parcel count and homestead just and assessed value totals are not published by DOR for this year at county level (the Data Book has no homestead breakout and DOR no longer hosts pre-2026 NAL roll files), so they, the per-homestead average and the tax estimate are left blank."
Hardee,2024,,,,412431684,,14.6002,,"FDOR Property Tax Oversight, Data Book: county_overview.xlsx, sheet 'Save Our Homes Value History', column 2024 (latest revision, as carried in the 2026 Data Book) | FDOR Data Book 2024: millage_taxes_levied.xlsx, sheet 'Millage Rates', column 'Total Millage Rate'",https://floridarevenue.com/property/Documents/county_overview.xlsx | https://floridarevenue.com/property/dataportal/Documents/PTO%20Data%20Portal/Databook%20Historical%20Data/2024DataBookFiles/millage_taxes_levied.xlsx,"2024 final roll figures. Homestead parcel count and homestead just and assessed value totals are not published by DOR for this year at county level (the Data Book has no homestead breakout and DOR no longer hosts pre-2026 NAL roll files), so they, the per-homestead average and the tax estimate are left blank."
Hardee,2025,,,,448177967,,14.1244,,"FDOR Property Tax Oversight, Data Book: county_overview.xlsx, sheet 'Save Our Homes Value History', column 2025 (latest revision, as carried in the 2026 Data Book) | FDOR Data Book 2025: millage_taxes_levied.xlsx, sheet 'Millage Rates', column 'Total Millage Rate'",https://floridarevenue.com/property/Documents/county_overview.xlsx | https://floridarevenue.com/property/dataportal/Documents/PTO%20Data%20Portal/Databook%20Historical%20Data/2025DataBookFiles/millage_taxes_levied.xlsx,"2025 final roll figures. Homestead parcel count and homestead just and assessed value totals are not published by DOR for this year at county level (the Data Book has no homestead breakout and DOR no longer hosts pre-2026 NAL roll files), so they, the per-homestead average and the tax estimate are left blank."
Hardee,2026,4589,1034147530,610970154,427987651,92216,,1302,"FDOR Property Tax Oversight, Data Book: county_overview.xlsx, sheet 'Save Our Homes Value History', column 2026 (2026 preliminary roll) | FDOR NAL roll file 'Hardee 35 Preliminary NAL 2026.zip' (Preliminary 2026 roll): parcels with JV_HMSTD > 0; sums of JV_HMSTD and AV_HMSTD | FDOR Data Book 2025: millage_taxes_levied.xlsx 'Total Millage Rate' (used for the 2026 estimate)",https://floridarevenue.com/property/Documents/county_overview.xlsx | https://floridarevenue.com/property/dataportal/Documents/PTO%20Data%20Portal/Tax%20Roll%20Data%20Files/NAL/2026P/Hardee%2035%20Preliminary%20NAL%202026.zip | https://floridarevenue.com/property/dataportal/Documents/PTO%20Data%20Portal/Databook%20Historical%20Data/2025DataBookFiles/millage_taxes_levied.xlsx,"2026 preliminary roll. Homestead parcels = NAL parcels with JV_HMSTD > 0. avg_soh_differential_per_homestead = (homestead_just_value_total minus homestead_assessed_value_total) / homestead_parcels, all from the NAL; the NAL differential (423,177,376) is -1.1% versus the Data Book soh_differential_total. avg_total_millage left blank: 2026 levies are not yet published by DOR. ESTIMATE: est_avg_annual_tax_saved = avg_soh_differential_per_homestead x 2025 DOR Total Millage Rate (14.1244) / 1000."
Hendry,2022,,,,619227685,,17.7003,,"FDOR Property Tax Oversight, Data Book: county_overview.xlsx, sheet 'Save Our Homes Value History', column 2022 (latest revision, as carried in the 2026 Data Book) | FDOR Data Book 2022: millage_taxes_levied.xlsx, sheet 'Millage Rates', column 'Total Millage Rate'",https://floridarevenue.com/property/Documents/county_overview.xlsx | https://floridarevenue.com/property/dataportal/Documents/PTO%20Data%20Portal/Databook%20Historical%20Data/2022DataBookFiles/millage_taxes_levied.xlsx,"2022 final roll figures. Homestead parcel count and homestead just and assessed value totals are not published by DOR for this year at county level (the Data Book has no homestead breakout and DOR no longer hosts pre-2026 NAL roll files), so they, the per-homestead average and the tax estimate are left blank."
Hendry,2023,,,,817483638,,17.5183,,"FDOR Property Tax Oversight, Data Book: county_overview.xlsx, sheet 'Save Our Homes Value History', column 2023 (latest revision, as carried in the 2026 Data Book) | FDOR Data Book 2023: millage_taxes_levied.xlsx, sheet 'Millage Rates', column 'Total Millage Rate'",https://floridarevenue.com/property/Documents/county_overview.xlsx | https://floridarevenue.com/property/dataportal/Documents/PTO%20Data%20Portal/Databook%20Historical%20Data/2023DataBookFiles/millage_taxes_levied.xlsx,"2023 final roll figures. Homestead parcel count and homestead just and assessed value totals are not published by DOR for this year at county level (the Data Book has no homestead breakout and DOR no longer hosts pre-2026 NAL roll files), so they, the per-homestead average and the tax estimate are left blank."
Hendry,2024,,,,800009494,,17.1788,,"FDOR Property Tax Oversight, Data Book: county_overview.xlsx, sheet 'Save Our Homes Value History', column 2024 (latest revision, as carried in the 2026 Data Book) | FDOR Data Book 2024: millage_taxes_levied.xlsx, sheet 'Millage Rates', column 'Total Millage Rate'",https://floridarevenue.com/property/Documents/county_overview.xlsx | https://floridarevenue.com/property/dataportal/Documents/PTO%20Data%20Portal/Databook%20Historical%20Data/2024DataBookFiles/millage_taxes_levied.xlsx,"2024 final roll figures. Homestead parcel count and homestead just and assessed value totals are not published by DOR for this year at county level (the Data Book has no homestead breakout and DOR no longer hosts pre-2026 NAL roll files), so they, the per-homestead average and the tax estimate are left blank."
Hendry,2025,,,,785875129,,17.1732,,"FDOR Property Tax Oversight, Data Book: county_overview.xlsx, sheet 'Save Our Homes Value History', column 2025 (latest revision, as carried in the 2026 Data Book) | FDOR Data Book 2025: millage_taxes_levied.xlsx, sheet 'Millage Rates', column 'Total Millage Rate'",https://floridarevenue.com/property/Documents/county_overview.xlsx | https://floridarevenue.com/property/dataportal/Documents/PTO%20Data%20Portal/Databook%20Historical%20Data/2025DataBookFiles/millage_taxes_levied.xlsx,"2025 final roll figures. Homestead parcel count and homestead just and assessed value totals are not published by DOR for this year at county level (the Data Book has no homestead breakout and DOR no longer hosts pre-2026 NAL roll files), so they, the per-homestead average and the tax estimate are left blank."
Hendry,2026,8721,2124885119,1390300335,743300670,84232,,1447,"FDOR Property Tax Oversight, Data Book: county_overview.xlsx, sheet 'Save Our Homes Value History', column 2026 (2026 preliminary roll) | FDOR NAL roll file 'Hendry 36 Preliminary NAL 2026.zip' (Preliminary 2026 roll): parcels with JV_HMSTD > 0; sums of JV_HMSTD and AV_HMSTD | FDOR Data Book 2025: millage_taxes_levied.xlsx 'Total Millage Rate' (used for the 2026 estimate)",https://floridarevenue.com/property/Documents/county_overview.xlsx | https://floridarevenue.com/property/dataportal/Documents/PTO%20Data%20Portal/Tax%20Roll%20Data%20Files/NAL/2026P/Hendry%2036%20Preliminary%20NAL%202026.zip | https://floridarevenue.com/property/dataportal/Documents/PTO%20Data%20Portal/Databook%20Historical%20Data/2025DataBookFiles/millage_taxes_levied.xlsx,"2026 preliminary roll. Homestead parcels = NAL parcels with JV_HMSTD > 0. avg_soh_differential_per_homestead = (homestead_just_value_total minus homestead_assessed_value_total) / homestead_parcels, all from the NAL; the NAL differential (734,584,784) is -1.2% versus the Data Book soh_differential_total. avg_total_millage left blank: 2026 levies are not yet published by DOR. ESTIMATE: est_avg_annual_tax_saved = avg_soh_differential_per_homestead x 2025 DOR Total Millage Rate (17.1732) / 1000."
Hernando,2022,,,,6305898657,,15.962,,"FDOR Property Tax Oversight, Data Book: county_overview.xlsx, sheet 'Save Our Homes Value History', column 2022 (latest revision, as carried in the 2026 Data Book) | FDOR Data Book 2022: millage_taxes_levied.xlsx, sheet 'Millage Rates', column 'Total Millage Rate'",https://floridarevenue.com/property/Documents/county_overview.xlsx | https://floridarevenue.com/property/dataportal/Documents/PTO%20Data%20Portal/Databook%20Historical%20Data/2022DataBookFiles/millage_taxes_levied.xlsx,"2022 final roll figures. Homestead parcel count and homestead just and assessed value totals are not published by DOR for this year at county level (the Data Book has no homestead breakout and DOR no longer hosts pre-2026 NAL roll files), so they, the per-homestead average and the tax estimate are left blank."
Hernando,2023,,,,7275518640,,15.4556,,"FDOR Property Tax Oversight, Data Book: county_overview.xlsx, sheet 'Save Our Homes Value History', column 2023 (latest revision, as carried in the 2026 Data Book) | FDOR Data Book 2023: millage_taxes_levied.xlsx, sheet 'Millage Rates', column 'Total Millage Rate'",https://floridarevenue.com/property/Documents/county_overview.xlsx | https://floridarevenue.com/property/dataportal/Documents/PTO%20Data%20Portal/Databook%20Historical%20Data/2023DataBookFiles/millage_taxes_levied.xlsx,"2023 final roll figures. Homestead parcel count and homestead just and assessed value totals are not published by DOR for this year at county level (the Data Book has no homestead breakout and DOR no longer hosts pre-2026 NAL roll files), so they, the per-homestead average and the tax estimate are left blank."
Hernando,2024,,,,7327072272,,15.1245,,"FDOR Property Tax Oversight, Data Book: county_overview.xlsx, sheet 'Save Our Homes Value History', column 2024 (latest revision, as carried in the 2026 Data Book) | FDOR Data Book 2024: millage_taxes_levied.xlsx, sheet 'Millage Rates', column 'Total Millage Rate'",https://floridarevenue.com/property/Documents/county_overview.xlsx | https://floridarevenue.com/property/dataportal/Documents/PTO%20Data%20Portal/Databook%20Historical%20Data/2024DataBookFiles/millage_taxes_levied.xlsx,"2024 final roll figures. Homestead parcel count and homestead just and assessed value totals are not published by DOR for this year at county level (the Data Book has no homestead breakout and DOR no longer hosts pre-2026 NAL roll files), so they, the per-homestead average and the tax estimate are left blank."
Hernando,2025,,,,6881672029,,14.5695,,"FDOR Property Tax Oversight, Data Book: county_overview.xlsx, sheet 'Save Our Homes Value History', column 2025 (latest revision, as carried in the 2026 Data Book) | FDOR Data Book 2025: millage_taxes_levied.xlsx, sheet 'Millage Rates', column 'Total Millage Rate'",https://floridarevenue.com/property/Documents/county_overview.xlsx | https://floridarevenue.com/property/dataportal/Documents/PTO%20Data%20Portal/Databook%20Historical%20Data/2025DataBookFiles/millage_taxes_levied.xlsx,"2025 final roll figures. Homestead parcel count and homestead just and assessed value totals are not published by DOR for this year at county level (the Data Book has no homestead breakout and DOR no longer hosts pre-2026 NAL roll files), so they, the per-homestead average and the tax estimate are left blank."
Hernando,2026,62191,17620711170,11819743564,5931879187,93277,,1359,"FDOR Property Tax Oversight, Data Book: county_overview.xlsx, sheet 'Save Our Homes Value History', column 2026 (2026 preliminary roll) | FDOR NAL roll file 'Hernando 37 Preliminary NAL 2026.zip' (Preliminary 2026 roll): parcels with JV_HMSTD > 0; sums of JV_HMSTD and AV_HMSTD | FDOR Data Book 2025: millage_taxes_levied.xlsx 'Total Millage Rate' (used for the 2026 estimate)",https://floridarevenue.com/property/Documents/county_overview.xlsx | https://floridarevenue.com/property/dataportal/Documents/PTO%20Data%20Portal/Tax%20Roll%20Data%20Files/NAL/2026P/Hernando%2037%20Preliminary%20NAL%202026.zip | https://floridarevenue.com/property/dataportal/Documents/PTO%20Data%20Portal/Databook%20Historical%20Data/2025DataBookFiles/millage_taxes_levied.xlsx,"2026 preliminary roll. Homestead parcels = NAL parcels with JV_HMSTD > 0. avg_soh_differential_per_homestead = (homestead_just_value_total minus homestead_assessed_value_total) / homestead_parcels, all from the NAL; the NAL differential (5,800,967,606) is -2.2% versus the Data Book soh_differential_total. avg_total_millage left blank: 2026 levies are not yet published by DOR. ESTIMATE: est_avg_annual_tax_saved = avg_soh_differential_per_homestead x 2025 DOR Total Millage Rate (14.5695) / 1000."
Highlands,2022,,,,1753968894,,15.046,,"FDOR Property Tax Oversight, Data Book: county_overview.xlsx, sheet 'Save Our Homes Value History', column 2022 (latest revision, as carried in the 2026 Data Book) | FDOR Data Book 2022: millage_taxes_levied.xlsx, sheet 'Millage Rates', column 'Total Millage Rate'",https://floridarevenue.com/property/Documents/county_overview.xlsx | https://floridarevenue.com/property/dataportal/Documents/PTO%20Data%20Portal/Databook%20Historical%20Data/2022DataBookFiles/millage_taxes_levied.xlsx,"2022 final roll figures. Homestead parcel count and homestead just and assessed value totals are not published by DOR for this year at county level (the Data Book has no homestead breakout and DOR no longer hosts pre-2026 NAL roll files), so they, the per-homestead average and the tax estimate are left blank."
Highlands,2023,,,,2352059507,,14.7384,,"FDOR Property Tax Oversight, Data Book: county_overview.xlsx, sheet 'Save Our Homes Value History', column 2023 (latest revision, as carried in the 2026 Data Book) | FDOR Data Book 2023: millage_taxes_levied.xlsx, sheet 'Millage Rates', column 'Total Millage Rate'",https://floridarevenue.com/property/Documents/county_overview.xlsx | https://floridarevenue.com/property/dataportal/Documents/PTO%20Data%20Portal/Databook%20Historical%20Data/2023DataBookFiles/millage_taxes_levied.xlsx,"2023 final roll figures. Homestead parcel count and homestead just and assessed value totals are not published by DOR for this year at county level (the Data Book has no homestead breakout and DOR no longer hosts pre-2026 NAL roll files), so they, the per-homestead average and the tax estimate are left blank."
Highlands,2024,,,,2449315660,,14.4,,"FDOR Property Tax Oversight, Data Book: county_overview.xlsx, sheet 'Save Our Homes Value History', column 2024 (latest revision, as carried in the 2026 Data Book) | FDOR Data Book 2024: millage_taxes_levied.xlsx, sheet 'Millage Rates', column 'Total Millage Rate'",https://floridarevenue.com/property/Documents/county_overview.xlsx | https://floridarevenue.com/property/dataportal/Documents/PTO%20Data%20Portal/Databook%20Historical%20Data/2024DataBookFiles/millage_taxes_levied.xlsx,"2024 final roll figures. Homestead parcel count and homestead just and assessed value totals are not published by DOR for this year at county level (the Data Book has no homestead breakout and DOR no longer hosts pre-2026 NAL roll files), so they, the per-homestead average and the tax estimate are left blank."
Highlands,2025,,,,2285616565,,14.5216,,"FDOR Property Tax Oversight, Data Book: county_overview.xlsx, sheet 'Save Our Homes Value History', column 2025 (latest revision, as carried in the 2026 Data Book) | FDOR Data Book 2025: millage_taxes_levied.xlsx, sheet 'Millage Rates', column 'Total Millage Rate'",https://floridarevenue.com/property/Documents/county_overview.xlsx | https://floridarevenue.com/property/dataportal/Documents/PTO%20Data%20Portal/Databook%20Historical%20Data/2025DataBookFiles/millage_taxes_levied.xlsx,"2025 final roll figures. Homestead parcel count and homestead just and assessed value totals are not published by DOR for this year at county level (the Data Book has no homestead breakout and DOR no longer hosts pre-2026 NAL roll files), so they, the per-homestead average and the tax estimate are left blank."
Highlands,2026,27044,6098388090,4095404616,2026702832,74064,,1076,"FDOR Property Tax Oversight, Data Book: county_overview.xlsx, sheet 'Save Our Homes Value History', column 2026 (2026 preliminary roll) | FDOR NAL roll file 'Highlands 38 Preliminary NAL 2026.zip' (Preliminary 2026 roll): parcels with JV_HMSTD > 0; sums of JV_HMSTD and AV_HMSTD | FDOR Data Book 2025: millage_taxes_levied.xlsx 'Total Millage Rate' (used for the 2026 estimate)",https://floridarevenue.com/property/Documents/county_overview.xlsx | https://floridarevenue.com/property/dataportal/Documents/PTO%20Data%20Portal/Tax%20Roll%20Data%20Files/NAL/2026P/Highlands%2038%20Preliminary%20NAL%202026.zip | https://floridarevenue.com/property/dataportal/Documents/PTO%20Data%20Portal/Databook%20Historical%20Data/2025DataBookFiles/millage_taxes_levied.xlsx,"2026 preliminary roll. Homestead parcels = NAL parcels with JV_HMSTD > 0. avg_soh_differential_per_homestead = (homestead_just_value_total minus homestead_assessed_value_total) / homestead_parcels, all from the NAL; the NAL differential (2,002,983,474) is -1.2% versus the Data Book soh_differential_total. avg_total_millage left blank: 2026 levies are not yet published by DOR. ESTIMATE: est_avg_annual_tax_saved = avg_soh_differential_per_homestead x 2025 DOR Total Millage Rate (14.5216) / 1000."
Hillsborough,2022,,,,44034548647,,18.2044,,"FDOR Property Tax Oversight, Data Book: county_overview.xlsx, sheet 'Save Our Homes Value History', column 2022 (latest revision, as carried in the 2026 Data Book) | FDOR Data Book 2022: millage_taxes_levied.xlsx, sheet 'Millage Rates', column 'Total Millage Rate'",https://floridarevenue.com/property/Documents/county_overview.xlsx | https://floridarevenue.com/property/dataportal/Documents/PTO%20Data%20Portal/Databook%20Historical%20Data/2022DataBookFiles/millage_taxes_levied.xlsx,"2022 final roll figures. Homestead parcel count and homestead just and assessed value totals are not published by DOR for this year at county level (the Data Book has no homestead breakout and DOR no longer hosts pre-2026 NAL roll files), so they, the per-homestead average and the tax estimate are left blank."
Hillsborough,2023,,,,45311403658,,18.0842,,"FDOR Property Tax Oversight, Data Book: county_overview.xlsx, sheet 'Save Our Homes Value History', column 2023 (latest revision, as carried in the 2026 Data Book) | FDOR Data Book 2023: millage_taxes_levied.xlsx, sheet 'Millage Rates', column 'Total Millage Rate'",https://floridarevenue.com/property/Documents/county_overview.xlsx | https://floridarevenue.com/property/dataportal/Documents/PTO%20Data%20Portal/Databook%20Historical%20Data/2023DataBookFiles/millage_taxes_levied.xlsx,"2023 final roll figures. Homestead parcel count and homestead just and assessed value totals are not published by DOR for this year at county level (the Data Book has no homestead breakout and DOR no longer hosts pre-2026 NAL roll files), so they, the per-homestead average and the tax estimate are left blank."
Hillsborough,2024,,,,48814889116,,17.986,,"FDOR Property Tax Oversight, Data Book: county_overview.xlsx, sheet 'Save Our Homes Value History', column 2024 (latest revision, as carried in the 2026 Data Book) | FDOR Data Book 2024: millage_taxes_levied.xlsx, sheet 'Millage Rates', column 'Total Millage Rate'",https://floridarevenue.com/property/Documents/county_overview.xlsx | https://floridarevenue.com/property/dataportal/Documents/PTO%20Data%20Portal/Databook%20Historical%20Data/2024DataBookFiles/millage_taxes_levied.xlsx,"2024 final roll figures. Homestead parcel count and homestead just and assessed value totals are not published by DOR for this year at county level (the Data Book has no homestead breakout and DOR no longer hosts pre-2026 NAL roll files), so they, the per-homestead average and the tax estimate are left blank."
Hillsborough,2025,,,,45058177583,,18.8553,,"FDOR Property Tax Oversight, Data Book: county_overview.xlsx, sheet 'Save Our Homes Value History', column 2025 (latest revision, as carried in the 2026 Data Book) | FDOR Data Book 2025: millage_taxes_levied.xlsx, sheet 'Millage Rates', column 'Total Millage Rate'",https://floridarevenue.com/property/Documents/county_overview.xlsx | https://floridarevenue.com/property/dataportal/Documents/PTO%20Data%20Portal/Databook%20Historical%20Data/2025DataBookFiles/millage_taxes_levied.xlsx,"2025 final roll figures. Homestead parcel count and homestead just and assessed value totals are not published by DOR for this year at county level (the Data Book has no homestead breakout and DOR no longer hosts pre-2026 NAL roll files), so they, the per-homestead average and the tax estimate are left blank."
Hillsborough,2026,315709,125568950825,85699194784,40355680785,126286,,2381,"FDOR Property Tax Oversight, Data Book: county_overview.xlsx, sheet 'Save Our Homes Value History', column 2026 (2026 preliminary roll) | FDOR NAL roll file 'Hillsborough 39 Preliminary NAL 2026.zip' (Preliminary 2026 roll): parcels with JV_HMSTD > 0; sums of JV_HMSTD and AV_HMSTD | FDOR Data Book 2025: millage_taxes_levied.xlsx 'Total Millage Rate' (used for the 2026 estimate)",https://floridarevenue.com/property/Documents/county_overview.xlsx | https://floridarevenue.com/property/dataportal/Documents/PTO%20Data%20Portal/Tax%20Roll%20Data%20Files/NAL/2026P/Hillsborough%2039%20Preliminary%20NAL%202026.zip | https://floridarevenue.com/property/dataportal/Documents/PTO%20Data%20Portal/Databook%20Historical%20Data/2025DataBookFiles/millage_taxes_levied.xlsx,"2026 preliminary roll. Homestead parcels = NAL parcels with JV_HMSTD > 0. avg_soh_differential_per_homestead = (homestead_just_value_total minus homestead_assessed_value_total) / homestead_parcels, all from the NAL; the NAL differential (39,869,756,041) is -1.2% versus the Data Book soh_differential_total. avg_total_millage left blank: 2026 levies are not yet published by DOR. ESTIMATE: est_avg_annual_tax_saved = avg_soh_differential_per_homestead x 2025 DOR Total Millage Rate (18.8553) / 1000."
Holmes,2022,,,,26264967,,15.0721,,"FDOR Property Tax Oversight, Data Book: county_overview.xlsx, sheet 'Save Our Homes Value History', column 2022 (latest revision, as carried in the 2026 Data Book) | FDOR Data Book 2022: millage_taxes_levied.xlsx, sheet 'Millage Rates', column 'Total Millage Rate'",https://floridarevenue.com/property/Documents/county_overview.xlsx | https://floridarevenue.com/property/dataportal/Documents/PTO%20Data%20Portal/Databook%20Historical%20Data/2022DataBookFiles/millage_taxes_levied.xlsx,"2022 final roll figures. Homestead parcel count and homestead just and assessed value totals are not published by DOR for this year at county level (the Data Book has no homestead breakout and DOR no longer hosts pre-2026 NAL roll files), so they, the per-homestead average and the tax estimate are left blank."
Holmes,2023,,,,31048976,,15.432,,"FDOR Property Tax Oversight, Data Book: county_overview.xlsx, sheet 'Save Our Homes Value History', column 2023 (latest revision, as carried in the 2026 Data Book) | FDOR Data Book 2023: millage_taxes_levied.xlsx, sheet 'Millage Rates', column 'Total Millage Rate'",https://floridarevenue.com/property/Documents/county_overview.xlsx | https://floridarevenue.com/property/dataportal/Documents/PTO%20Data%20Portal/Databook%20Historical%20Data/2023DataBookFiles/millage_taxes_levied.xlsx,"2023 final roll figures. Homestead parcel count and homestead just and assessed value totals are not published by DOR for this year at county level (the Data Book has no homestead breakout and DOR no longer hosts pre-2026 NAL roll files), so they, the per-homestead average and the tax estimate are left blank."
Holmes,2024,,,,49067464,,15.2,,"FDOR Property Tax Oversight, Data Book: county_overview.xlsx, sheet 'Save Our Homes Value History', column 2024 (latest revision, as carried in the 2026 Data Book) | FDOR Data Book 2024: millage_taxes_levied.xlsx, sheet 'Millage Rates', column 'Total Millage Rate'",https://floridarevenue.com/property/Documents/county_overview.xlsx | https://floridarevenue.com/property/dataportal/Documents/PTO%20Data%20Portal/Databook%20Historical%20Data/2024DataBookFiles/millage_taxes_levied.xlsx,"2024 final roll figures. Homestead parcel count and homestead just and assessed value totals are not published by DOR for this year at county level (the Data Book has no homestead breakout and DOR no longer hosts pre-2026 NAL roll files), so they, the per-homestead average and the tax estimate are left blank."
Holmes,2025,,,,137302339,,15.4115,,"FDOR Property Tax Oversight, Data Book: county_overview.xlsx, sheet 'Save Our Homes Value History', column 2025 (latest revision, as carried in the 2026 Data Book) | FDOR Data Book 2025: millage_taxes_levied.xlsx, sheet 'Millage Rates', column 'Total Millage Rate'",https://floridarevenue.com/property/Documents/county_overview.xlsx | https://floridarevenue.com/property/dataportal/Documents/PTO%20Data%20Portal/Databook%20Historical%20Data/2025DataBookFiles/millage_taxes_levied.xlsx,"2025 final roll figures. Homestead parcel count and homestead just and assessed value totals are not published by DOR for this year at county level (the Data Book has no homestead breakout and DOR no longer hosts pre-2026 NAL roll files), so they, the per-homestead average and the tax estimate are left blank."
Holmes,2026,4920,631136850,508465919,123217691,24933,,384,"FDOR Property Tax Oversight, Data Book: county_overview.xlsx, sheet 'Save Our Homes Value History', column 2026 (2026 preliminary roll) | FDOR NAL roll file 'Holmes 40 Preliminary NAL 2026.zip' (Preliminary 2026 roll): parcels with JV_HMSTD > 0; sums of JV_HMSTD and AV_HMSTD | FDOR Data Book 2025: millage_taxes_levied.xlsx 'Total Millage Rate' (used for the 2026 estimate)",https://floridarevenue.com/property/Documents/county_overview.xlsx | https://floridarevenue.com/property/dataportal/Documents/PTO%20Data%20Portal/Tax%20Roll%20Data%20Files/NAL/2026P/Holmes%2040%20Preliminary%20NAL%202026.zip | https://floridarevenue.com/property/dataportal/Documents/PTO%20Data%20Portal/Databook%20Historical%20Data/2025DataBookFiles/millage_taxes_levied.xlsx,"2026 preliminary roll. Homestead parcels = NAL parcels with JV_HMSTD > 0. avg_soh_differential_per_homestead = (homestead_just_value_total minus homestead_assessed_value_total) / homestead_parcels, all from the NAL; the NAL differential (122,670,931) is -0.4% versus the Data Book soh_differential_total. avg_total_millage left blank: 2026 levies are not yet published by DOR. ESTIMATE: est_avg_annual_tax_saved = avg_soh_differential_per_homestead x 2025 DOR Total Millage Rate (15.4115) / 1000."
Indian River,2022,,,,7003331076,,14.0775,,"FDOR Property Tax Oversight, Data Book: county_overview.xlsx, sheet 'Save Our Homes Value History', column 2022 (latest revision, as carried in the 2026 Data Book) | FDOR Data Book 2022: millage_taxes_levied.xlsx, sheet 'Millage Rates', column 'Total Millage Rate'",https://floridarevenue.com/property/Documents/county_overview.xlsx | https://floridarevenue.com/property/dataportal/Documents/PTO%20Data%20Portal/Databook%20Historical%20Data/2022DataBookFiles/millage_taxes_levied.xlsx,"2022 final roll figures. Homestead parcel count and homestead just and assessed value totals are not published by DOR for this year at county level (the Data Book has no homestead breakout and DOR no longer hosts pre-2026 NAL roll files), so they, the per-homestead average and the tax estimate are left blank."
Indian River,2023,,,,10698566522,,14.0076,,"FDOR Property Tax Oversight, Data Book: county_overview.xlsx, sheet 'Save Our Homes Value History', column 2023 (latest revision, as carried in the 2026 Data Book) | FDOR Data Book 2023: millage_taxes_levied.xlsx, sheet 'Millage Rates', column 'Total Millage Rate'",https://floridarevenue.com/property/Documents/county_overview.xlsx | https://floridarevenue.com/property/dataportal/Documents/PTO%20Data%20Portal/Databook%20Historical%20Data/2023DataBookFiles/millage_taxes_levied.xlsx,"2023 final roll figures. Homestead parcel count and homestead just and assessed value totals are not published by DOR for this year at county level (the Data Book has no homestead breakout and DOR no longer hosts pre-2026 NAL roll files), so they, the per-homestead average and the tax estimate are left blank."
Indian River,2024,,,,11107427633,,14.1617,,"FDOR Property Tax Oversight, Data Book: county_overview.xlsx, sheet 'Save Our Homes Value History', column 2024 (latest revision, as carried in the 2026 Data Book) | FDOR Data Book 2024: millage_taxes_levied.xlsx, sheet 'Millage Rates', column 'Total Millage Rate'",https://floridarevenue.com/property/Documents/county_overview.xlsx | https://floridarevenue.com/property/dataportal/Documents/PTO%20Data%20Portal/Databook%20Historical%20Data/2024DataBookFiles/millage_taxes_levied.xlsx,"2024 final roll figures. Homestead parcel count and homestead just and assessed value totals are not published by DOR for this year at county level (the Data Book has no homestead breakout and DOR no longer hosts pre-2026 NAL roll files), so they, the per-homestead average and the tax estimate are left blank."
Indian River,2025,,,,10891352276,,14.1659,,"FDOR Property Tax Oversight, Data Book: county_overview.xlsx, sheet 'Save Our Homes Value History', column 2025 (latest revision, as carried in the 2026 Data Book) | FDOR Data Book 2025: millage_taxes_levied.xlsx, sheet 'Millage Rates', column 'Total Millage Rate'",https://floridarevenue.com/property/Documents/county_overview.xlsx | https://floridarevenue.com/property/dataportal/Documents/PTO%20Data%20Portal/Databook%20Historical%20Data/2025DataBookFiles/millage_taxes_levied.xlsx,"2025 final roll figures. Homestead parcel count and homestead just and assessed value totals are not published by DOR for this year at county level (the Data Book has no homestead breakout and DOR no longer hosts pre-2026 NAL roll files), so they, the per-homestead average and the tax estimate are left blank."
Indian River,2026,51024,29039680137,18746858759,10384912325,201725,,2858,"FDOR Property Tax Oversight, Data Book: county_overview.xlsx, sheet 'Save Our Homes Value History', column 2026 (2026 preliminary roll) | FDOR NAL roll file 'Indian River 41 Preliminary NAL 2026.zip' (Preliminary 2026 roll): parcels with JV_HMSTD > 0; sums of JV_HMSTD and AV_HMSTD | FDOR Data Book 2025: millage_taxes_levied.xlsx 'Total Millage Rate' (used for the 2026 estimate)",https://floridarevenue.com/property/Documents/county_overview.xlsx | https://floridarevenue.com/property/dataportal/Documents/PTO%20Data%20Portal/Tax%20Roll%20Data%20Files/NAL/2026P/Indian%20River%2041%20Preliminary%20NAL%202026.zip | https://floridarevenue.com/property/dataportal/Documents/PTO%20Data%20Portal/Databook%20Historical%20Data/2025DataBookFiles/millage_taxes_levied.xlsx,"2026 preliminary roll. Homestead parcels = NAL parcels with JV_HMSTD > 0. avg_soh_differential_per_homestead = (homestead_just_value_total minus homestead_assessed_value_total) / homestead_parcels, all from the NAL; the NAL differential (10,292,821,378) is -0.9% versus the Data Book soh_differential_total. avg_total_millage left blank: 2026 levies are not yet published by DOR. ESTIMATE: est_avg_annual_tax_saved = avg_soh_differential_per_homestead x 2025 DOR Total Millage Rate (14.1659) / 1000."
Jackson,2022,,,,263733228,,13.1692,,"FDOR Property Tax Oversight, Data Book: county_overview.xlsx, sheet 'Save Our Homes Value History', column 2022 (latest revision, as carried in the 2026 Data Book) | FDOR Data Book 2022: millage_taxes_levied.xlsx, sheet 'Millage Rates', column 'Total Millage Rate'",https://floridarevenue.com/property/Documents/county_overview.xlsx | https://floridarevenue.com/property/dataportal/Documents/PTO%20Data%20Portal/Databook%20Historical%20Data/2022DataBookFiles/millage_taxes_levied.xlsx,"2022 final roll figures. Homestead parcel count and homestead just and assessed value totals are not published by DOR for this year at county level (the Data Book has no homestead breakout and DOR no longer hosts pre-2026 NAL roll files), so they, the per-homestead average and the tax estimate are left blank."
Jackson,2023,,,,470249884,,13.9409,,"FDOR Property Tax Oversight, Data Book: county_overview.xlsx, sheet 'Save Our Homes Value History', column 2023 (latest revision, as carried in the 2026 Data Book) | FDOR Data Book 2023: millage_taxes_levied.xlsx, sheet 'Millage Rates', column 'Total Millage Rate'",https://floridarevenue.com/property/Documents/county_overview.xlsx | https://floridarevenue.com/property/dataportal/Documents/PTO%20Data%20Portal/Databook%20Historical%20Data/2023DataBookFiles/millage_taxes_levied.xlsx,"2023 final roll figures. Homestead parcel count and homestead just and assessed value totals are not published by DOR for this year at county level (the Data Book has no homestead breakout and DOR no longer hosts pre-2026 NAL roll files), so they, the per-homestead average and the tax estimate are left blank."
Jackson,2024,,,,549234288,,14.2248,,"FDOR Property Tax Oversight, Data Book: county_overview.xlsx, sheet 'Save Our Homes Value History', column 2024 (latest revision, as carried in the 2026 Data Book) | FDOR Data Book 2024: millage_taxes_levied.xlsx, sheet 'Millage Rates', column 'Total Millage Rate'",https://floridarevenue.com/property/Documents/county_overview.xlsx | https://floridarevenue.com/property/dataportal/Documents/PTO%20Data%20Portal/Databook%20Historical%20Data/2024DataBookFiles/millage_taxes_levied.xlsx,"2024 final roll figures. Homestead parcel count and homestead just and assessed value totals are not published by DOR for this year at county level (the Data Book has no homestead breakout and DOR no longer hosts pre-2026 NAL roll files), so they, the per-homestead average and the tax estimate are left blank."
Jackson,2025,,,,498384018,,14.2637,,"FDOR Property Tax Oversight, Data Book: county_overview.xlsx, sheet 'Save Our Homes Value History', column 2025 (latest revision, as carried in the 2026 Data Book) | FDOR Data Book 2025: millage_taxes_levied.xlsx, sheet 'Millage Rates', column 'Total Millage Rate'",https://floridarevenue.com/property/Documents/county_overview.xlsx | https://floridarevenue.com/property/dataportal/Documents/PTO%20Data%20Portal/Databook%20Historical%20Data/2025DataBookFiles/millage_taxes_levied.xlsx,"2025 final roll figures. Homestead parcel count and homestead just and assessed value totals are not published by DOR for this year at county level (the Data Book has no homestead breakout and DOR no longer hosts pre-2026 NAL roll files), so they, the per-homestead average and the tax estimate are left blank."
Jackson,2026,10606,1695106508,1206099008,491064632,46107,,658,"FDOR Property Tax Oversight, Data Book: county_overview.xlsx, sheet 'Save Our Homes Value History', column 2026 (2026 preliminary roll) | FDOR NAL roll file 'Jackson 42 Preliminary NAL 2026.zip' (Preliminary 2026 roll): parcels with JV_HMSTD > 0; sums of JV_HMSTD and AV_HMSTD | FDOR Data Book 2025: millage_taxes_levied.xlsx 'Total Millage Rate' (used for the 2026 estimate)",https://floridarevenue.com/property/Documents/county_overview.xlsx | https://floridarevenue.com/property/dataportal/Documents/PTO%20Data%20Portal/Tax%20Roll%20Data%20Files/NAL/2026P/Jackson%2042%20Preliminary%20NAL%202026.zip | https://floridarevenue.com/property/dataportal/Documents/PTO%20Data%20Portal/Databook%20Historical%20Data/2025DataBookFiles/millage_taxes_levied.xlsx,"2026 preliminary roll. Homestead parcels = NAL parcels with JV_HMSTD > 0. avg_soh_differential_per_homestead = (homestead_just_value_total minus homestead_assessed_value_total) / homestead_parcels, all from the NAL; the NAL differential (489,007,500) is -0.4% versus the Data Book soh_differential_total. avg_total_millage left blank: 2026 levies are not yet published by DOR. ESTIMATE: est_avg_annual_tax_saved = avg_soh_differential_per_homestead x 2025 DOR Total Millage Rate (14.2637) / 1000."
Jefferson,2022,,,,162162617,,14.5291,,"FDOR Property Tax Oversight, Data Book: county_overview.xlsx, sheet 'Save Our Homes Value History', column 2022 (latest revision, as carried in the 2026 Data Book) | FDOR Data Book 2022: millage_taxes_levied.xlsx, sheet 'Millage Rates', column 'Total Millage Rate'",https://floridarevenue.com/property/Documents/county_overview.xlsx | https://floridarevenue.com/property/dataportal/Documents/PTO%20Data%20Portal/Databook%20Historical%20Data/2022DataBookFiles/millage_taxes_levied.xlsx,"2022 final roll figures. Homestead parcel count and homestead just and assessed value totals are not published by DOR for this year at county level (the Data Book has no homestead breakout and DOR no longer hosts pre-2026 NAL roll files), so they, the per-homestead average and the tax estimate are left blank."
Jefferson,2023,,,,258246893,,14.2904,,"FDOR Property Tax Oversight, Data Book: county_overview.xlsx, sheet 'Save Our Homes Value History', column 2023 (latest revision, as carried in the 2026 Data Book) | FDOR Data Book 2023: millage_taxes_levied.xlsx, sheet 'Millage Rates', column 'Total Millage Rate'",https://floridarevenue.com/property/Documents/county_overview.xlsx | https://floridarevenue.com/property/dataportal/Documents/PTO%20Data%20Portal/Databook%20Historical%20Data/2023DataBookFiles/millage_taxes_levied.xlsx,"2023 final roll figures. Homestead parcel count and homestead just and assessed value totals are not published by DOR for this year at county level (the Data Book has no homestead breakout and DOR no longer hosts pre-2026 NAL roll files), so they, the per-homestead average and the tax estimate are left blank."
Jefferson,2024,,,,258959377,,14.2038,,"FDOR Property Tax Oversight, Data Book: county_overview.xlsx, sheet 'Save Our Homes Value History', column 2024 (latest revision, as carried in the 2026 Data Book) | FDOR Data Book 2024: millage_taxes_levied.xlsx, sheet 'Millage Rates', column 'Total Millage Rate'",https://floridarevenue.com/property/Documents/county_overview.xlsx | https://floridarevenue.com/property/dataportal/Documents/PTO%20Data%20Portal/Databook%20Historical%20Data/2024DataBookFiles/millage_taxes_levied.xlsx,"2024 final roll figures. Homestead parcel count and homestead just and assessed value totals are not published by DOR for this year at county level (the Data Book has no homestead breakout and DOR no longer hosts pre-2026 NAL roll files), so they, the per-homestead average and the tax estimate are left blank."
Jefferson,2025,,,,264982490,,13.8674,,"FDOR Property Tax Oversight, Data Book: county_overview.xlsx, sheet 'Save Our Homes Value History', column 2025 (latest revision, as carried in the 2026 Data Book) | FDOR Data Book 2025: millage_taxes_levied.xlsx, sheet 'Millage Rates', column 'Total Millage Rate'",https://floridarevenue.com/property/Documents/county_overview.xlsx | https://floridarevenue.com/property/dataportal/Documents/PTO%20Data%20Portal/Databook%20Historical%20Data/2025DataBookFiles/millage_taxes_levied.xlsx,"2025 final roll figures. Homestead parcel count and homestead just and assessed value totals are not published by DOR for this year at county level (the Data Book has no homestead breakout and DOR no longer hosts pre-2026 NAL roll files), so they, the per-homestead average and the tax estimate are left blank."
Jefferson,2026,3946,833745451,589228037,252387970,61966,,859,"FDOR Property Tax Oversight, Data Book: county_overview.xlsx, sheet 'Save Our Homes Value History', column 2026 (2026 preliminary roll) | FDOR NAL roll file 'Jefferson 43 Preliminary NAL 2026.zip' (Preliminary 2026 roll): parcels with JV_HMSTD > 0; sums of JV_HMSTD and AV_HMSTD | FDOR Data Book 2025: millage_taxes_levied.xlsx 'Total Millage Rate' (used for the 2026 estimate)",https://floridarevenue.com/property/Documents/county_overview.xlsx | https://floridarevenue.com/property/dataportal/Documents/PTO%20Data%20Portal/Tax%20Roll%20Data%20Files/NAL/2026P/Jefferson%2043%20Preliminary%20NAL%202026.zip | https://floridarevenue.com/property/dataportal/Documents/PTO%20Data%20Portal/Databook%20Historical%20Data/2025DataBookFiles/millage_taxes_levied.xlsx,"2026 preliminary roll. Homestead parcels = NAL parcels with JV_HMSTD > 0. avg_soh_differential_per_homestead = (homestead_just_value_total minus homestead_assessed_value_total) / homestead_parcels, all from the NAL; the NAL differential (244,517,414) is -3.1% versus the Data Book soh_differential_total. avg_total_millage left blank: 2026 levies are not yet published by DOR. ESTIMATE: est_avg_annual_tax_saved = avg_soh_differential_per_homestead x 2025 DOR Total Millage Rate (13.8674) / 1000."
Lafayette,2022,,,,52340753,,16.3515,,"FDOR Property Tax Oversight, Data Book: county_overview.xlsx, sheet 'Save Our Homes Value History', column 2022 (latest revision, as carried in the 2026 Data Book) | FDOR Data Book 2022: millage_taxes_levied.xlsx, sheet 'Millage Rates', column 'Total Millage Rate'",https://floridarevenue.com/property/Documents/county_overview.xlsx | https://floridarevenue.com/property/dataportal/Documents/PTO%20Data%20Portal/Databook%20Historical%20Data/2022DataBookFiles/millage_taxes_levied.xlsx,"2022 final roll figures. Homestead parcel count and homestead just and assessed value totals are not published by DOR for this year at county level (the Data Book has no homestead breakout and DOR no longer hosts pre-2026 NAL roll files), so they, the per-homestead average and the tax estimate are left blank."
Lafayette,2023,,,,84137739,,16.2133,,"FDOR Property Tax Oversight, Data Book: county_overview.xlsx, sheet 'Save Our Homes Value History', column 2023 (latest revision, as carried in the 2026 Data Book) | FDOR Data Book 2023: millage_taxes_levied.xlsx, sheet 'Millage Rates', column 'Total Millage Rate'",https://floridarevenue.com/property/Documents/county_overview.xlsx | https://floridarevenue.com/property/dataportal/Documents/PTO%20Data%20Portal/Databook%20Historical%20Data/2023DataBookFiles/millage_taxes_levied.xlsx,"2023 final roll figures. Homestead parcel count and homestead just and assessed value totals are not published by DOR for this year at county level (the Data Book has no homestead breakout and DOR no longer hosts pre-2026 NAL roll files), so they, the per-homestead average and the tax estimate are left blank."
Lafayette,2024,,,,83853913,,16.255,,"FDOR Property Tax Oversight, Data Book: county_overview.xlsx, sheet 'Save Our Homes Value History', column 2024 (latest revision, as carried in the 2026 Data Book) | FDOR Data Book 2024: millage_taxes_levied.xlsx, sheet 'Millage Rates', column 'Total Millage Rate'",https://floridarevenue.com/property/Documents/county_overview.xlsx | https://floridarevenue.com/property/dataportal/Documents/PTO%20Data%20Portal/Databook%20Historical%20Data/2024DataBookFiles/millage_taxes_levied.xlsx,"2024 final roll figures. Homestead parcel count and homestead just and assessed value totals are not published by DOR for this year at county level (the Data Book has no homestead breakout and DOR no longer hosts pre-2026 NAL roll files), so they, the per-homestead average and the tax estimate are left blank."
Lafayette,2025,,,,91430185,,16.2231,,"FDOR Property Tax Oversight, Data Book: county_overview.xlsx, sheet 'Save Our Homes Value History', column 2025 (latest revision, as carried in the 2026 Data Book) | FDOR Data Book 2025: millage_taxes_levied.xlsx, sheet 'Millage Rates', column 'Total Millage Rate'",https://floridarevenue.com/property/Documents/county_overview.xlsx | https://floridarevenue.com/property/dataportal/Documents/PTO%20Data%20Portal/Databook%20Historical%20Data/2025DataBookFiles/millage_taxes_levied.xlsx,"2025 final roll figures. Homestead parcel count and homestead just and assessed value totals are not published by DOR for this year at county level (the Data Book has no homestead breakout and DOR no longer hosts pre-2026 NAL roll files), so they, the per-homestead average and the tax estimate are left blank."
Lafayette,2026,1862,302109827,209463684,93955946,49756,,807,"FDOR Property Tax Oversight, Data Book: county_overview.xlsx, sheet 'Save Our Homes Value History', column 2026 (2026 preliminary roll) | FDOR NAL roll file 'Lafayette 44 Preliminary NAL 2026.zip' (Preliminary 2026 roll): parcels with JV_HMSTD > 0; sums of JV_HMSTD and AV_HMSTD | FDOR Data Book 2025: millage_taxes_levied.xlsx 'Total Millage Rate' (used for the 2026 estimate)",https://floridarevenue.com/property/Documents/county_overview.xlsx | https://floridarevenue.com/property/dataportal/Documents/PTO%20Data%20Portal/Tax%20Roll%20Data%20Files/NAL/2026P/Lafayette%2044%20Preliminary%20NAL%202026.zip | https://floridarevenue.com/property/dataportal/Documents/PTO%20Data%20Portal/Databook%20Historical%20Data/2025DataBookFiles/millage_taxes_levied.xlsx,"2026 preliminary roll. Homestead parcels = NAL parcels with JV_HMSTD > 0. avg_soh_differential_per_homestead = (homestead_just_value_total minus homestead_assessed_value_total) / homestead_parcels, all from the NAL; the NAL differential (92,646,143) is -1.4% versus the Data Book soh_differential_total. avg_total_millage left blank: 2026 levies are not yet published by DOR. ESTIMATE: est_avg_annual_tax_saved = avg_soh_differential_per_homestead x 2025 DOR Total Millage Rate (16.2231) / 1000."
Lake,2022,,,,8086862508,,15.972,,"FDOR Property Tax Oversight, Data Book: county_overview.xlsx, sheet 'Save Our Homes Value History', column 2022 (latest revision, as carried in the 2026 Data Book) | FDOR Data Book 2022: millage_taxes_levied.xlsx, sheet 'Millage Rates', column 'Total Millage Rate'",https://floridarevenue.com/property/Documents/county_overview.xlsx | https://floridarevenue.com/property/dataportal/Documents/PTO%20Data%20Portal/Databook%20Historical%20Data/2022DataBookFiles/millage_taxes_levied.xlsx,"2022 final roll figures. Homestead parcel count and homestead just and assessed value totals are not published by DOR for this year at county level (the Data Book has no homestead breakout and DOR no longer hosts pre-2026 NAL roll files), so they, the per-homestead average and the tax estimate are left blank."
Lake,2023,,,,10666907455,,15.7082,,"FDOR Property Tax Oversight, Data Book: county_overview.xlsx, sheet 'Save Our Homes Value History', column 2023 (latest revision, as carried in the 2026 Data Book) | FDOR Data Book 2023: millage_taxes_levied.xlsx, sheet 'Millage Rates', column 'Total Millage Rate'",https://floridarevenue.com/property/Documents/county_overview.xlsx | https://floridarevenue.com/property/dataportal/Documents/PTO%20Data%20Portal/Databook%20Historical%20Data/2023DataBookFiles/millage_taxes_levied.xlsx,"2023 final roll figures. Homestead parcel count and homestead just and assessed value totals are not published by DOR for this year at county level (the Data Book has no homestead breakout and DOR no longer hosts pre-2026 NAL roll files), so they, the per-homestead average and the tax estimate are left blank."
Lake,2024,,,,11617260742,,15.8028,,"FDOR Property Tax Oversight, Data Book: county_overview.xlsx, sheet 'Save Our Homes Value History', column 2024 (latest revision, as carried in the 2026 Data Book) | FDOR Data Book 2024: millage_taxes_levied.xlsx, sheet 'Millage Rates', column 'Total Millage Rate'",https://floridarevenue.com/property/Documents/county_overview.xlsx | https://floridarevenue.com/property/dataportal/Documents/PTO%20Data%20Portal/Databook%20Historical%20Data/2024DataBookFiles/millage_taxes_levied.xlsx,"2024 final roll figures. Homestead parcel count and homestead just and assessed value totals are not published by DOR for this year at county level (the Data Book has no homestead breakout and DOR no longer hosts pre-2026 NAL roll files), so they, the per-homestead average and the tax estimate are left blank."
Lake,2025,,,,11570924570,,15.6324,,"FDOR Property Tax Oversight, Data Book: county_overview.xlsx, sheet 'Save Our Homes Value History', column 2025 (latest revision, as carried in the 2026 Data Book) | FDOR Data Book 2025: millage_taxes_levied.xlsx, sheet 'Millage Rates', column 'Total Millage Rate'",https://floridarevenue.com/property/Documents/county_overview.xlsx | https://floridarevenue.com/property/dataportal/Documents/PTO%20Data%20Portal/Databook%20Historical%20Data/2025DataBookFiles/millage_taxes_levied.xlsx,"2025 final roll figures. Homestead parcel count and homestead just and assessed value totals are not published by DOR for this year at county level (the Data Book has no homestead breakout and DOR no longer hosts pre-2026 NAL roll files), so they, the per-homestead average and the tax estimate are left blank."
Lake,2026,114071,39058726298,28026585017,11152080457,96713,,1512,"FDOR Property Tax Oversight, Data Book: county_overview.xlsx, sheet 'Save Our Homes Value History', column 2026 (2026 preliminary roll) | FDOR NAL roll file 'Lake 45 Preliminary NAL 2026.zip' (Preliminary 2026 roll): parcels with JV_HMSTD > 0; sums of JV_HMSTD and AV_HMSTD | FDOR Data Book 2025: millage_taxes_levied.xlsx 'Total Millage Rate' (used for the 2026 estimate)",https://floridarevenue.com/property/Documents/county_overview.xlsx | https://floridarevenue.com/property/dataportal/Documents/PTO%20Data%20Portal/Tax%20Roll%20Data%20Files/NAL/2026P/Lake%2045%20Preliminary%20NAL%202026.zip | https://floridarevenue.com/property/dataportal/Documents/PTO%20Data%20Portal/Databook%20Historical%20Data/2025DataBookFiles/millage_taxes_levied.xlsx,"2026 preliminary roll. Homestead parcels = NAL parcels with JV_HMSTD > 0. avg_soh_differential_per_homestead = (homestead_just_value_total minus homestead_assessed_value_total) / homestead_parcels, all from the NAL; the NAL differential (11,032,141,281) is -1.1% versus the Data Book soh_differential_total. avg_total_millage left blank: 2026 levies are not yet published by DOR. ESTIMATE: est_avg_annual_tax_saved = avg_soh_differential_per_homestead x 2025 DOR Total Millage Rate (15.6324) / 1000."
Lee,2022,,,,29246870068,,14.4523,,"FDOR Property Tax Oversight, Data Book: county_overview.xlsx, sheet 'Save Our Homes Value History', column 2022 (latest revision, as carried in the 2026 Data Book) | FDOR Data Book 2022: millage_taxes_levied.xlsx, sheet 'Millage Rates', column 'Total Millage Rate'",https://floridarevenue.com/property/Documents/county_overview.xlsx | https://floridarevenue.com/property/dataportal/Documents/PTO%20Data%20Portal/Databook%20Historical%20Data/2022DataBookFiles/millage_taxes_levied.xlsx,"2022 final roll figures. Homestead parcel count and homestead just and assessed value totals are not published by DOR for this year at county level (the Data Book has no homestead breakout and DOR no longer hosts pre-2026 NAL roll files), so they, the per-homestead average and the tax estimate are left blank."
Lee,2023,,,,36332157099,,14.3008,,"FDOR Property Tax Oversight, Data Book: county_overview.xlsx, sheet 'Save Our Homes Value History', column 2023 (latest revision, as carried in the 2026 Data Book) | FDOR Data Book 2023: millage_taxes_levied.xlsx, sheet 'Millage Rates', column 'Total Millage Rate'",https://floridarevenue.com/property/Documents/county_overview.xlsx | https://floridarevenue.com/property/dataportal/Documents/PTO%20Data%20Portal/Databook%20Historical%20Data/2023DataBookFiles/millage_taxes_levied.xlsx,"2023 final roll figures. Homestead parcel count and homestead just and assessed value totals are not published by DOR for this year at county level (the Data Book has no homestead breakout and DOR no longer hosts pre-2026 NAL roll files), so they, the per-homestead average and the tax estimate are left blank."
Lee,2024,,,,36058762947,,14.0306,,"FDOR Property Tax Oversight, Data Book: county_overview.xlsx, sheet 'Save Our Homes Value History', column 2024 (latest revision, as carried in the 2026 Data Book) | FDOR Data Book 2024: millage_taxes_levied.xlsx, sheet 'Millage Rates', column 'Total Millage Rate'",https://floridarevenue.com/property/Documents/county_overview.xlsx | https://floridarevenue.com/property/dataportal/Documents/PTO%20Data%20Portal/Databook%20Historical%20Data/2024DataBookFiles/millage_taxes_levied.xlsx,"2024 final roll figures. Homestead parcel count and homestead just and assessed value totals are not published by DOR for this year at county level (the Data Book has no homestead breakout and DOR no longer hosts pre-2026 NAL roll files), so they, the per-homestead average and the tax estimate are left blank."
Lee,2025,,,,29296685229,,13.9967,,"FDOR Property Tax Oversight, Data Book: county_overview.xlsx, sheet 'Save Our Homes Value History', column 2025 (latest revision, as carried in the 2026 Data Book) | FDOR Data Book 2025: millage_taxes_levied.xlsx, sheet 'Millage Rates', column 'Total Millage Rate'",https://floridarevenue.com/property/Documents/county_overview.xlsx | https://floridarevenue.com/property/dataportal/Documents/PTO%20Data%20Portal/Databook%20Historical%20Data/2025DataBookFiles/millage_taxes_levied.xlsx,"2025 final roll figures. Homestead parcel count and homestead just and assessed value totals are not published by DOR for this year at county level (the Data Book has no homestead breakout and DOR no longer hosts pre-2026 NAL roll files), so they, the per-homestead average and the tax estimate are left blank."
Lee,2026,214474,87407737043,64568398227,23054261774,106490,,1491,"FDOR Property Tax Oversight, Data Book: county_overview.xlsx, sheet 'Save Our Homes Value History', column 2026 (2026 preliminary roll) | FDOR NAL roll file 'Lee 46 Preliminary NAL 2026.zip' (Preliminary 2026 roll): parcels with JV_HMSTD > 0; sums of JV_HMSTD and AV_HMSTD | FDOR Data Book 2025: millage_taxes_levied.xlsx 'Total Millage Rate' (used for the 2026 estimate)",https://floridarevenue.com/property/Documents/county_overview.xlsx | https://floridarevenue.com/property/dataportal/Documents/PTO%20Data%20Portal/Tax%20Roll%20Data%20Files/NAL/2026P/Lee%2046%20Preliminary%20NAL%202026.zip | https://floridarevenue.com/property/dataportal/Documents/PTO%20Data%20Portal/Databook%20Historical%20Data/2025DataBookFiles/millage_taxes_levied.xlsx,"2026 preliminary roll. Homestead parcels = NAL parcels with JV_HMSTD > 0. avg_soh_differential_per_homestead = (homestead_just_value_total minus homestead_assessed_value_total) / homestead_parcels, all from the NAL; the NAL differential (22,839,338,816) is -0.9% versus the Data Book soh_differential_total. avg_total_millage left blank: 2026 levies are not yet published by DOR. ESTIMATE: est_avg_annual_tax_saved = avg_soh_differential_per_homestead x 2025 DOR Total Millage Rate (13.9967) / 1000."
Leon,2022,,,,3523408344,,17.4732,,"FDOR Property Tax Oversight, Data Book: county_overview.xlsx, sheet 'Save Our Homes Value History', column 2022 (latest revision, as carried in the 2026 Data Book) | FDOR Data Book 2022: millage_taxes_levied.xlsx, sheet 'Millage Rates', column 'Total Millage Rate'",https://floridarevenue.com/property/Documents/county_overview.xlsx | https://floridarevenue.com/property/dataportal/Documents/PTO%20Data%20Portal/Databook%20Historical%20Data/2022DataBookFiles/millage_taxes_levied.xlsx,"2022 final roll figures. Homestead parcel count and homestead just and assessed value totals are not published by DOR for this year at county level (the Data Book has no homestead breakout and DOR no longer hosts pre-2026 NAL roll files), so they, the per-homestead average and the tax estimate are left blank."
Leon,2023,,,,4394587537,,17.9299,,"FDOR Property Tax Oversight, Data Book: county_overview.xlsx, sheet 'Save Our Homes Value History', column 2023 (latest revision, as carried in the 2026 Data Book) | FDOR Data Book 2023: millage_taxes_levied.xlsx, sheet 'Millage Rates', column 'Total Millage Rate'",https://floridarevenue.com/property/Documents/county_overview.xlsx | https://floridarevenue.com/property/dataportal/Documents/PTO%20Data%20Portal/Databook%20Historical%20Data/2023DataBookFiles/millage_taxes_levied.xlsx,"2023 final roll figures. Homestead parcel count and homestead just and assessed value totals are not published by DOR for this year at county level (the Data Book has no homestead breakout and DOR no longer hosts pre-2026 NAL roll files), so they, the per-homestead average and the tax estimate are left blank."
Leon,2024,,,,4638557695,,17.7998,,"FDOR Property Tax Oversight, Data Book: county_overview.xlsx, sheet 'Save Our Homes Value History', column 2024 (latest revision, as carried in the 2026 Data Book) | FDOR Data Book 2024: millage_taxes_levied.xlsx, sheet 'Millage Rates', column 'Total Millage Rate'",https://floridarevenue.com/property/Documents/county_overview.xlsx | https://floridarevenue.com/property/dataportal/Documents/PTO%20Data%20Portal/Databook%20Historical%20Data/2024DataBookFiles/millage_taxes_levied.xlsx,"2024 final roll figures. Homestead parcel count and homestead just and assessed value totals are not published by DOR for this year at county level (the Data Book has no homestead breakout and DOR no longer hosts pre-2026 NAL roll files), so they, the per-homestead average and the tax estimate are left blank."
Leon,2025,,,,4842335507,,17.8003,,"FDOR Property Tax Oversight, Data Book: county_overview.xlsx, sheet 'Save Our Homes Value History', column 2025 (latest revision, as carried in the 2026 Data Book) | FDOR Data Book 2025: millage_taxes_levied.xlsx, sheet 'Millage Rates', column 'Total Millage Rate'",https://floridarevenue.com/property/Documents/county_overview.xlsx | https://floridarevenue.com/property/dataportal/Documents/PTO%20Data%20Portal/Databook%20Historical%20Data/2025DataBookFiles/millage_taxes_levied.xlsx,"2025 final roll figures. Homestead parcel count and homestead just and assessed value totals are not published by DOR for this year at county level (the Data Book has no homestead breakout and DOR no longer hosts pre-2026 NAL roll files), so they, the per-homestead average and the tax estimate are left blank."
Leon,2026,58098,18196226113,13594440202,4721890681,79207,,1410,"FDOR Property Tax Oversight, Data Book: county_overview.xlsx, sheet 'Save Our Homes Value History', column 2026 (2026 preliminary roll) | FDOR NAL roll file 'Leon 47 Preliminary NAL 2026.zip' (Preliminary 2026 roll): parcels with JV_HMSTD > 0; sums of JV_HMSTD and AV_HMSTD | FDOR Data Book 2025: millage_taxes_levied.xlsx 'Total Millage Rate' (used for the 2026 estimate)",https://floridarevenue.com/property/Documents/county_overview.xlsx | https://floridarevenue.com/property/dataportal/Documents/PTO%20Data%20Portal/Tax%20Roll%20Data%20Files/NAL/2026P/Leon%2047%20Preliminary%20NAL%202026.zip | https://floridarevenue.com/property/dataportal/Documents/PTO%20Data%20Portal/Databook%20Historical%20Data/2025DataBookFiles/millage_taxes_levied.xlsx,"2026 preliminary roll. Homestead parcels = NAL parcels with JV_HMSTD > 0. avg_soh_differential_per_homestead = (homestead_just_value_total minus homestead_assessed_value_total) / homestead_parcels, all from the NAL; the NAL differential (4,601,785,911) is -2.5% versus the Data Book soh_differential_total. avg_total_millage left blank: 2026 levies are not yet published by DOR. ESTIMATE: est_avg_annual_tax_saved = avg_soh_differential_per_homestead x 2025 DOR Total Millage Rate (17.8003) / 1000."
Levy,2022,,,,819077626,,16.5509,,"FDOR Property Tax Oversight, Data Book: county_overview.xlsx, sheet 'Save Our Homes Value History', column 2022 (latest revision, as carried in the 2026 Data Book) | FDOR Data Book 2022: millage_taxes_levied.xlsx, sheet 'Millage Rates', column 'Total Millage Rate'",https://floridarevenue.com/property/Documents/county_overview.xlsx | https://floridarevenue.com/property/dataportal/Documents/PTO%20Data%20Portal/Databook%20Historical%20Data/2022DataBookFiles/millage_taxes_levied.xlsx,"2022 final roll figures. Homestead parcel count and homestead just and assessed value totals are not published by DOR for this year at county level (the Data Book has no homestead breakout and DOR no longer hosts pre-2026 NAL roll files), so they, the per-homestead average and the tax estimate are left blank."
Levy,2023,,,,1111072096,,16.4887,,"FDOR Property Tax Oversight, Data Book: county_overview.xlsx, sheet 'Save Our Homes Value History', column 2023 (latest revision, as carried in the 2026 Data Book) | FDOR Data Book 2023: millage_taxes_levied.xlsx, sheet 'Millage Rates', column 'Total Millage Rate'",https://floridarevenue.com/property/Documents/county_overview.xlsx | https://floridarevenue.com/property/dataportal/Documents/PTO%20Data%20Portal/Databook%20Historical%20Data/2023DataBookFiles/millage_taxes_levied.xlsx,"2023 final roll figures. Homestead parcel count and homestead just and assessed value totals are not published by DOR for this year at county level (the Data Book has no homestead breakout and DOR no longer hosts pre-2026 NAL roll files), so they, the per-homestead average and the tax estimate are left blank."
Levy,2024,,,,1168604350,,15.5956,,"FDOR Property Tax Oversight, Data Book: county_overview.xlsx, sheet 'Save Our Homes Value History', column 2024 (latest revision, as carried in the 2026 Data Book) | FDOR Data Book 2024: millage_taxes_levied.xlsx, sheet 'Millage Rates', column 'Total Millage Rate'",https://floridarevenue.com/property/Documents/county_overview.xlsx | https://floridarevenue.com/property/dataportal/Documents/PTO%20Data%20Portal/Databook%20Historical%20Data/2024DataBookFiles/millage_taxes_levied.xlsx,"2024 final roll figures. Homestead parcel count and homestead just and assessed value totals are not published by DOR for this year at county level (the Data Book has no homestead breakout and DOR no longer hosts pre-2026 NAL roll files), so they, the per-homestead average and the tax estimate are left blank."
Levy,2025,,,,1145948276,,16.0399,,"FDOR Property Tax Oversight, Data Book: county_overview.xlsx, sheet 'Save Our Homes Value History', column 2025 (latest revision, as carried in the 2026 Data Book) | FDOR Data Book 2025: millage_taxes_levied.xlsx, sheet 'Millage Rates', column 'Total Millage Rate'",https://floridarevenue.com/property/Documents/county_overview.xlsx | https://floridarevenue.com/property/dataportal/Documents/PTO%20Data%20Portal/Databook%20Historical%20Data/2025DataBookFiles/millage_taxes_levied.xlsx,"2025 final roll figures. Homestead parcel count and homestead just and assessed value totals are not published by DOR for this year at county level (the Data Book has no homestead breakout and DOR no longer hosts pre-2026 NAL roll files), so they, the per-homestead average and the tax estimate are left blank."
Levy,2026,14224,2997350080,1902692949,1103346608,76958,,1234,"FDOR Property Tax Oversight, Data Book: county_overview.xlsx, sheet 'Save Our Homes Value History', column 2026 (2026 preliminary roll) | FDOR NAL roll file 'Levy 48 Preliminary NAL 2026.zip' (Preliminary 2026 roll): parcels with JV_HMSTD > 0; sums of JV_HMSTD and AV_HMSTD | FDOR Data Book 2025: millage_taxes_levied.xlsx 'Total Millage Rate' (used for the 2026 estimate)",https://floridarevenue.com/property/Documents/county_overview.xlsx | https://floridarevenue.com/property/dataportal/Documents/PTO%20Data%20Portal/Tax%20Roll%20Data%20Files/NAL/2026P/Levy%2048%20Preliminary%20NAL%202026.zip | https://floridarevenue.com/property/dataportal/Documents/PTO%20Data%20Portal/Databook%20Historical%20Data/2025DataBookFiles/millage_taxes_levied.xlsx,"2026 preliminary roll. Homestead parcels = NAL parcels with JV_HMSTD > 0. avg_soh_differential_per_homestead = (homestead_just_value_total minus homestead_assessed_value_total) / homestead_parcels, all from the NAL; the NAL differential (1,094,657,131) is -0.8% versus the Data Book soh_differential_total. avg_total_millage left blank: 2026 levies are not yet published by DOR. ESTIMATE: est_avg_annual_tax_saved = avg_soh_differential_per_homestead x 2025 DOR Total Millage Rate (16.0399) / 1000."
Liberty,2022,,,,22650717,,15.2034,,"FDOR Property Tax Oversight, Data Book: county_overview.xlsx, sheet 'Save Our Homes Value History', column 2022 (latest revision, as carried in the 2026 Data Book) | FDOR Data Book 2022: millage_taxes_levied.xlsx, sheet 'Millage Rates', column 'Total Millage Rate'",https://floridarevenue.com/property/Documents/county_overview.xlsx | https://floridarevenue.com/property/dataportal/Documents/PTO%20Data%20Portal/Databook%20Historical%20Data/2022DataBookFiles/millage_taxes_levied.xlsx,"2022 final roll figures. Homestead parcel count and homestead just and assessed value totals are not published by DOR for this year at county level (the Data Book has no homestead breakout and DOR no longer hosts pre-2026 NAL roll files), so they, the per-homestead average and the tax estimate are left blank."
Liberty,2023,,,,23259660,,15.1961,,"FDOR Property Tax Oversight, Data Book: county_overview.xlsx, sheet 'Save Our Homes Value History', column 2023 (latest revision, as carried in the 2026 Data Book) | FDOR Data Book 2023: millage_taxes_levied.xlsx, sheet 'Millage Rates', column 'Total Millage Rate'",https://floridarevenue.com/property/Documents/county_overview.xlsx | https://floridarevenue.com/property/dataportal/Documents/PTO%20Data%20Portal/Databook%20Historical%20Data/2023DataBookFiles/millage_taxes_levied.xlsx,"2023 final roll figures. Homestead parcel count and homestead just and assessed value totals are not published by DOR for this year at county level (the Data Book has no homestead breakout and DOR no longer hosts pre-2026 NAL roll files), so they, the per-homestead average and the tax estimate are left blank."
Liberty,2024,,,,32481744,,15.3141,,"FDOR Property Tax Oversight, Data Book: county_overview.xlsx, sheet 'Save Our Homes Value History', column 2024 (latest revision, as carried in the 2026 Data Book) | FDOR Data Book 2024: millage_taxes_levied.xlsx, sheet 'Millage Rates', column 'Total Millage Rate'",https://floridarevenue.com/property/Documents/county_overview.xlsx | https://floridarevenue.com/property/dataportal/Documents/PTO%20Data%20Portal/Databook%20Historical%20Data/2024DataBookFiles/millage_taxes_levied.xlsx,"2024 final roll figures. Homestead parcel count and homestead just and assessed value totals are not published by DOR for this year at county level (the Data Book has no homestead breakout and DOR no longer hosts pre-2026 NAL roll files), so they, the per-homestead average and the tax estimate are left blank."
Liberty,2025,,,,40395372,,15.1744,,"FDOR Property Tax Oversight, Data Book: county_overview.xlsx, sheet 'Save Our Homes Value History', column 2025 (latest revision, as carried in the 2026 Data Book) | FDOR Data Book 2025: millage_taxes_levied.xlsx, sheet 'Millage Rates', column 'Total Millage Rate'",https://floridarevenue.com/property/Documents/county_overview.xlsx | https://floridarevenue.com/property/dataportal/Documents/PTO%20Data%20Portal/Databook%20Historical%20Data/2025DataBookFiles/millage_taxes_levied.xlsx,"2025 final roll figures. Homestead parcel count and homestead just and assessed value totals are not published by DOR for this year at county level (the Data Book has no homestead breakout and DOR no longer hosts pre-2026 NAL roll files), so they, the per-homestead average and the tax estimate are left blank."
Liberty,2026,1686,208321289,155051774,53807346,31595,,479,"FDOR Property Tax Oversight, Data Book: county_overview.xlsx, sheet 'Save Our Homes Value History', column 2026 (2026 preliminary roll) | FDOR NAL roll file 'Liberty 49 Preliminary NAL 2026.zip' (Preliminary 2026 roll): parcels with JV_HMSTD > 0; sums of JV_HMSTD and AV_HMSTD | FDOR Data Book 2025: millage_taxes_levied.xlsx 'Total Millage Rate' (used for the 2026 estimate)",https://floridarevenue.com/property/Documents/county_overview.xlsx | https://floridarevenue.com/property/dataportal/Documents/PTO%20Data%20Portal/Tax%20Roll%20Data%20Files/NAL/2026P/Liberty%2049%20Preliminary%20NAL%202026.zip | https://floridarevenue.com/property/dataportal/Documents/PTO%20Data%20Portal/Databook%20Historical%20Data/2025DataBookFiles/millage_taxes_levied.xlsx,"2026 preliminary roll. Homestead parcels = NAL parcels with JV_HMSTD > 0. avg_soh_differential_per_homestead = (homestead_just_value_total minus homestead_assessed_value_total) / homestead_parcels, all from the NAL; the NAL differential (53,269,515) is -1.0% versus the Data Book soh_differential_total. avg_total_millage left blank: 2026 levies are not yet published by DOR. ESTIMATE: est_avg_annual_tax_saved = avg_soh_differential_per_homestead x 2025 DOR Total Millage Rate (15.1744) / 1000."
Madison,2022,,,,202112903,,16.6074,,"FDOR Property Tax Oversight, Data Book: county_overview.xlsx, sheet 'Save Our Homes Value History', column 2022 (latest revision, as carried in the 2026 Data Book) | FDOR Data Book 2022: millage_taxes_levied.xlsx, sheet 'Millage Rates', column 'Total Millage Rate'",https://floridarevenue.com/property/Documents/county_overview.xlsx | https://floridarevenue.com/property/dataportal/Documents/PTO%20Data%20Portal/Databook%20Historical%20Data/2022DataBookFiles/millage_taxes_levied.xlsx,"2022 final roll figures. Homestead parcel count and homestead just and assessed value totals are not published by DOR for this year at county level (the Data Book has no homestead breakout and DOR no longer hosts pre-2026 NAL roll files), so they, the per-homestead average and the tax estimate are left blank."
Madison,2023,,,,311136831,,16.1676,,"FDOR Property Tax Oversight, Data Book: county_overview.xlsx, sheet 'Save Our Homes Value History', column 2023 (latest revision, as carried in the 2026 Data Book) | FDOR Data Book 2023: millage_taxes_levied.xlsx, sheet 'Millage Rates', column 'Total Millage Rate'",https://floridarevenue.com/property/Documents/county_overview.xlsx | https://floridarevenue.com/property/dataportal/Documents/PTO%20Data%20Portal/Databook%20Historical%20Data/2023DataBookFiles/millage_taxes_levied.xlsx,"2023 final roll figures. Homestead parcel count and homestead just and assessed value totals are not published by DOR for this year at county level (the Data Book has no homestead breakout and DOR no longer hosts pre-2026 NAL roll files), so they, the per-homestead average and the tax estimate are left blank."
Madison,2024,,,,300144737,,15.4189,,"FDOR Property Tax Oversight, Data Book: county_overview.xlsx, sheet 'Save Our Homes Value History', column 2024 (latest revision, as carried in the 2026 Data Book) | FDOR Data Book 2024: millage_taxes_levied.xlsx, sheet 'Millage Rates', column 'Total Millage Rate'",https://floridarevenue.com/property/Documents/county_overview.xlsx | https://floridarevenue.com/property/dataportal/Documents/PTO%20Data%20Portal/Databook%20Historical%20Data/2024DataBookFiles/millage_taxes_levied.xlsx,"2024 final roll figures. Homestead parcel count and homestead just and assessed value totals are not published by DOR for this year at county level (the Data Book has no homestead breakout and DOR no longer hosts pre-2026 NAL roll files), so they, the per-homestead average and the tax estimate are left blank."
Madison,2025,,,,284693388,,15.1668,,"FDOR Property Tax Oversight, Data Book: county_overview.xlsx, sheet 'Save Our Homes Value History', column 2025 (latest revision, as carried in the 2026 Data Book) | FDOR Data Book 2025: millage_taxes_levied.xlsx, sheet 'Millage Rates', column 'Total Millage Rate'",https://floridarevenue.com/property/Documents/county_overview.xlsx | https://floridarevenue.com/property/dataportal/Documents/PTO%20Data%20Portal/Databook%20Historical%20Data/2025DataBookFiles/millage_taxes_levied.xlsx,"2025 final roll figures. Homestead parcel count and homestead just and assessed value totals are not published by DOR for this year at county level (the Data Book has no homestead breakout and DOR no longer hosts pre-2026 NAL roll files), so they, the per-homestead average and the tax estimate are left blank."
Madison,2026,4440,760863300,486232870,280716391,61854,,938,"FDOR Property Tax Oversight, Data Book: county_overview.xlsx, sheet 'Save Our Homes Value History', column 2026 (2026 preliminary roll) | FDOR NAL roll file 'Madison 50 Preliminary NAL 2026.zip' (Preliminary 2026 roll): parcels with JV_HMSTD > 0; sums of JV_HMSTD and AV_HMSTD | FDOR Data Book 2025: millage_taxes_levied.xlsx 'Total Millage Rate' (used for the 2026 estimate)",https://floridarevenue.com/property/Documents/county_overview.xlsx | https://floridarevenue.com/property/dataportal/Documents/PTO%20Data%20Portal/Tax%20Roll%20Data%20Files/NAL/2026P/Madison%2050%20Preliminary%20NAL%202026.zip | https://floridarevenue.com/property/dataportal/Documents/PTO%20Data%20Portal/Databook%20Historical%20Data/2025DataBookFiles/millage_taxes_levied.xlsx,"2026 preliminary roll. Homestead parcels = NAL parcels with JV_HMSTD > 0. avg_soh_differential_per_homestead = (homestead_just_value_total minus homestead_assessed_value_total) / homestead_parcels, all from the NAL; the NAL differential (274,630,430) is -2.2% versus the Data Book soh_differential_total. avg_total_millage left blank: 2026 levies are not yet published by DOR. ESTIMATE: est_avg_annual_tax_saved = avg_soh_differential_per_homestead x 2025 DOR Total Millage Rate (15.1668) / 1000."
Manatee,2022,,,,14526367735,,15.1747,,"FDOR Property Tax Oversight, Data Book: county_overview.xlsx, sheet 'Save Our Homes Value History', column 2022 (latest revision, as carried in the 2026 Data Book) | FDOR Data Book 2022: millage_taxes_levied.xlsx, sheet 'Millage Rates', column 'Total Millage Rate'",https://floridarevenue.com/property/Documents/county_overview.xlsx | https://floridarevenue.com/property/dataportal/Documents/PTO%20Data%20Portal/Databook%20Historical%20Data/2022DataBookFiles/millage_taxes_levied.xlsx,"2022 final roll figures. Homestead parcel count and homestead just and assessed value totals are not published by DOR for this year at county level (the Data Book has no homestead breakout and DOR no longer hosts pre-2026 NAL roll files), so they, the per-homestead average and the tax estimate are left blank."
Manatee,2023,,,,20201875720,,15.0337,,"FDOR Property Tax Oversight, Data Book: county_overview.xlsx, sheet 'Save Our Homes Value History', column 2023 (latest revision, as carried in the 2026 Data Book) | FDOR Data Book 2023: millage_taxes_levied.xlsx, sheet 'Millage Rates', column 'Total Millage Rate'",https://floridarevenue.com/property/Documents/county_overview.xlsx | https://floridarevenue.com/property/dataportal/Documents/PTO%20Data%20Portal/Databook%20Historical%20Data/2023DataBookFiles/millage_taxes_levied.xlsx,"2023 final roll figures. Homestead parcel count and homestead just and assessed value totals are not published by DOR for this year at county level (the Data Book has no homestead breakout and DOR no longer hosts pre-2026 NAL roll files), so they, the per-homestead average and the tax estimate are left blank."
Manatee,2024,,,,19420001795,,14.6499,,"FDOR Property Tax Oversight, Data Book: county_overview.xlsx, sheet 'Save Our Homes Value History', column 2024 (latest revision, as carried in the 2026 Data Book) | FDOR Data Book 2024: millage_taxes_levied.xlsx, sheet 'Millage Rates', column 'Total Millage Rate'",https://floridarevenue.com/property/Documents/county_overview.xlsx | https://floridarevenue.com/property/dataportal/Documents/PTO%20Data%20Portal/Databook%20Historical%20Data/2024DataBookFiles/millage_taxes_levied.xlsx,"2024 final roll figures. Homestead parcel count and homestead just and assessed value totals are not published by DOR for this year at county level (the Data Book has no homestead breakout and DOR no longer hosts pre-2026 NAL roll files), so they, the per-homestead average and the tax estimate are left blank."
Manatee,2025,,,,15393485242,,14.5524,,"FDOR Property Tax Oversight, Data Book: county_overview.xlsx, sheet 'Save Our Homes Value History', column 2025 (latest revision, as carried in the 2026 Data Book) | FDOR Data Book 2025: millage_taxes_levied.xlsx, sheet 'Millage Rates', column 'Total Millage Rate'",https://floridarevenue.com/property/Documents/county_overview.xlsx | https://floridarevenue.com/property/dataportal/Documents/PTO%20Data%20Portal/Databook%20Historical%20Data/2025DataBookFiles/millage_taxes_levied.xlsx,"2025 final roll figures. Homestead parcel count and homestead just and assessed value totals are not published by DOR for this year at county level (the Data Book has no homestead breakout and DOR no longer hosts pre-2026 NAL roll files), so they, the per-homestead average and the tax estimate are left blank."
Manatee,2026,112560,51282640943,37693325711,13709557118,120730,,1757,"FDOR Property Tax Oversight, Data Book: county_overview.xlsx, sheet 'Save Our Homes Value History', column 2026 (2026 preliminary roll) | FDOR NAL roll file 'Manatee 51 Preliminary NAL 2026.zip' (Preliminary 2026 roll): parcels with JV_HMSTD > 0; sums of JV_HMSTD and AV_HMSTD | FDOR Data Book 2025: millage_taxes_levied.xlsx 'Total Millage Rate' (used for the 2026 estimate)",https://floridarevenue.com/property/Documents/county_overview.xlsx | https://floridarevenue.com/property/dataportal/Documents/PTO%20Data%20Portal/Tax%20Roll%20Data%20Files/NAL/2026P/Manatee%2051%20Preliminary%20NAL%202026.zip | https://floridarevenue.com/property/dataportal/Documents/PTO%20Data%20Portal/Databook%20Historical%20Data/2025DataBookFiles/millage_taxes_levied.xlsx,"2026 preliminary roll. Homestead parcels = NAL parcels with JV_HMSTD > 0. avg_soh_differential_per_homestead = (homestead_just_value_total minus homestead_assessed_value_total) / homestead_parcels, all from the NAL; the NAL differential (13,589,315,232) is -0.9% versus the Data Book soh_differential_total. avg_total_millage left blank: 2026 levies are not yet published by DOR. ESTIMATE: est_avg_annual_tax_saved = avg_soh_differential_per_homestead x 2025 DOR Total Millage Rate (14.5524) / 1000."
Marion,2022,,,,8269242436,,21.4094,,"FDOR Property Tax Oversight, Data Book: county_overview.xlsx, sheet 'Save Our Homes Value History', column 2022 (latest revision, as carried in the 2026 Data Book) | FDOR Data Book 2022: millage_taxes_levied.xlsx, sheet 'Millage Rates', column 'Total Millage Rate'",https://floridarevenue.com/property/Documents/county_overview.xlsx | https://floridarevenue.com/property/dataportal/Documents/PTO%20Data%20Portal/Databook%20Historical%20Data/2022DataBookFiles/millage_taxes_levied.xlsx,"2022 final roll figures. Homestead parcel count and homestead just and assessed value totals are not published by DOR for this year at county level (the Data Book has no homestead breakout and DOR no longer hosts pre-2026 NAL roll files), so they, the per-homestead average and the tax estimate are left blank."
Marion,2023,,,,10816154413,,16.3003,,"FDOR Property Tax Oversight, Data Book: county_overview.xlsx, sheet 'Save Our Homes Value History', column 2023 (latest revision, as carried in the 2026 Data Book) | FDOR Data Book 2023: millage_taxes_levied.xlsx, sheet 'Millage Rates', column 'Total Millage Rate'",https://floridarevenue.com/property/Documents/county_overview.xlsx | https://floridarevenue.com/property/dataportal/Documents/PTO%20Data%20Portal/Databook%20Historical%20Data/2023DataBookFiles/millage_taxes_levied.xlsx,"2023 final roll figures. Homestead parcel count and homestead just and assessed value totals are not published by DOR for this year at county level (the Data Book has no homestead breakout and DOR no longer hosts pre-2026 NAL roll files), so they, the per-homestead average and the tax estimate are left blank."
Marion,2024,,,,10980140006,,16.1672,,"FDOR Property Tax Oversight, Data Book: county_overview.xlsx, sheet 'Save Our Homes Value History', column 2024 (latest revision, as carried in the 2026 Data Book) | FDOR Data Book 2024: millage_taxes_levied.xlsx, sheet 'Millage Rates', column 'Total Millage Rate'",https://floridarevenue.com/property/Documents/county_overview.xlsx | https://floridarevenue.com/property/dataportal/Documents/PTO%20Data%20Portal/Databook%20Historical%20Data/2024DataBookFiles/millage_taxes_levied.xlsx,"2024 final roll figures. Homestead parcel count and homestead just and assessed value totals are not published by DOR for this year at county level (the Data Book has no homestead breakout and DOR no longer hosts pre-2026 NAL roll files), so they, the per-homestead average and the tax estimate are left blank."
Marion,2025,,,,10478596543,,15.8838,,"FDOR Property Tax Oversight, Data Book: county_overview.xlsx, sheet 'Save Our Homes Value History', column 2025 (latest revision, as carried in the 2026 Data Book) | FDOR Data Book 2025: millage_taxes_levied.xlsx, sheet 'Millage Rates', column 'Total Millage Rate'",https://floridarevenue.com/property/Documents/county_overview.xlsx | https://floridarevenue.com/property/dataportal/Documents/PTO%20Data%20Portal/Databook%20Historical%20Data/2025DataBookFiles/millage_taxes_levied.xlsx,"2025 final roll figures. Homestead parcel count and homestead just and assessed value totals are not published by DOR for this year at county level (the Data Book has no homestead breakout and DOR no longer hosts pre-2026 NAL roll files), so they, the per-homestead average and the tax estimate are left blank."
Marion,2026,121437,32169918285,22334502582,9986075330,80992,,1286,"FDOR Property Tax Oversight, Data Book: county_overview.xlsx, sheet 'Save Our Homes Value History', column 2026 (2026 preliminary roll) | FDOR NAL roll file 'Marion 52 Preliminary NAL 2026.zip' (Preliminary 2026 roll): parcels with JV_HMSTD > 0; sums of JV_HMSTD and AV_HMSTD | FDOR Data Book 2025: millage_taxes_levied.xlsx 'Total Millage Rate' (used for the 2026 estimate)",https://floridarevenue.com/property/Documents/county_overview.xlsx | https://floridarevenue.com/property/dataportal/Documents/PTO%20Data%20Portal/Tax%20Roll%20Data%20Files/NAL/2026P/Marion%2052%20Preliminary%20NAL%202026.zip | https://floridarevenue.com/property/dataportal/Documents/PTO%20Data%20Portal/Databook%20Historical%20Data/2025DataBookFiles/millage_taxes_levied.xlsx,"2026 preliminary roll. Homestead parcels = NAL parcels with JV_HMSTD > 0. avg_soh_differential_per_homestead = (homestead_just_value_total minus homestead_assessed_value_total) / homestead_parcels, all from the NAL; the NAL differential (9,835,415,703) is -1.5% versus the Data Book soh_differential_total. avg_total_millage left blank: 2026 levies are not yet published by DOR. ESTIMATE: est_avg_annual_tax_saved = avg_soh_differential_per_homestead x 2025 DOR Total Millage Rate (15.8838) / 1000."
Martin,2022,,,,8578268346,,16.9348,,"FDOR Property Tax Oversight, Data Book: county_overview.xlsx, sheet 'Save Our Homes Value History', column 2022 (latest revision, as carried in the 2026 Data Book) | FDOR Data Book 2022: millage_taxes_levied.xlsx, sheet 'Millage Rates', column 'Total Millage Rate'",https://floridarevenue.com/property/Documents/county_overview.xlsx | https://floridarevenue.com/property/dataportal/Documents/PTO%20Data%20Portal/Databook%20Historical%20Data/2022DataBookFiles/millage_taxes_levied.xlsx,"2022 final roll figures. Homestead parcel count and homestead just and assessed value totals are not published by DOR for this year at county level (the Data Book has no homestead breakout and DOR no longer hosts pre-2026 NAL roll files), so they, the per-homestead average and the tax estimate are left blank."
Martin,2023,,,,12343994955,,16.9635,,"FDOR Property Tax Oversight, Data Book: county_overview.xlsx, sheet 'Save Our Homes Value History', column 2023 (latest revision, as carried in the 2026 Data Book) | FDOR Data Book 2023: millage_taxes_levied.xlsx, sheet 'Millage Rates', column 'Total Millage Rate'",https://floridarevenue.com/property/Documents/county_overview.xlsx | https://floridarevenue.com/property/dataportal/Documents/PTO%20Data%20Portal/Databook%20Historical%20Data/2023DataBookFiles/millage_taxes_levied.xlsx,"2023 final roll figures. Homestead parcel count and homestead just and assessed value totals are not published by DOR for this year at county level (the Data Book has no homestead breakout and DOR no longer hosts pre-2026 NAL roll files), so they, the per-homestead average and the tax estimate are left blank."
Martin,2024,,,,12618923557,,16.7269,,"FDOR Property Tax Oversight, Data Book: county_overview.xlsx, sheet 'Save Our Homes Value History', column 2024 (latest revision, as carried in the 2026 Data Book) | FDOR Data Book 2024: millage_taxes_levied.xlsx, sheet 'Millage Rates', column 'Total Millage Rate'",https://floridarevenue.com/property/Documents/county_overview.xlsx | https://floridarevenue.com/property/dataportal/Documents/PTO%20Data%20Portal/Databook%20Historical%20Data/2024DataBookFiles/millage_taxes_levied.xlsx,"2024 final roll figures. Homestead parcel count and homestead just and assessed value totals are not published by DOR for this year at county level (the Data Book has no homestead breakout and DOR no longer hosts pre-2026 NAL roll files), so they, the per-homestead average and the tax estimate are left blank."
Martin,2025,,,,12652904163,,16.0598,,"FDOR Property Tax Oversight, Data Book: county_overview.xlsx, sheet 'Save Our Homes Value History', column 2025 (latest revision, as carried in the 2026 Data Book) | FDOR Data Book 2025: millage_taxes_levied.xlsx, sheet 'Millage Rates', column 'Total Millage Rate'",https://floridarevenue.com/property/Documents/county_overview.xlsx | https://floridarevenue.com/property/dataportal/Documents/PTO%20Data%20Portal/Databook%20Historical%20Data/2025DataBookFiles/millage_taxes_levied.xlsx,"2025 final roll figures. Homestead parcel count and homestead just and assessed value totals are not published by DOR for this year at county level (the Data Book has no homestead breakout and DOR no longer hosts pre-2026 NAL roll files), so they, the per-homestead average and the tax estimate are left blank."
Martin,2026,48966,31742615449,20251761773,11615377427,234670,,3769,"FDOR Property Tax Oversight, Data Book: county_overview.xlsx, sheet 'Save Our Homes Value History', column 2026 (2026 preliminary roll) | FDOR NAL roll file 'Martin 53 Preliminary NAL 2026.zip' (Preliminary 2026 roll): parcels with JV_HMSTD > 0; sums of JV_HMSTD and AV_HMSTD | FDOR Data Book 2025: millage_taxes_levied.xlsx 'Total Millage Rate' (used for the 2026 estimate)",https://floridarevenue.com/property/Documents/county_overview.xlsx | https://floridarevenue.com/property/dataportal/Documents/PTO%20Data%20Portal/Tax%20Roll%20Data%20Files/NAL/2026P/Martin%2053%20Preliminary%20NAL%202026.zip | https://floridarevenue.com/property/dataportal/Documents/PTO%20Data%20Portal/Databook%20Historical%20Data/2025DataBookFiles/millage_taxes_levied.xlsx,"2026 preliminary roll. Homestead parcels = NAL parcels with JV_HMSTD > 0. avg_soh_differential_per_homestead = (homestead_just_value_total minus homestead_assessed_value_total) / homestead_parcels, all from the NAL; the NAL differential (11,490,853,676) is -1.1% versus the Data Book soh_differential_total. avg_total_millage left blank: 2026 levies are not yet published by DOR. ESTIMATE: est_avg_annual_tax_saved = avg_soh_differential_per_homestead x 2025 DOR Total Millage Rate (16.0598) / 1000."
Miami-Dade,2022,,,,86094538592,,18.6253,,"FDOR Property Tax Oversight, Data Book: county_overview.xlsx, sheet 'Save Our Homes Value History', column 2022 (latest revision, as carried in the 2026 Data Book) | FDOR Data Book 2022: millage_taxes_levied.xlsx, sheet 'Millage Rates', column 'Total Millage Rate'",https://floridarevenue.com/property/Documents/county_overview.xlsx | https://floridarevenue.com/property/dataportal/Documents/PTO%20Data%20Portal/Databook%20Historical%20Data/2022DataBookFiles/millage_taxes_levied.xlsx,"2022 final roll figures. Homestead parcel count and homestead just and assessed value totals are not published by DOR for this year at county level (the Data Book has no homestead breakout and DOR no longer hosts pre-2026 NAL roll files), so they, the per-homestead average and the tax estimate are left blank."
Miami-Dade,2023,,,,118647689139,,18.6421,,"FDOR Property Tax Oversight, Data Book: county_overview.xlsx, sheet 'Save Our Homes Value History', column 2023 (latest revision, as carried in the 2026 Data Book) | FDOR Data Book 2023: millage_taxes_levied.xlsx, sheet 'Millage Rates', column 'Total Millage Rate'",https://floridarevenue.com/property/Documents/county_overview.xlsx | https://floridarevenue.com/property/dataportal/Documents/PTO%20Data%20Portal/Databook%20Historical%20Data/2023DataBookFiles/millage_taxes_levied.xlsx,"2023 final roll figures. Homestead parcel count and homestead just and assessed value totals are not published by DOR for this year at county level (the Data Book has no homestead breakout and DOR no longer hosts pre-2026 NAL roll files), so they, the per-homestead average and the tax estimate are left blank."
Miami-Dade,2024,,,,139323199761,,18.4427,,"FDOR Property Tax Oversight, Data Book: county_overview.xlsx, sheet 'Save Our Homes Value History', column 2024 (latest revision, as carried in the 2026 Data Book) | FDOR Data Book 2024: millage_taxes_levied.xlsx, sheet 'Millage Rates', column 'Total Millage Rate'",https://floridarevenue.com/property/Documents/county_overview.xlsx | https://floridarevenue.com/property/dataportal/Documents/PTO%20Data%20Portal/Databook%20Historical%20Data/2024DataBookFiles/millage_taxes_levied.xlsx,"2024 final roll figures. Homestead parcel count and homestead just and assessed value totals are not published by DOR for this year at county level (the Data Book has no homestead breakout and DOR no longer hosts pre-2026 NAL roll files), so they, the per-homestead average and the tax estimate are left blank."
Miami-Dade,2025,,,,139762710490,,18.4893,,"FDOR Property Tax Oversight, Data Book: county_overview.xlsx, sheet 'Save Our Homes Value History', column 2025 (latest revision, as carried in the 2026 Data Book) | FDOR Data Book 2025: millage_taxes_levied.xlsx, sheet 'Millage Rates', column 'Total Millage Rate'",https://floridarevenue.com/property/Documents/county_overview.xlsx | https://floridarevenue.com/property/dataportal/Documents/PTO%20Data%20Portal/Databook%20Historical%20Data/2025DataBookFiles/millage_taxes_levied.xlsx,"2025 final roll figures. Homestead parcel count and homestead just and assessed value totals are not published by DOR for this year at county level (the Data Book has no homestead breakout and DOR no longer hosts pre-2026 NAL roll files), so they, the per-homestead average and the tax estimate are left blank."
Miami-Dade,2026,451377,302212751830,169492191136,134298708315,294035,,5436,"FDOR Property Tax Oversight, Data Book: county_overview.xlsx, sheet 'Save Our Homes Value History', column 2026 (2026 preliminary roll) | FDOR NAL roll file 'Dade 23 Preliminary NAL 2026.zip' (Preliminary 2026 roll): parcels with JV_HMSTD > 0; sums of JV_HMSTD and AV_HMSTD | FDOR Data Book 2025: millage_taxes_levied.xlsx 'Total Millage Rate' (used for the 2026 estimate)",https://floridarevenue.com/property/Documents/county_overview.xlsx | https://floridarevenue.com/property/dataportal/Documents/PTO%20Data%20Portal/Tax%20Roll%20Data%20Files/NAL/2026P/Dade%2023%20Preliminary%20NAL%202026.zip | https://floridarevenue.com/property/dataportal/Documents/PTO%20Data%20Portal/Databook%20Historical%20Data/2025DataBookFiles/millage_taxes_levied.xlsx,"2026 preliminary roll. Homestead parcels = NAL parcels with JV_HMSTD > 0. avg_soh_differential_per_homestead = (homestead_just_value_total minus homestead_assessed_value_total) / homestead_parcels, all from the NAL; the NAL differential (132,720,560,694) is -1.2% versus the Data Book soh_differential_total. avg_total_millage left blank: 2026 levies are not yet published by DOR. ESTIMATE: est_avg_annual_tax_saved = avg_soh_differential_per_homestead x 2025 DOR Total Millage Rate (18.4893) / 1000."
Monroe,2022,,,,5921739710,,8.3019,,"FDOR Property Tax Oversight, Data Book: county_overview.xlsx, sheet 'Save Our Homes Value History', column 2022 (latest revision, as carried in the 2026 Data Book) | FDOR Data Book 2022: millage_taxes_levied.xlsx, sheet 'Millage Rates', column 'Total Millage Rate'",https://floridarevenue.com/property/Documents/county_overview.xlsx | https://floridarevenue.com/property/dataportal/Documents/PTO%20Data%20Portal/Databook%20Historical%20Data/2022DataBookFiles/millage_taxes_levied.xlsx,"2022 final roll figures. Homestead parcel count and homestead just and assessed value totals are not published by DOR for this year at county level (the Data Book has no homestead breakout and DOR no longer hosts pre-2026 NAL roll files), so they, the per-homestead average and the tax estimate are left blank."
Monroe,2023,,,,8730966279,,8.3505,,"FDOR Property Tax Oversight, Data Book: county_overview.xlsx, sheet 'Save Our Homes Value History', column 2023 (latest revision, as carried in the 2026 Data Book) | FDOR Data Book 2023: millage_taxes_levied.xlsx, sheet 'Millage Rates', column 'Total Millage Rate'",https://floridarevenue.com/property/Documents/county_overview.xlsx | https://floridarevenue.com/property/dataportal/Documents/PTO%20Data%20Portal/Databook%20Historical%20Data/2023DataBookFiles/millage_taxes_levied.xlsx,"2023 final roll figures. Homestead parcel count and homestead just and assessed value totals are not published by DOR for this year at county level (the Data Book has no homestead breakout and DOR no longer hosts pre-2026 NAL roll files), so they, the per-homestead average and the tax estimate are left blank."
Monroe,2024,,,,9061060615,,8.2286,,"FDOR Property Tax Oversight, Data Book: county_overview.xlsx, sheet 'Save Our Homes Value History', column 2024 (latest revision, as carried in the 2026 Data Book) | FDOR Data Book 2024: millage_taxes_levied.xlsx, sheet 'Millage Rates', column 'Total Millage Rate'",https://floridarevenue.com/property/Documents/county_overview.xlsx | https://floridarevenue.com/property/dataportal/Documents/PTO%20Data%20Portal/Databook%20Historical%20Data/2024DataBookFiles/millage_taxes_levied.xlsx,"2024 final roll figures. Homestead parcel count and homestead just and assessed value totals are not published by DOR for this year at county level (the Data Book has no homestead breakout and DOR no longer hosts pre-2026 NAL roll files), so they, the per-homestead average and the tax estimate are left blank."
Monroe,2025,,,,8407747167,,8.2361,,"FDOR Property Tax Oversight, Data Book: county_overview.xlsx, sheet 'Save Our Homes Value History', column 2025 (latest revision, as carried in the 2026 Data Book) | FDOR Data Book 2025: millage_taxes_levied.xlsx, sheet 'Millage Rates', column 'Total Millage Rate'",https://floridarevenue.com/property/Documents/county_overview.xlsx | https://floridarevenue.com/property/dataportal/Documents/PTO%20Data%20Portal/Databook%20Historical%20Data/2025DataBookFiles/millage_taxes_levied.xlsx,"2025 final roll figures. Homestead parcel count and homestead just and assessed value totals are not published by DOR for this year at county level (the Data Book has no homestead breakout and DOR no longer hosts pre-2026 NAL roll files), so they, the per-homestead average and the tax estimate are left blank."
Monroe,2026,15702,18485531559,11014122670,7553424236,475825,,3919,"FDOR Property Tax Oversight, Data Book: county_overview.xlsx, sheet 'Save Our Homes Value History', column 2026 (2026 preliminary roll) | FDOR NAL roll file 'Monroe 54 Preliminary NAL 2026.zip' (Preliminary 2026 roll): parcels with JV_HMSTD > 0; sums of JV_HMSTD and AV_HMSTD | FDOR Data Book 2025: millage_taxes_levied.xlsx 'Total Millage Rate' (used for the 2026 estimate)",https://floridarevenue.com/property/Documents/county_overview.xlsx | https://floridarevenue.com/property/dataportal/Documents/PTO%20Data%20Portal/Tax%20Roll%20Data%20Files/NAL/2026P/Monroe%2054%20Preliminary%20NAL%202026.zip | https://floridarevenue.com/property/dataportal/Documents/PTO%20Data%20Portal/Databook%20Historical%20Data/2025DataBookFiles/millage_taxes_levied.xlsx,"2026 preliminary roll. Homestead parcels = NAL parcels with JV_HMSTD > 0. avg_soh_differential_per_homestead = (homestead_just_value_total minus homestead_assessed_value_total) / homestead_parcels, all from the NAL; the NAL differential (7,471,408,889) is -1.1% versus the Data Book soh_differential_total. avg_total_millage left blank: 2026 levies are not yet published by DOR. ESTIMATE: est_avg_annual_tax_saved = avg_soh_differential_per_homestead x 2025 DOR Total Millage Rate (8.2361) / 1000."
Nassau,2022,,,,3032713441,,16.005,,"FDOR Property Tax Oversight, Data Book: county_overview.xlsx, sheet 'Save Our Homes Value History', column 2022 (latest revision, as carried in the 2026 Data Book) | FDOR Data Book 2022: millage_taxes_levied.xlsx, sheet 'Millage Rates', column 'Total Millage Rate'",https://floridarevenue.com/property/Documents/county_overview.xlsx | https://floridarevenue.com/property/dataportal/Documents/PTO%20Data%20Portal/Databook%20Historical%20Data/2022DataBookFiles/millage_taxes_levied.xlsx,"2022 final roll figures. Homestead parcel count and homestead just and assessed value totals are not published by DOR for this year at county level (the Data Book has no homestead breakout and DOR no longer hosts pre-2026 NAL roll files), so they, the per-homestead average and the tax estimate are left blank."
Nassau,2023,,,,4467462071,,16.7668,,"FDOR Property Tax Oversight, Data Book: county_overview.xlsx, sheet 'Save Our Homes Value History', column 2023 (latest revision, as carried in the 2026 Data Book) | FDOR Data Book 2023: millage_taxes_levied.xlsx, sheet 'Millage Rates', column 'Total Millage Rate'",https://floridarevenue.com/property/Documents/county_overview.xlsx | https://floridarevenue.com/property/dataportal/Documents/PTO%20Data%20Portal/Databook%20Historical%20Data/2023DataBookFiles/millage_taxes_levied.xlsx,"2023 final roll figures. Homestead parcel count and homestead just and assessed value totals are not published by DOR for this year at county level (the Data Book has no homestead breakout and DOR no longer hosts pre-2026 NAL roll files), so they, the per-homestead average and the tax estimate are left blank."
Nassau,2024,,,,4939661483,,16.3817,,"FDOR Property Tax Oversight, Data Book: county_overview.xlsx, sheet 'Save Our Homes Value History', column 2024 (latest revision, as carried in the 2026 Data Book) | FDOR Data Book 2024: millage_taxes_levied.xlsx, sheet 'Millage Rates', column 'Total Millage Rate'",https://floridarevenue.com/property/Documents/county_overview.xlsx | https://floridarevenue.com/property/dataportal/Documents/PTO%20Data%20Portal/Databook%20Historical%20Data/2024DataBookFiles/millage_taxes_levied.xlsx,"2024 final roll figures. Homestead parcel count and homestead just and assessed value totals are not published by DOR for this year at county level (the Data Book has no homestead breakout and DOR no longer hosts pre-2026 NAL roll files), so they, the per-homestead average and the tax estimate are left blank."
Nassau,2025,,,,5537911450,,16.0559,,"FDOR Property Tax Oversight, Data Book: county_overview.xlsx, sheet 'Save Our Homes Value History', column 2025 (latest revision, as carried in the 2026 Data Book) | FDOR Data Book 2025: millage_taxes_levied.xlsx, sheet 'Millage Rates', column 'Total Millage Rate'",https://floridarevenue.com/property/Documents/county_overview.xlsx | https://floridarevenue.com/property/dataportal/Documents/PTO%20Data%20Portal/Databook%20Historical%20Data/2025DataBookFiles/millage_taxes_levied.xlsx,"2025 final roll figures. Homestead parcel count and homestead just and assessed value totals are not published by DOR for this year at county level (the Data Book has no homestead breakout and DOR no longer hosts pre-2026 NAL roll files), so they, the per-homestead average and the tax estimate are left blank."
Nassau,2026,31913,16414759080,10949873731,5481013365,171243,,2749,"FDOR Property Tax Oversight, Data Book: county_overview.xlsx, sheet 'Save Our Homes Value History', column 2026 (2026 preliminary roll) | FDOR NAL roll file 'Nassau 55 Preliminary NAL 2026.zip' (Preliminary 2026 roll): parcels with JV_HMSTD > 0; sums of JV_HMSTD and AV_HMSTD | FDOR Data Book 2025: millage_taxes_levied.xlsx 'Total Millage Rate' (used for the 2026 estimate)",https://floridarevenue.com/property/Documents/county_overview.xlsx | https://floridarevenue.com/property/dataportal/Documents/PTO%20Data%20Portal/Tax%20Roll%20Data%20Files/NAL/2026P/Nassau%2055%20Preliminary%20NAL%202026.zip | https://floridarevenue.com/property/dataportal/Documents/PTO%20Data%20Portal/Databook%20Historical%20Data/2025DataBookFiles/millage_taxes_levied.xlsx,"2026 preliminary roll. Homestead parcels = NAL parcels with JV_HMSTD > 0. avg_soh_differential_per_homestead = (homestead_just_value_total minus homestead_assessed_value_total) / homestead_parcels, all from the NAL; the NAL differential (5,464,885,349) is -0.3% versus the Data Book soh_differential_total. avg_total_millage left blank: 2026 levies are not yet published by DOR. ESTIMATE: est_avg_annual_tax_saved = avg_soh_differential_per_homestead x 2025 DOR Total Millage Rate (16.0559) / 1000."
Okaloosa,2022,,,,5353327150,,12.5079,,"FDOR Property Tax Oversight, Data Book: county_overview.xlsx, sheet 'Save Our Homes Value History', column 2022 (latest revision, as carried in the 2026 Data Book) | FDOR Data Book 2022: millage_taxes_levied.xlsx, sheet 'Millage Rates', column 'Total Millage Rate'",https://floridarevenue.com/property/Documents/county_overview.xlsx | https://floridarevenue.com/property/dataportal/Documents/PTO%20Data%20Portal/Databook%20Historical%20Data/2022DataBookFiles/millage_taxes_levied.xlsx,"2022 final roll figures. Homestead parcel count and homestead just and assessed value totals are not published by DOR for this year at county level (the Data Book has no homestead breakout and DOR no longer hosts pre-2026 NAL roll files), so they, the per-homestead average and the tax estimate are left blank."
Okaloosa,2023,,,,6181505395,,12.4099,,"FDOR Property Tax Oversight, Data Book: county_overview.xlsx, sheet 'Save Our Homes Value History', column 2023 (latest revision, as carried in the 2026 Data Book) | FDOR Data Book 2023: millage_taxes_levied.xlsx, sheet 'Millage Rates', column 'Total Millage Rate'",https://floridarevenue.com/property/Documents/county_overview.xlsx | https://floridarevenue.com/property/dataportal/Documents/PTO%20Data%20Portal/Databook%20Historical%20Data/2023DataBookFiles/millage_taxes_levied.xlsx,"2023 final roll figures. Homestead parcel count and homestead just and assessed value totals are not published by DOR for this year at county level (the Data Book has no homestead breakout and DOR no longer hosts pre-2026 NAL roll files), so they, the per-homestead average and the tax estimate are left blank."
Okaloosa,2024,,,,5711230976,,12.267,,"FDOR Property Tax Oversight, Data Book: county_overview.xlsx, sheet 'Save Our Homes Value History', column 2024 (latest revision, as carried in the 2026 Data Book) | FDOR Data Book 2024: millage_taxes_levied.xlsx, sheet 'Millage Rates', column 'Total Millage Rate'",https://floridarevenue.com/property/Documents/county_overview.xlsx | https://floridarevenue.com/property/dataportal/Documents/PTO%20Data%20Portal/Databook%20Historical%20Data/2024DataBookFiles/millage_taxes_levied.xlsx,"2024 final roll figures. Homestead parcel count and homestead just and assessed value totals are not published by DOR for this year at county level (the Data Book has no homestead breakout and DOR no longer hosts pre-2026 NAL roll files), so they, the per-homestead average and the tax estimate are left blank."
Okaloosa,2025,,,,5534192013,,12.2773,,"FDOR Property Tax Oversight, Data Book: county_overview.xlsx, sheet 'Save Our Homes Value History', column 2025 (latest revision, as carried in the 2026 Data Book) | FDOR Data Book 2025: millage_taxes_levied.xlsx, sheet 'Millage Rates', column 'Total Millage Rate'",https://floridarevenue.com/property/Documents/county_overview.xlsx | https://floridarevenue.com/property/dataportal/Documents/PTO%20Data%20Portal/Databook%20Historical%20Data/2025DataBookFiles/millage_taxes_levied.xlsx,"2025 final roll figures. Homestead parcel count and homestead just and assessed value totals are not published by DOR for this year at county level (the Data Book has no homestead breakout and DOR no longer hosts pre-2026 NAL roll files), so they, the per-homestead average and the tax estimate are left blank."
Okaloosa,2026,51326,18610417466,14005025191,4644796150,89728,,1102,"FDOR Property Tax Oversight, Data Book: county_overview.xlsx, sheet 'Save Our Homes Value History', column 2026 (2026 preliminary roll) | FDOR NAL roll file 'Okaloosa 56 Preliminary NAL 2026.zip' (Preliminary 2026 roll): parcels with JV_HMSTD > 0; sums of JV_HMSTD and AV_HMSTD | FDOR Data Book 2025: millage_taxes_levied.xlsx 'Total Millage Rate' (used for the 2026 estimate)",https://floridarevenue.com/property/Documents/county_overview.xlsx | https://floridarevenue.com/property/dataportal/Documents/PTO%20Data%20Portal/Tax%20Roll%20Data%20Files/NAL/2026P/Okaloosa%2056%20Preliminary%20NAL%202026.zip | https://floridarevenue.com/property/dataportal/Documents/PTO%20Data%20Portal/Databook%20Historical%20Data/2025DataBookFiles/millage_taxes_levied.xlsx,"2026 preliminary roll. Homestead parcels = NAL parcels with JV_HMSTD > 0. avg_soh_differential_per_homestead = (homestead_just_value_total minus homestead_assessed_value_total) / homestead_parcels, all from the NAL; the NAL differential (4,605,392,275) is -0.8% versus the Data Book soh_differential_total. avg_total_millage left blank: 2026 levies are not yet published by DOR. ESTIMATE: est_avg_annual_tax_saved = avg_soh_differential_per_homestead x 2025 DOR Total Millage Rate (12.2773) / 1000."
Okeechobee,2022,,,,599736979,,14.8531,,"FDOR Property Tax Oversight, Data Book: county_overview.xlsx, sheet 'Save Our Homes Value History', column 2022 (latest revision, as carried in the 2026 Data Book) | FDOR Data Book 2022: millage_taxes_levied.xlsx, sheet 'Millage Rates', column 'Total Millage Rate'",https://floridarevenue.com/property/Documents/county_overview.xlsx | https://floridarevenue.com/property/dataportal/Documents/PTO%20Data%20Portal/Databook%20Historical%20Data/2022DataBookFiles/millage_taxes_levied.xlsx,"2022 final roll figures. Homestead parcel count and homestead just and assessed value totals are not published by DOR for this year at county level (the Data Book has no homestead breakout and DOR no longer hosts pre-2026 NAL roll files), so they, the per-homestead average and the tax estimate are left blank."
Okeechobee,2023,,,,853401997,,14.7243,,"FDOR Property Tax Oversight, Data Book: county_overview.xlsx, sheet 'Save Our Homes Value History', column 2023 (latest revision, as carried in the 2026 Data Book) | FDOR Data Book 2023: millage_taxes_levied.xlsx, sheet 'Millage Rates', column 'Total Millage Rate'",https://floridarevenue.com/property/Documents/county_overview.xlsx | https://floridarevenue.com/property/dataportal/Documents/PTO%20Data%20Portal/Databook%20Historical%20Data/2023DataBookFiles/millage_taxes_levied.xlsx,"2023 final roll figures. Homestead parcel count and homestead just and assessed value totals are not published by DOR for this year at county level (the Data Book has no homestead breakout and DOR no longer hosts pre-2026 NAL roll files), so they, the per-homestead average and the tax estimate are left blank."
Okeechobee,2024,,,,843491682,,14.5023,,"FDOR Property Tax Oversight, Data Book: county_overview.xlsx, sheet 'Save Our Homes Value History', column 2024 (latest revision, as carried in the 2026 Data Book) | FDOR Data Book 2024: millage_taxes_levied.xlsx, sheet 'Millage Rates', column 'Total Millage Rate'",https://floridarevenue.com/property/Documents/county_overview.xlsx | https://floridarevenue.com/property/dataportal/Documents/PTO%20Data%20Portal/Databook%20Historical%20Data/2024DataBookFiles/millage_taxes_levied.xlsx,"2024 final roll figures. Homestead parcel count and homestead just and assessed value totals are not published by DOR for this year at county level (the Data Book has no homestead breakout and DOR no longer hosts pre-2026 NAL roll files), so they, the per-homestead average and the tax estimate are left blank."
Okeechobee,2025,,,,865498942,,14.4357,,"FDOR Property Tax Oversight, Data Book: county_overview.xlsx, sheet 'Save Our Homes Value History', column 2025 (latest revision, as carried in the 2026 Data Book) | FDOR Data Book 2025: millage_taxes_levied.xlsx, sheet 'Millage Rates', column 'Total Millage Rate'",https://floridarevenue.com/property/Documents/county_overview.xlsx | https://floridarevenue.com/property/dataportal/Documents/PTO%20Data%20Portal/Databook%20Historical%20Data/2025DataBookFiles/millage_taxes_levied.xlsx,"2025 final roll figures. Homestead parcel count and homestead just and assessed value totals are not published by DOR for this year at county level (the Data Book has no homestead breakout and DOR no longer hosts pre-2026 NAL roll files), so they, the per-homestead average and the tax estimate are left blank."
Okeechobee,2026,8946,2114894827,1320739869,814108302,88772,,1281,"FDOR Property Tax Oversight, Data Book: county_overview.xlsx, sheet 'Save Our Homes Value History', column 2026 (2026 preliminary roll) | FDOR NAL roll file 'Okeechobee 57 Preliminary NAL 2026.zip' (Preliminary 2026 roll): parcels with JV_HMSTD > 0; sums of JV_HMSTD and AV_HMSTD | FDOR Data Book 2025: millage_taxes_levied.xlsx 'Total Millage Rate' (used for the 2026 estimate)",https://floridarevenue.com/property/Documents/county_overview.xlsx | https://floridarevenue.com/property/dataportal/Documents/PTO%20Data%20Portal/Tax%20Roll%20Data%20Files/NAL/2026P/Okeechobee%2057%20Preliminary%20NAL%202026.zip | https://floridarevenue.com/property/dataportal/Documents/PTO%20Data%20Portal/Databook%20Historical%20Data/2025DataBookFiles/millage_taxes_levied.xlsx,"2026 preliminary roll. Homestead parcels = NAL parcels with JV_HMSTD > 0. avg_soh_differential_per_homestead = (homestead_just_value_total minus homestead_assessed_value_total) / homestead_parcels, all from the NAL; the NAL differential (794,154,958) is -2.5% versus the Data Book soh_differential_total. avg_total_millage left blank: 2026 levies are not yet published by DOR. ESTIMATE: est_avg_annual_tax_saved = avg_soh_differential_per_homestead x 2025 DOR Total Millage Rate (14.4357) / 1000."
Orange,2022,,,,27742061344,,16.1846,,"FDOR Property Tax Oversight, Data Book: county_overview.xlsx, sheet 'Save Our Homes Value History', column 2022 (latest revision, as carried in the 2026 Data Book) | FDOR Data Book 2022: millage_taxes_levied.xlsx, sheet 'Millage Rates', column 'Total Millage Rate'",https://floridarevenue.com/property/Documents/county_overview.xlsx | https://floridarevenue.com/property/dataportal/Documents/PTO%20Data%20Portal/Databook%20Historical%20Data/2022DataBookFiles/millage_taxes_levied.xlsx,"2022 final roll figures. Homestead parcel count and homestead just and assessed value totals are not published by DOR for this year at county level (the Data Book has no homestead breakout and DOR no longer hosts pre-2026 NAL roll files), so they, the per-homestead average and the tax estimate are left blank."
Orange,2023,,,,39289967972,,17.0734,,"FDOR Property Tax Oversight, Data Book: county_overview.xlsx, sheet 'Save Our Homes Value History', column 2023 (latest revision, as carried in the 2026 Data Book) | FDOR Data Book 2023: millage_taxes_levied.xlsx, sheet 'Millage Rates', column 'Total Millage Rate'",https://floridarevenue.com/property/Documents/county_overview.xlsx | https://floridarevenue.com/property/dataportal/Documents/PTO%20Data%20Portal/Databook%20Historical%20Data/2023DataBookFiles/millage_taxes_levied.xlsx,"2023 final roll figures. Homestead parcel count and homestead just and assessed value totals are not published by DOR for this year at county level (the Data Book has no homestead breakout and DOR no longer hosts pre-2026 NAL roll files), so they, the per-homestead average and the tax estimate are left blank."
Orange,2024,,,,42830471644,,18.099400000000003,,"FDOR Property Tax Oversight, Data Book: county_overview.xlsx, sheet 'Save Our Homes Value History', column 2024 (latest revision, as carried in the 2026 Data Book) | FDOR Data Book 2024: millage_taxes_levied.xlsx, sheet 'Millage Rates', column 'Total Millage Rate'",https://floridarevenue.com/property/Documents/county_overview.xlsx | https://floridarevenue.com/property/dataportal/Documents/PTO%20Data%20Portal/Databook%20Historical%20Data/2024DataBookFiles/millage_taxes_levied.xlsx,"2024 final roll figures. Homestead parcel count and homestead just and assessed value totals are not published by DOR for this year at county level (the Data Book has no homestead breakout and DOR no longer hosts pre-2026 NAL roll files), so they, the per-homestead average and the tax estimate are left blank."
Orange,2025,,,,43898321774,,17.41,,"FDOR Property Tax Oversight, Data Book: county_overview.xlsx, sheet 'Save Our Homes Value History', column 2025 (latest revision, as carried in the 2026 Data Book) | FDOR Data Book 2025: millage_taxes_levied.xlsx, sheet 'Millage Rates', column 'Total Millage Rate'",https://floridarevenue.com/property/Documents/county_overview.xlsx | https://floridarevenue.com/property/dataportal/Documents/PTO%20Data%20Portal/Databook%20Historical%20Data/2025DataBookFiles/millage_taxes_levied.xlsx,"2025 final roll figures. Homestead parcel count and homestead just and assessed value totals are not published by DOR for this year at county level (the Data Book has no homestead breakout and DOR no longer hosts pre-2026 NAL roll files), so they, the per-homestead average and the tax estimate are left blank."
Orange,2026,255817,118721365503,79360641445,39771268095,153863,,2679,"FDOR Property Tax Oversight, Data Book: county_overview.xlsx, sheet 'Save Our Homes Value History', column 2026 (2026 preliminary roll) | FDOR NAL roll file 'Orange 58 Preliminary NAL 2026.zip' (Preliminary 2026 roll): parcels with JV_HMSTD > 0; sums of JV_HMSTD and AV_HMSTD | FDOR Data Book 2025: millage_taxes_levied.xlsx 'Total Millage Rate' (used for the 2026 estimate)",https://floridarevenue.com/property/Documents/county_overview.xlsx | https://floridarevenue.com/property/dataportal/Documents/PTO%20Data%20Portal/Tax%20Roll%20Data%20Files/NAL/2026P/Orange%2058%20Preliminary%20NAL%202026.zip | https://floridarevenue.com/property/dataportal/Documents/PTO%20Data%20Portal/Databook%20Historical%20Data/2025DataBookFiles/millage_taxes_levied.xlsx,"2026 preliminary roll. Homestead parcels = NAL parcels with JV_HMSTD > 0. avg_soh_differential_per_homestead = (homestead_just_value_total minus homestead_assessed_value_total) / homestead_parcels, all from the NAL; the NAL differential (39,360,724,058) is -1.0% versus the Data Book soh_differential_total. avg_total_millage left blank: 2026 levies are not yet published by DOR. ESTIMATE: est_avg_annual_tax_saved = avg_soh_differential_per_homestead x 2025 DOR Total Millage Rate (17.41) / 1000."
Osceola,2022,,,,6706043614,,15.0746,,"FDOR Property Tax Oversight, Data Book: county_overview.xlsx, sheet 'Save Our Homes Value History', column 2022 (latest revision, as carried in the 2026 Data Book) | FDOR Data Book 2022: millage_taxes_levied.xlsx, sheet 'Millage Rates', column 'Total Millage Rate'",https://floridarevenue.com/property/Documents/county_overview.xlsx | https://floridarevenue.com/property/dataportal/Documents/PTO%20Data%20Portal/Databook%20Historical%20Data/2022DataBookFiles/millage_taxes_levied.xlsx,"2022 final roll figures. Homestead parcel count and homestead just and assessed value totals are not published by DOR for this year at county level (the Data Book has no homestead breakout and DOR no longer hosts pre-2026 NAL roll files), so they, the per-homestead average and the tax estimate are left blank."
Osceola,2023,,,,9555655357,,15.0434,,"FDOR Property Tax Oversight, Data Book: county_overview.xlsx, sheet 'Save Our Homes Value History', column 2023 (latest revision, as carried in the 2026 Data Book) | FDOR Data Book 2023: millage_taxes_levied.xlsx, sheet 'Millage Rates', column 'Total Millage Rate'",https://floridarevenue.com/property/Documents/county_overview.xlsx | https://floridarevenue.com/property/dataportal/Documents/PTO%20Data%20Portal/Databook%20Historical%20Data/2023DataBookFiles/millage_taxes_levied.xlsx,"2023 final roll figures. Homestead parcel count and homestead just and assessed value totals are not published by DOR for this year at county level (the Data Book has no homestead breakout and DOR no longer hosts pre-2026 NAL roll files), so they, the per-homestead average and the tax estimate are left blank."
Osceola,2024,,,,9614475998,,14.8758,,"FDOR Property Tax Oversight, Data Book: county_overview.xlsx, sheet 'Save Our Homes Value History', column 2024 (latest revision, as carried in the 2026 Data Book) | FDOR Data Book 2024: millage_taxes_levied.xlsx, sheet 'Millage Rates', column 'Total Millage Rate'",https://floridarevenue.com/property/Documents/county_overview.xlsx | https://floridarevenue.com/property/dataportal/Documents/PTO%20Data%20Portal/Databook%20Historical%20Data/2024DataBookFiles/millage_taxes_levied.xlsx,"2024 final roll figures. Homestead parcel count and homestead just and assessed value totals are not published by DOR for this year at county level (the Data Book has no homestead breakout and DOR no longer hosts pre-2026 NAL roll files), so they, the per-homestead average and the tax estimate are left blank."
Osceola,2025,,,,9097563384,,14.9738,,"FDOR Property Tax Oversight, Data Book: county_overview.xlsx, sheet 'Save Our Homes Value History', column 2025 (latest revision, as carried in the 2026 Data Book) | FDOR Data Book 2025: millage_taxes_levied.xlsx, sheet 'Millage Rates', column 'Total Millage Rate'",https://floridarevenue.com/property/Documents/county_overview.xlsx | https://floridarevenue.com/property/dataportal/Documents/PTO%20Data%20Portal/Databook%20Historical%20Data/2025DataBookFiles/millage_taxes_levied.xlsx,"2025 final roll figures. Homestead parcel count and homestead just and assessed value totals are not published by DOR for this year at county level (the Data Book has no homestead breakout and DOR no longer hosts pre-2026 NAL roll files), so they, the per-homestead average and the tax estimate are left blank."
Osceola,2026,87265,29375724541,21458137186,8012269512,90730,,1359,"FDOR Property Tax Oversight, Data Book: county_overview.xlsx, sheet 'Save Our Homes Value History', column 2026 (2026 preliminary roll) | FDOR NAL roll file 'Osceola 59 Preliminary NAL 2026.zip' (Preliminary 2026 roll): parcels with JV_HMSTD > 0; sums of JV_HMSTD and AV_HMSTD | FDOR Data Book 2025: millage_taxes_levied.xlsx 'Total Millage Rate' (used for the 2026 estimate)",https://floridarevenue.com/property/Documents/county_overview.xlsx | https://floridarevenue.com/property/dataportal/Documents/PTO%20Data%20Portal/Tax%20Roll%20Data%20Files/NAL/2026P/Osceola%2059%20Preliminary%20NAL%202026.zip | https://floridarevenue.com/property/dataportal/Documents/PTO%20Data%20Portal/Databook%20Historical%20Data/2025DataBookFiles/millage_taxes_levied.xlsx,"2026 preliminary roll. Homestead parcels = NAL parcels with JV_HMSTD > 0. avg_soh_differential_per_homestead = (homestead_just_value_total minus homestead_assessed_value_total) / homestead_parcels, all from the NAL; the NAL differential (7,917,587,355) is -1.2% versus the Data Book soh_differential_total. avg_total_millage left blank: 2026 levies are not yet published by DOR. ESTIMATE: est_avg_annual_tax_saved = avg_soh_differential_per_homestead x 2025 DOR Total Millage Rate (14.9738) / 1000."
Palm Beach,2022,,,,76690889315,,18.1309,,"FDOR Property Tax Oversight, Data Book: county_overview.xlsx, sheet 'Save Our Homes Value History', column 2022 (latest revision, as carried in the 2026 Data Book) | FDOR Data Book 2022: millage_taxes_levied.xlsx, sheet 'Millage Rates', column 'Total Millage Rate'",https://floridarevenue.com/property/Documents/county_overview.xlsx | https://floridarevenue.com/property/dataportal/Documents/PTO%20Data%20Portal/Databook%20Historical%20Data/2022DataBookFiles/millage_taxes_levied.xlsx,"2022 final roll figures. Homestead parcel count and homestead just and assessed value totals are not published by DOR for this year at county level (the Data Book has no homestead breakout and DOR no longer hosts pre-2026 NAL roll files), so they, the per-homestead average and the tax estimate are left blank."
Palm Beach,2023,,,,111477206740,,17.673,,"FDOR Property Tax Oversight, Data Book: county_overview.xlsx, sheet 'Save Our Homes Value History', column 2023 (latest revision, as carried in the 2026 Data Book) | FDOR Data Book 2023: millage_taxes_levied.xlsx, sheet 'Millage Rates', column 'Total Millage Rate'",https://floridarevenue.com/property/Documents/county_overview.xlsx | https://floridarevenue.com/property/dataportal/Documents/PTO%20Data%20Portal/Databook%20Historical%20Data/2023DataBookFiles/millage_taxes_levied.xlsx,"2023 final roll figures. Homestead parcel count and homestead just and assessed value totals are not published by DOR for this year at county level (the Data Book has no homestead breakout and DOR no longer hosts pre-2026 NAL roll files), so they, the per-homestead average and the tax estimate are left blank."
Palm Beach,2024,,,,112773714016,,17.4429,,"FDOR Property Tax Oversight, Data Book: county_overview.xlsx, sheet 'Save Our Homes Value History', column 2024 (latest revision, as carried in the 2026 Data Book) | FDOR Data Book 2024: millage_taxes_levied.xlsx, sheet 'Millage Rates', column 'Total Millage Rate'",https://floridarevenue.com/property/Documents/county_overview.xlsx | https://floridarevenue.com/property/dataportal/Documents/PTO%20Data%20Portal/Databook%20Historical%20Data/2024DataBookFiles/millage_taxes_levied.xlsx,"2024 final roll figures. Homestead parcel count and homestead just and assessed value totals are not published by DOR for this year at county level (the Data Book has no homestead breakout and DOR no longer hosts pre-2026 NAL roll files), so they, the per-homestead average and the tax estimate are left blank."
Palm Beach,2025,,,,107523513032,,17.4918,,"FDOR Property Tax Oversight, Data Book: county_overview.xlsx, sheet 'Save Our Homes Value History', column 2025 (latest revision, as carried in the 2026 Data Book) | FDOR Data Book 2025: millage_taxes_levied.xlsx, sheet 'Millage Rates', column 'Total Millage Rate'",https://floridarevenue.com/property/Documents/county_overview.xlsx | https://floridarevenue.com/property/dataportal/Documents/PTO%20Data%20Portal/Databook%20Historical%20Data/2025DataBookFiles/millage_taxes_levied.xlsx,"2025 final roll figures. Homestead parcel count and homestead just and assessed value totals are not published by DOR for this year at county level (the Data Book has no homestead breakout and DOR no longer hosts pre-2026 NAL roll files), so they, the per-homestead average and the tax estimate are left blank."
Palm Beach,2026,366108,267407429552,162214825641,106259673147,287327,,5026,"FDOR Property Tax Oversight, Data Book: county_overview.xlsx, sheet 'Save Our Homes Value History', column 2026 (2026 preliminary roll) | FDOR NAL roll file 'Palm Beach 60 Preliminary NAL 2026.zip' (Preliminary 2026 roll): parcels with JV_HMSTD > 0; sums of JV_HMSTD and AV_HMSTD | FDOR Data Book 2025: millage_taxes_levied.xlsx 'Total Millage Rate' (used for the 2026 estimate)",https://floridarevenue.com/property/Documents/county_overview.xlsx | https://floridarevenue.com/property/dataportal/Documents/PTO%20Data%20Portal/Tax%20Roll%20Data%20Files/NAL/2026P/Palm%20Beach%2060%20Preliminary%20NAL%202026.zip | https://floridarevenue.com/property/dataportal/Documents/PTO%20Data%20Portal/Databook%20Historical%20Data/2025DataBookFiles/millage_taxes_levied.xlsx,"2026 preliminary roll. Homestead parcels = NAL parcels with JV_HMSTD > 0. avg_soh_differential_per_homestead = (homestead_just_value_total minus homestead_assessed_value_total) / homestead_parcels, all from the NAL; the NAL differential (105,192,603,911) is -1.0% versus the Data Book soh_differential_total. avg_total_millage left blank: 2026 levies are not yet published by DOR. ESTIMATE: est_avg_annual_tax_saved = avg_soh_differential_per_homestead x 2025 DOR Total Millage Rate (17.4918) / 1000."
Pasco,2022,,,,13284191924,,16.1144,,"FDOR Property Tax Oversight, Data Book: county_overview.xlsx, sheet 'Save Our Homes Value History', column 2022 (latest revision, as carried in the 2026 Data Book) | FDOR Data Book 2022: millage_taxes_levied.xlsx, sheet 'Millage Rates', column 'Total Millage Rate'",https://floridarevenue.com/property/Documents/county_overview.xlsx | https://floridarevenue.com/property/dataportal/Documents/PTO%20Data%20Portal/Databook%20Historical%20Data/2022DataBookFiles/millage_taxes_levied.xlsx,"2022 final roll figures. Homestead parcel count and homestead just and assessed value totals are not published by DOR for this year at county level (the Data Book has no homestead breakout and DOR no longer hosts pre-2026 NAL roll files), so they, the per-homestead average and the tax estimate are left blank."
Pasco,2023,,,,19149202522,,17.2908,,"FDOR Property Tax Oversight, Data Book: county_overview.xlsx, sheet 'Save Our Homes Value History', column 2023 (latest revision, as carried in the 2026 Data Book) | FDOR Data Book 2023: millage_taxes_levied.xlsx, sheet 'Millage Rates', column 'Total Millage Rate'",https://floridarevenue.com/property/Documents/county_overview.xlsx | https://floridarevenue.com/property/dataportal/Documents/PTO%20Data%20Portal/Databook%20Historical%20Data/2023DataBookFiles/millage_taxes_levied.xlsx,"2023 final roll figures. Homestead parcel count and homestead just and assessed value totals are not published by DOR for this year at county level (the Data Book has no homestead breakout and DOR no longer hosts pre-2026 NAL roll files), so they, the per-homestead average and the tax estimate are left blank."
Pasco,2024,,,,19571739145,,17.3368,,"FDOR Property Tax Oversight, Data Book: county_overview.xlsx, sheet 'Save Our Homes Value History', column 2024 (latest revision, as carried in the 2026 Data Book) | FDOR Data Book 2024: millage_taxes_levied.xlsx, sheet 'Millage Rates', column 'Total Millage Rate'",https://floridarevenue.com/property/Documents/county_overview.xlsx | https://floridarevenue.com/property/dataportal/Documents/PTO%20Data%20Portal/Databook%20Historical%20Data/2024DataBookFiles/millage_taxes_levied.xlsx,"2024 final roll figures. Homestead parcel count and homestead just and assessed value totals are not published by DOR for this year at county level (the Data Book has no homestead breakout and DOR no longer hosts pre-2026 NAL roll files), so they, the per-homestead average and the tax estimate are left blank."
Pasco,2025,,,,17949785827,,17.2168,,"FDOR Property Tax Oversight, Data Book: county_overview.xlsx, sheet 'Save Our Homes Value History', column 2025 (latest revision, as carried in the 2026 Data Book) | FDOR Data Book 2025: millage_taxes_levied.xlsx, sheet 'Millage Rates', column 'Total Millage Rate'",https://floridarevenue.com/property/Documents/county_overview.xlsx | https://floridarevenue.com/property/dataportal/Documents/PTO%20Data%20Portal/Databook%20Historical%20Data/2025DataBookFiles/millage_taxes_levied.xlsx,"2025 final roll figures. Homestead parcel count and homestead just and assessed value totals are not published by DOR for this year at county level (the Data Book has no homestead breakout and DOR no longer hosts pre-2026 NAL roll files), so they, the per-homestead average and the tax estimate are left blank."
Pasco,2026,169296,54535847784,38907540633,15941695628,92314,,1589,"FDOR Property Tax Oversight, Data Book: county_overview.xlsx, sheet 'Save Our Homes Value History', column 2026 (2026 preliminary roll) | FDOR NAL roll file 'Pasco 61 Preliminary NAL 2026.zip' (Preliminary 2026 roll): parcels with JV_HMSTD > 0; sums of JV_HMSTD and AV_HMSTD | FDOR Data Book 2025: millage_taxes_levied.xlsx 'Total Millage Rate' (used for the 2026 estimate)",https://floridarevenue.com/property/Documents/county_overview.xlsx | https://floridarevenue.com/property/dataportal/Documents/PTO%20Data%20Portal/Tax%20Roll%20Data%20Files/NAL/2026P/Pasco%2061%20Preliminary%20NAL%202026.zip | https://floridarevenue.com/property/dataportal/Documents/PTO%20Data%20Portal/Databook%20Historical%20Data/2025DataBookFiles/millage_taxes_levied.xlsx,"2026 preliminary roll. Homestead parcels = NAL parcels with JV_HMSTD > 0. avg_soh_differential_per_homestead = (homestead_just_value_total minus homestead_assessed_value_total) / homestead_parcels, all from the NAL; the NAL differential (15,628,307,151) is -2.0% versus the Data Book soh_differential_total. avg_total_millage left blank: 2026 levies are not yet published by DOR. ESTIMATE: est_avg_annual_tax_saved = avg_soh_differential_per_homestead x 2025 DOR Total Millage Rate (17.2168) / 1000."
Pinellas,2022,,,,39104839644,,18.4945,,"FDOR Property Tax Oversight, Data Book: county_overview.xlsx, sheet 'Save Our Homes Value History', column 2022 (latest revision, as carried in the 2026 Data Book) | FDOR Data Book 2022: millage_taxes_levied.xlsx, sheet 'Millage Rates', column 'Total Millage Rate'",https://floridarevenue.com/property/Documents/county_overview.xlsx | https://floridarevenue.com/property/dataportal/Documents/PTO%20Data%20Portal/Databook%20Historical%20Data/2022DataBookFiles/millage_taxes_levied.xlsx,"2022 final roll figures. Homestead parcel count and homestead just and assessed value totals are not published by DOR for this year at county level (the Data Book has no homestead breakout and DOR no longer hosts pre-2026 NAL roll files), so they, the per-homestead average and the tax estimate are left blank."
Pinellas,2023,,,,50803993845,,18.381,,"FDOR Property Tax Oversight, Data Book: county_overview.xlsx, sheet 'Save Our Homes Value History', column 2023 (latest revision, as carried in the 2026 Data Book) | FDOR Data Book 2023: millage_taxes_levied.xlsx, sheet 'Millage Rates', column 'Total Millage Rate'",https://floridarevenue.com/property/Documents/county_overview.xlsx | https://floridarevenue.com/property/dataportal/Documents/PTO%20Data%20Portal/Databook%20Historical%20Data/2023DataBookFiles/millage_taxes_levied.xlsx,"2023 final roll figures. Homestead parcel count and homestead just and assessed value totals are not published by DOR for this year at county level (the Data Book has no homestead breakout and DOR no longer hosts pre-2026 NAL roll files), so they, the per-homestead average and the tax estimate are left blank."
Pinellas,2024,,,,54055252049,,18.0621,,"FDOR Property Tax Oversight, Data Book: county_overview.xlsx, sheet 'Save Our Homes Value History', column 2024 (latest revision, as carried in the 2026 Data Book) | FDOR Data Book 2024: millage_taxes_levied.xlsx, sheet 'Millage Rates', column 'Total Millage Rate'",https://floridarevenue.com/property/Documents/county_overview.xlsx | https://floridarevenue.com/property/dataportal/Documents/PTO%20Data%20Portal/Databook%20Historical%20Data/2024DataBookFiles/millage_taxes_levied.xlsx,"2024 final roll figures. Homestead parcel count and homestead just and assessed value totals are not published by DOR for this year at county level (the Data Book has no homestead breakout and DOR no longer hosts pre-2026 NAL roll files), so they, the per-homestead average and the tax estimate are left blank."
Pinellas,2025,,,,49480276570,,18.4941,,"FDOR Property Tax Oversight, Data Book: county_overview.xlsx, sheet 'Save Our Homes Value History', column 2025 (latest revision, as carried in the 2026 Data Book) | FDOR Data Book 2025: millage_taxes_levied.xlsx, sheet 'Millage Rates', column 'Total Millage Rate'",https://floridarevenue.com/property/Documents/county_overview.xlsx | https://floridarevenue.com/property/dataportal/Documents/PTO%20Data%20Portal/Databook%20Historical%20Data/2025DataBookFiles/millage_taxes_levied.xlsx,"2025 final roll figures. Homestead parcel count and homestead just and assessed value totals are not published by DOR for this year at county level (the Data Book has no homestead breakout and DOR no longer hosts pre-2026 NAL roll files), so they, the per-homestead average and the tax estimate are left blank."
Pinellas,2026,250466,107857339067,67170802745,41348214354,162443,,3004,"FDOR Property Tax Oversight, Data Book: county_overview.xlsx, sheet 'Save Our Homes Value History', column 2026 (2026 preliminary roll) | FDOR NAL roll file 'Pinellas 62 Preliminary NAL 2026.zip' (Preliminary 2026 roll): parcels with JV_HMSTD > 0; sums of JV_HMSTD and AV_HMSTD | FDOR Data Book 2025: millage_taxes_levied.xlsx 'Total Millage Rate' (used for the 2026 estimate)",https://floridarevenue.com/property/Documents/county_overview.xlsx | https://floridarevenue.com/property/dataportal/Documents/PTO%20Data%20Portal/Tax%20Roll%20Data%20Files/NAL/2026P/Pinellas%2062%20Preliminary%20NAL%202026.zip | https://floridarevenue.com/property/dataportal/Documents/PTO%20Data%20Portal/Databook%20Historical%20Data/2025DataBookFiles/millage_taxes_levied.xlsx,"2026 preliminary roll. Homestead parcels = NAL parcels with JV_HMSTD > 0. avg_soh_differential_per_homestead = (homestead_just_value_total minus homestead_assessed_value_total) / homestead_parcels, all from the NAL; the NAL differential (40,686,536,322) is -1.6% versus the Data Book soh_differential_total. avg_total_millage left blank: 2026 levies are not yet published by DOR. ESTIMATE: est_avg_annual_tax_saved = avg_soh_differential_per_homestead x 2025 DOR Total Millage Rate (18.4941) / 1000."
Polk,2022,,,,13641236326,,15.657,,"FDOR Property Tax Oversight, Data Book: county_overview.xlsx, sheet 'Save Our Homes Value History', column 2022 (latest revision, as carried in the 2026 Data Book) | FDOR Data Book 2022: millage_taxes_levied.xlsx, sheet 'Millage Rates', column 'Total Millage Rate'",https://floridarevenue.com/property/Documents/county_overview.xlsx | https://floridarevenue.com/property/dataportal/Documents/PTO%20Data%20Portal/Databook%20Historical%20Data/2022DataBookFiles/millage_taxes_levied.xlsx,"2022 final roll figures. Homestead parcel count and homestead just and assessed value totals are not published by DOR for this year at county level (the Data Book has no homestead breakout and DOR no longer hosts pre-2026 NAL roll files), so they, the per-homestead average and the tax estimate are left blank."
Polk,2023,,,,16861540903,,15.5591,,"FDOR Property Tax Oversight, Data Book: county_overview.xlsx, sheet 'Save Our Homes Value History', column 2023 (latest revision, as carried in the 2026 Data Book) | FDOR Data Book 2023: millage_taxes_levied.xlsx, sheet 'Millage Rates', column 'Total Millage Rate'",https://floridarevenue.com/property/Documents/county_overview.xlsx | https://floridarevenue.com/property/dataportal/Documents/PTO%20Data%20Portal/Databook%20Historical%20Data/2023DataBookFiles/millage_taxes_levied.xlsx,"2023 final roll figures. Homestead parcel count and homestead just and assessed value totals are not published by DOR for this year at county level (the Data Book has no homestead breakout and DOR no longer hosts pre-2026 NAL roll files), so they, the per-homestead average and the tax estimate are left blank."
Polk,2024,,,,16204642059,,15.3806,,"FDOR Property Tax Oversight, Data Book: county_overview.xlsx, sheet 'Save Our Homes Value History', column 2024 (latest revision, as carried in the 2026 Data Book) | FDOR Data Book 2024: millage_taxes_levied.xlsx, sheet 'Millage Rates', column 'Total Millage Rate'",https://floridarevenue.com/property/Documents/county_overview.xlsx | https://floridarevenue.com/property/dataportal/Documents/PTO%20Data%20Portal/Databook%20Historical%20Data/2024DataBookFiles/millage_taxes_levied.xlsx,"2024 final roll figures. Homestead parcel count and homestead just and assessed value totals are not published by DOR for this year at county level (the Data Book has no homestead breakout and DOR no longer hosts pre-2026 NAL roll files), so they, the per-homestead average and the tax estimate are left blank."
Polk,2025,,,,14486379025,,15.4378,,"FDOR Property Tax Oversight, Data Book: county_overview.xlsx, sheet 'Save Our Homes Value History', column 2025 (latest revision, as carried in the 2026 Data Book) | FDOR Data Book 2025: millage_taxes_levied.xlsx, sheet 'Millage Rates', column 'Total Millage Rate'",https://floridarevenue.com/property/Documents/county_overview.xlsx | https://floridarevenue.com/property/dataportal/Documents/PTO%20Data%20Portal/Databook%20Historical%20Data/2025DataBookFiles/millage_taxes_levied.xlsx,"2025 final roll figures. Homestead parcel count and homestead just and assessed value totals are not published by DOR for this year at county level (the Data Book has no homestead breakout and DOR no longer hosts pre-2026 NAL roll files), so they, the per-homestead average and the tax estimate are left blank."
Polk,2026,174240,45745762239,32691564778,13209922334,74921,,1157,"FDOR Property Tax Oversight, Data Book: county_overview.xlsx, sheet 'Save Our Homes Value History', column 2026 (2026 preliminary roll) | FDOR NAL roll file 'Polk 63 Preliminary NAL 2026.zip' (Preliminary 2026 roll): parcels with JV_HMSTD > 0; sums of JV_HMSTD and AV_HMSTD | FDOR Data Book 2025: millage_taxes_levied.xlsx 'Total Millage Rate' (used for the 2026 estimate)",https://floridarevenue.com/property/Documents/county_overview.xlsx | https://floridarevenue.com/property/dataportal/Documents/PTO%20Data%20Portal/Tax%20Roll%20Data%20Files/NAL/2026P/Polk%2063%20Preliminary%20NAL%202026.zip | https://floridarevenue.com/property/dataportal/Documents/PTO%20Data%20Portal/Databook%20Historical%20Data/2025DataBookFiles/millage_taxes_levied.xlsx,"2026 preliminary roll. Homestead parcels = NAL parcels with JV_HMSTD > 0. avg_soh_differential_per_homestead = (homestead_just_value_total minus homestead_assessed_value_total) / homestead_parcels, all from the NAL; the NAL differential (13,054,197,461) is -1.2% versus the Data Book soh_differential_total. avg_total_millage left blank: 2026 levies are not yet published by DOR. ESTIMATE: est_avg_annual_tax_saved = avg_soh_differential_per_homestead x 2025 DOR Total Millage Rate (15.4378) / 1000."
Putnam,2022,,,,1218399846,,16.9446,,"FDOR Property Tax Oversight, Data Book: county_overview.xlsx, sheet 'Save Our Homes Value History', column 2022 (latest revision, as carried in the 2026 Data Book) | FDOR Data Book 2022: millage_taxes_levied.xlsx, sheet 'Millage Rates', column 'Total Millage Rate'",https://floridarevenue.com/property/Documents/county_overview.xlsx | https://floridarevenue.com/property/dataportal/Documents/PTO%20Data%20Portal/Databook%20Historical%20Data/2022DataBookFiles/millage_taxes_levied.xlsx,"2022 final roll figures. Homestead parcel count and homestead just and assessed value totals are not published by DOR for this year at county level (the Data Book has no homestead breakout and DOR no longer hosts pre-2026 NAL roll files), so they, the per-homestead average and the tax estimate are left blank."
Putnam,2023,,,,1667999337,,17.2395,,"FDOR Property Tax Oversight, Data Book: county_overview.xlsx, sheet 'Save Our Homes Value History', column 2023 (latest revision, as carried in the 2026 Data Book) | FDOR Data Book 2023: millage_taxes_levied.xlsx, sheet 'Millage Rates', column 'Total Millage Rate'",https://floridarevenue.com/property/Documents/county_overview.xlsx | https://floridarevenue.com/property/dataportal/Documents/PTO%20Data%20Portal/Databook%20Historical%20Data/2023DataBookFiles/millage_taxes_levied.xlsx,"2023 final roll figures. Homestead parcel count and homestead just and assessed value totals are not published by DOR for this year at county level (the Data Book has no homestead breakout and DOR no longer hosts pre-2026 NAL roll files), so they, the per-homestead average and the tax estimate are left blank."
Putnam,2024,,,,1797602529,,17.0695,,"FDOR Property Tax Oversight, Data Book: county_overview.xlsx, sheet 'Save Our Homes Value History', column 2024 (latest revision, as carried in the 2026 Data Book) | FDOR Data Book 2024: millage_taxes_levied.xlsx, sheet 'Millage Rates', column 'Total Millage Rate'",https://floridarevenue.com/property/Documents/county_overview.xlsx | https://floridarevenue.com/property/dataportal/Documents/PTO%20Data%20Portal/Databook%20Historical%20Data/2024DataBookFiles/millage_taxes_levied.xlsx,"2024 final roll figures. Homestead parcel count and homestead just and assessed value totals are not published by DOR for this year at county level (the Data Book has no homestead breakout and DOR no longer hosts pre-2026 NAL roll files), so they, the per-homestead average and the tax estimate are left blank."
Putnam,2025,,,,1478440776,,17.7142,,"FDOR Property Tax Oversight, Data Book: county_overview.xlsx, sheet 'Save Our Homes Value History', column 2025 (latest revision, as carried in the 2026 Data Book) | FDOR Data Book 2025: millage_taxes_levied.xlsx, sheet 'Millage Rates', column 'Total Millage Rate'",https://floridarevenue.com/property/Documents/county_overview.xlsx | https://floridarevenue.com/property/dataportal/Documents/PTO%20Data%20Portal/Databook%20Historical%20Data/2025DataBookFiles/millage_taxes_levied.xlsx,"2025 final roll figures. Homestead parcel count and homestead just and assessed value totals are not published by DOR for this year at county level (the Data Book has no homestead breakout and DOR no longer hosts pre-2026 NAL roll files), so they, the per-homestead average and the tax estimate are left blank."
Putnam,2026,20992,4034579371,2703666299,1346230862,63401,,1123,"FDOR Property Tax Oversight, Data Book: county_overview.xlsx, sheet 'Save Our Homes Value History', column 2026 (2026 preliminary roll) | FDOR NAL roll file 'Putnam 64 Preliminary NAL 2026.zip' (Preliminary 2026 roll): parcels with JV_HMSTD > 0; sums of JV_HMSTD and AV_HMSTD | FDOR Data Book 2025: millage_taxes_levied.xlsx 'Total Millage Rate' (used for the 2026 estimate)",https://floridarevenue.com/property/Documents/county_overview.xlsx | https://floridarevenue.com/property/dataportal/Documents/PTO%20Data%20Portal/Tax%20Roll%20Data%20Files/NAL/2026P/Putnam%2064%20Preliminary%20NAL%202026.zip | https://floridarevenue.com/property/dataportal/Documents/PTO%20Data%20Portal/Databook%20Historical%20Data/2025DataBookFiles/millage_taxes_levied.xlsx,"2026 preliminary roll. Homestead parcels = NAL parcels with JV_HMSTD > 0. avg_soh_differential_per_homestead = (homestead_just_value_total minus homestead_assessed_value_total) / homestead_parcels, all from the NAL; the NAL differential (1,330,913,072) is -1.1% versus the Data Book soh_differential_total. avg_total_millage left blank: 2026 levies are not yet published by DOR. ESTIMATE: est_avg_annual_tax_saved = avg_soh_differential_per_homestead x 2025 DOR Total Millage Rate (17.7142) / 1000."
Saint Johns,2022,,,,13612578167,,13.3486,,"FDOR Property Tax Oversight, Data Book: county_overview.xlsx, sheet 'Save Our Homes Value History', column 2022 (latest revision, as carried in the 2026 Data Book) | FDOR Data Book 2022: millage_taxes_levied.xlsx, sheet 'Millage Rates', column 'Total Millage Rate'",https://floridarevenue.com/property/Documents/county_overview.xlsx | https://floridarevenue.com/property/dataportal/Documents/PTO%20Data%20Portal/Databook%20Historical%20Data/2022DataBookFiles/millage_taxes_levied.xlsx,"2022 final roll figures. Homestead parcel count and homestead just and assessed value totals are not published by DOR for this year at county level (the Data Book has no homestead breakout and DOR no longer hosts pre-2026 NAL roll files), so they, the per-homestead average and the tax estimate are left blank."
Saint Johns,2023,,,,16841720658,,13.2344,,"FDOR Property Tax Oversight, Data Book: county_overview.xlsx, sheet 'Save Our Homes Value History', column 2023 (latest revision, as carried in the 2026 Data Book) | FDOR Data Book 2023: millage_taxes_levied.xlsx, sheet 'Millage Rates', column 'Total Millage Rate'",https://floridarevenue.com/property/Documents/county_overview.xlsx | https://floridarevenue.com/property/dataportal/Documents/PTO%20Data%20Portal/Databook%20Historical%20Data/2023DataBookFiles/millage_taxes_levied.xlsx,"2023 final roll figures. Homestead parcel count and homestead just and assessed value totals are not published by DOR for this year at county level (the Data Book has no homestead breakout and DOR no longer hosts pre-2026 NAL roll files), so they, the per-homestead average and the tax estimate are left blank."
Saint Johns,2024,,,,16842031072,,13.0651,,"FDOR Property Tax Oversight, Data Book: county_overview.xlsx, sheet 'Save Our Homes Value History', column 2024 (latest revision, as carried in the 2026 Data Book) | FDOR Data Book 2024: millage_taxes_levied.xlsx, sheet 'Millage Rates', column 'Total Millage Rate'",https://floridarevenue.com/property/Documents/county_overview.xlsx | https://floridarevenue.com/property/dataportal/Documents/PTO%20Data%20Portal/Databook%20Historical%20Data/2024DataBookFiles/millage_taxes_levied.xlsx,"2024 final roll figures. Homestead parcel count and homestead just and assessed value totals are not published by DOR for this year at county level (the Data Book has no homestead breakout and DOR no longer hosts pre-2026 NAL roll files), so they, the per-homestead average and the tax estimate are left blank."
Saint Johns,2025,,,,16821748529,,13.9738,,"FDOR Property Tax Oversight, Data Book: county_overview.xlsx, sheet 'Save Our Homes Value History', column 2025 (latest revision, as carried in the 2026 Data Book) | FDOR Data Book 2025: millage_taxes_levied.xlsx, sheet 'Millage Rates', column 'Total Millage Rate'",https://floridarevenue.com/property/Documents/county_overview.xlsx | https://floridarevenue.com/property/dataportal/Documents/PTO%20Data%20Portal/Databook%20Historical%20Data/2025DataBookFiles/millage_taxes_levied.xlsx,"2025 final roll figures. Homestead parcel count and homestead just and assessed value totals are not published by DOR for this year at county level (the Data Book has no homestead breakout and DOR no longer hosts pre-2026 NAL roll files), so they, the per-homestead average and the tax estimate are left blank."
Saint Johns,2026,96532,54622953532,39247849727,15608639942,159275,,2226,"FDOR Property Tax Oversight, Data Book: county_overview.xlsx, sheet 'Save Our Homes Value History', column 2026 (2026 preliminary roll) | FDOR NAL roll file 'Saint Johns 65 Preliminary NAL 2026.zip' (Preliminary 2026 roll): parcels with JV_HMSTD > 0; sums of JV_HMSTD and AV_HMSTD | FDOR Data Book 2025: millage_taxes_levied.xlsx 'Total Millage Rate' (used for the 2026 estimate)",https://floridarevenue.com/property/Documents/county_overview.xlsx | https://floridarevenue.com/property/dataportal/Documents/PTO%20Data%20Portal/Tax%20Roll%20Data%20Files/NAL/2026P/Saint%20Johns%2065%20Preliminary%20NAL%202026.zip | https://floridarevenue.com/property/dataportal/Documents/PTO%20Data%20Portal/Databook%20Historical%20Data/2025DataBookFiles/millage_taxes_levied.xlsx,"2026 preliminary roll. Homestead parcels = NAL parcels with JV_HMSTD > 0. avg_soh_differential_per_homestead = (homestead_just_value_total minus homestead_assessed_value_total) / homestead_parcels, all from the NAL; the NAL differential (15,375,103,805) is -1.5% versus the Data Book soh_differential_total. avg_total_millage left blank: 2026 levies are not yet published by DOR. ESTIMATE: est_avg_annual_tax_saved = avg_soh_differential_per_homestead x 2025 DOR Total Millage Rate (13.9738) / 1000."
Saint Lucie,2022,,,,10794906519,,22.0009,,"FDOR Property Tax Oversight, Data Book: county_overview.xlsx, sheet 'Save Our Homes Value History', column 2022 (latest revision, as carried in the 2026 Data Book) | FDOR Data Book 2022: millage_taxes_levied.xlsx, sheet 'Millage Rates', column 'Total Millage Rate'",https://floridarevenue.com/property/Documents/county_overview.xlsx | https://floridarevenue.com/property/dataportal/Documents/PTO%20Data%20Portal/Databook%20Historical%20Data/2022DataBookFiles/millage_taxes_levied.xlsx,"2022 final roll figures. Homestead parcel count and homestead just and assessed value totals are not published by DOR for this year at county level (the Data Book has no homestead breakout and DOR no longer hosts pre-2026 NAL roll files), so they, the per-homestead average and the tax estimate are left blank."
Saint Lucie,2023,,,,14229582050,,21.8449,,"FDOR Property Tax Oversight, Data Book: county_overview.xlsx, sheet 'Save Our Homes Value History', column 2023 (latest revision, as carried in the 2026 Data Book) | FDOR Data Book 2023: millage_taxes_levied.xlsx, sheet 'Millage Rates', column 'Total Millage Rate'",https://floridarevenue.com/property/Documents/county_overview.xlsx | https://floridarevenue.com/property/dataportal/Documents/PTO%20Data%20Portal/Databook%20Historical%20Data/2023DataBookFiles/millage_taxes_levied.xlsx,"2023 final roll figures. Homestead parcel count and homestead just and assessed value totals are not published by DOR for this year at county level (the Data Book has no homestead breakout and DOR no longer hosts pre-2026 NAL roll files), so they, the per-homestead average and the tax estimate are left blank."
Saint Lucie,2024,,,,14086459209,,21.5612,,"FDOR Property Tax Oversight, Data Book: county_overview.xlsx, sheet 'Save Our Homes Value History', column 2024 (latest revision, as carried in the 2026 Data Book) | FDOR Data Book 2024: millage_taxes_levied.xlsx, sheet 'Millage Rates', column 'Total Millage Rate'",https://floridarevenue.com/property/Documents/county_overview.xlsx | https://floridarevenue.com/property/dataportal/Documents/PTO%20Data%20Portal/Databook%20Historical%20Data/2024DataBookFiles/millage_taxes_levied.xlsx,"2024 final roll figures. Homestead parcel count and homestead just and assessed value totals are not published by DOR for this year at county level (the Data Book has no homestead breakout and DOR no longer hosts pre-2026 NAL roll files), so they, the per-homestead average and the tax estimate are left blank."
Saint Lucie,2025,,,,13210545459,,21.557,,"FDOR Property Tax Oversight, Data Book: county_overview.xlsx, sheet 'Save Our Homes Value History', column 2025 (latest revision, as carried in the 2026 Data Book) | FDOR Data Book 2025: millage_taxes_levied.xlsx, sheet 'Millage Rates', column 'Total Millage Rate'",https://floridarevenue.com/property/Documents/county_overview.xlsx | https://floridarevenue.com/property/dataportal/Documents/PTO%20Data%20Portal/Databook%20Historical%20Data/2025DataBookFiles/millage_taxes_levied.xlsx,"2025 final roll figures. Homestead parcel count and homestead just and assessed value totals are not published by DOR for this year at county level (the Data Book has no homestead breakout and DOR no longer hosts pre-2026 NAL roll files), so they, the per-homestead average and the tax estimate are left blank."
Saint Lucie,2026,106134,36771017535,25025722676,11945505200,110665,,2386,"FDOR Property Tax Oversight, Data Book: county_overview.xlsx, sheet 'Save Our Homes Value History', column 2026 (2026 preliminary roll) | FDOR NAL roll file 'Saint Lucie 66 Preliminary NAL 2026.zip' (Preliminary 2026 roll): parcels with JV_HMSTD > 0; sums of JV_HMSTD and AV_HMSTD | FDOR Data Book 2025: millage_taxes_levied.xlsx 'Total Millage Rate' (used for the 2026 estimate)",https://floridarevenue.com/property/Documents/county_overview.xlsx | https://floridarevenue.com/property/dataportal/Documents/PTO%20Data%20Portal/Tax%20Roll%20Data%20Files/NAL/2026P/Saint%20Lucie%2066%20Preliminary%20NAL%202026.zip | https://floridarevenue.com/property/dataportal/Documents/PTO%20Data%20Portal/Databook%20Historical%20Data/2025DataBookFiles/millage_taxes_levied.xlsx,"2026 preliminary roll. Homestead parcels = NAL parcels with JV_HMSTD > 0. avg_soh_differential_per_homestead = (homestead_just_value_total minus homestead_assessed_value_total) / homestead_parcels, all from the NAL; the NAL differential (11,745,294,859) is -1.7% versus the Data Book soh_differential_total. avg_total_millage left blank: 2026 levies are not yet published by DOR. ESTIMATE: est_avg_annual_tax_saved = avg_soh_differential_per_homestead x 2025 DOR Total Millage Rate (21.557) / 1000."
Santa Rosa,2022,,,,4062616682,,12.4798,,"FDOR Property Tax Oversight, Data Book: county_overview.xlsx, sheet 'Save Our Homes Value History', column 2022 (latest revision, as carried in the 2026 Data Book) | FDOR Data Book 2022: millage_taxes_levied.xlsx, sheet 'Millage Rates', column 'Total Millage Rate'",https://floridarevenue.com/property/Documents/county_overview.xlsx | https://floridarevenue.com/property/dataportal/Documents/PTO%20Data%20Portal/Databook%20Historical%20Data/2022DataBookFiles/millage_taxes_levied.xlsx,"2022 final roll figures. Homestead parcel count and homestead just and assessed value totals are not published by DOR for this year at county level (the Data Book has no homestead breakout and DOR no longer hosts pre-2026 NAL roll files), so they, the per-homestead average and the tax estimate are left blank."
Santa Rosa,2023,,,,4438305783,,12.6216,,"FDOR Property Tax Oversight, Data Book: county_overview.xlsx, sheet 'Save Our Homes Value History', column 2023 (latest revision, as carried in the 2026 Data Book) | FDOR Data Book 2023: millage_taxes_levied.xlsx, sheet 'Millage Rates', column 'Total Millage Rate'",https://floridarevenue.com/property/Documents/county_overview.xlsx | https://floridarevenue.com/property/dataportal/Documents/PTO%20Data%20Portal/Databook%20Historical%20Data/2023DataBookFiles/millage_taxes_levied.xlsx,"2023 final roll figures. Homestead parcel count and homestead just and assessed value totals are not published by DOR for this year at county level (the Data Book has no homestead breakout and DOR no longer hosts pre-2026 NAL roll files), so they, the per-homestead average and the tax estimate are left blank."
Santa Rosa,2024,,,,4403891916,,12.1384,,"FDOR Property Tax Oversight, Data Book: county_overview.xlsx, sheet 'Save Our Homes Value History', column 2024 (latest revision, as carried in the 2026 Data Book) | FDOR Data Book 2024: millage_taxes_levied.xlsx, sheet 'Millage Rates', column 'Total Millage Rate'",https://floridarevenue.com/property/Documents/county_overview.xlsx | https://floridarevenue.com/property/dataportal/Documents/PTO%20Data%20Portal/Databook%20Historical%20Data/2024DataBookFiles/millage_taxes_levied.xlsx,"2024 final roll figures. Homestead parcel count and homestead just and assessed value totals are not published by DOR for this year at county level (the Data Book has no homestead breakout and DOR no longer hosts pre-2026 NAL roll files), so they, the per-homestead average and the tax estimate are left blank."
Santa Rosa,2025,,,,4570575418,,11.7171,,"FDOR Property Tax Oversight, Data Book: county_overview.xlsx, sheet 'Save Our Homes Value History', column 2025 (latest revision, as carried in the 2026 Data Book) | FDOR Data Book 2025: millage_taxes_levied.xlsx, sheet 'Millage Rates', column 'Total Millage Rate'",https://floridarevenue.com/property/Documents/county_overview.xlsx | https://floridarevenue.com/property/dataportal/Documents/PTO%20Data%20Portal/Databook%20Historical%20Data/2025DataBookFiles/millage_taxes_levied.xlsx,"2025 final roll figures. Homestead parcel count and homestead just and assessed value totals are not published by DOR for this year at county level (the Data Book has no homestead breakout and DOR no longer hosts pre-2026 NAL roll files), so they, the per-homestead average and the tax estimate are left blank."
Santa Rosa,2026,55270,17424993157,13258487169,4221246642,75385,,883,"FDOR Property Tax Oversight, Data Book: county_overview.xlsx, sheet 'Save Our Homes Value History', column 2026 (2026 preliminary roll) | FDOR NAL roll file 'Santa Rosa 67 Preliminary NAL 2026.zip' (Preliminary 2026 roll): parcels with JV_HMSTD > 0; sums of JV_HMSTD and AV_HMSTD | FDOR Data Book 2025: millage_taxes_levied.xlsx 'Total Millage Rate' (used for the 2026 estimate)",https://floridarevenue.com/property/Documents/county_overview.xlsx | https://floridarevenue.com/property/dataportal/Documents/PTO%20Data%20Portal/Tax%20Roll%20Data%20Files/NAL/2026P/Santa%20Rosa%2067%20Preliminary%20NAL%202026.zip | https://floridarevenue.com/property/dataportal/Documents/PTO%20Data%20Portal/Databook%20Historical%20Data/2025DataBookFiles/millage_taxes_levied.xlsx,"2026 preliminary roll. Homestead parcels = NAL parcels with JV_HMSTD > 0. avg_soh_differential_per_homestead = (homestead_just_value_total minus homestead_assessed_value_total) / homestead_parcels, all from the NAL; the NAL differential (4,166,505,988) is -1.3% versus the Data Book soh_differential_total. avg_total_millage left blank: 2026 levies are not yet published by DOR. ESTIMATE: est_avg_annual_tax_saved = avg_soh_differential_per_homestead x 2025 DOR Total Millage Rate (11.7171) / 1000."
Sarasota,2022,,,,24180941680,,12.9711,,"FDOR Property Tax Oversight, Data Book: county_overview.xlsx, sheet 'Save Our Homes Value History', column 2022 (latest revision, as carried in the 2026 Data Book) | FDOR Data Book 2022: millage_taxes_levied.xlsx, sheet 'Millage Rates', column 'Total Millage Rate'",https://floridarevenue.com/property/Documents/county_overview.xlsx | https://floridarevenue.com/property/dataportal/Documents/PTO%20Data%20Portal/Databook%20Historical%20Data/2022DataBookFiles/millage_taxes_levied.xlsx,"2022 final roll figures. Homestead parcel count and homestead just and assessed value totals are not published by DOR for this year at county level (the Data Book has no homestead breakout and DOR no longer hosts pre-2026 NAL roll files), so they, the per-homestead average and the tax estimate are left blank."
Sarasota,2023,,,,27784735869,,12.8033,,"FDOR Property Tax Oversight, Data Book: county_overview.xlsx, sheet 'Save Our Homes Value History', column 2023 (latest revision, as carried in the 2026 Data Book) | FDOR Data Book 2023: millage_taxes_levied.xlsx, sheet 'Millage Rates', column 'Total Millage Rate'",https://floridarevenue.com/property/Documents/county_overview.xlsx | https://floridarevenue.com/property/dataportal/Documents/PTO%20Data%20Portal/Databook%20Historical%20Data/2023DataBookFiles/millage_taxes_levied.xlsx,"2023 final roll figures. Homestead parcel count and homestead just and assessed value totals are not published by DOR for this year at county level (the Data Book has no homestead breakout and DOR no longer hosts pre-2026 NAL roll files), so they, the per-homestead average and the tax estimate are left blank."
Sarasota,2024,,,,24543419508,,12.7168,,"FDOR Property Tax Oversight, Data Book: county_overview.xlsx, sheet 'Save Our Homes Value History', column 2024 (latest revision, as carried in the 2026 Data Book) | FDOR Data Book 2024: millage_taxes_levied.xlsx, sheet 'Millage Rates', column 'Total Millage Rate'",https://floridarevenue.com/property/Documents/county_overview.xlsx | https://floridarevenue.com/property/dataportal/Documents/PTO%20Data%20Portal/Databook%20Historical%20Data/2024DataBookFiles/millage_taxes_levied.xlsx,"2024 final roll figures. Homestead parcel count and homestead just and assessed value totals are not published by DOR for this year at county level (the Data Book has no homestead breakout and DOR no longer hosts pre-2026 NAL roll files), so they, the per-homestead average and the tax estimate are left blank."
Sarasota,2025,,,,19926441499,,12.7527,,"FDOR Property Tax Oversight, Data Book: county_overview.xlsx, sheet 'Save Our Homes Value History', column 2025 (latest revision, as carried in the 2026 Data Book) | FDOR Data Book 2025: millage_taxes_levied.xlsx, sheet 'Millage Rates', column 'Total Millage Rate'",https://floridarevenue.com/property/Documents/county_overview.xlsx | https://floridarevenue.com/property/dataportal/Documents/PTO%20Data%20Portal/Databook%20Historical%20Data/2025DataBookFiles/millage_taxes_levied.xlsx,"2025 final roll figures. Homestead parcel count and homestead just and assessed value totals are not published by DOR for this year at county level (the Data Book has no homestead breakout and DOR no longer hosts pre-2026 NAL roll files), so they, the per-homestead average and the tax estimate are left blank."
Sarasota,2026,139125,66739759254,51573625834,15284260634,109011,,1390,"FDOR Property Tax Oversight, Data Book: county_overview.xlsx, sheet 'Save Our Homes Value History', column 2026 (2026 preliminary roll) | FDOR NAL roll file 'Sarasota 68 Preliminary NAL 2026.zip' (Preliminary 2026 roll): parcels with JV_HMSTD > 0; sums of JV_HMSTD and AV_HMSTD | FDOR Data Book 2025: millage_taxes_levied.xlsx 'Total Millage Rate' (used for the 2026 estimate)",https://floridarevenue.com/property/Documents/county_overview.xlsx | https://floridarevenue.com/property/dataportal/Documents/PTO%20Data%20Portal/Tax%20Roll%20Data%20Files/NAL/2026P/Sarasota%2068%20Preliminary%20NAL%202026.zip | https://floridarevenue.com/property/dataportal/Documents/PTO%20Data%20Portal/Databook%20Historical%20Data/2025DataBookFiles/millage_taxes_levied.xlsx,"2026 preliminary roll. Homestead parcels = NAL parcels with JV_HMSTD > 0. avg_soh_differential_per_homestead = (homestead_just_value_total minus homestead_assessed_value_total) / homestead_parcels, all from the NAL; the NAL differential (15,166,133,420) is -0.8% versus the Data Book soh_differential_total. avg_total_millage left blank: 2026 levies are not yet published by DOR. ESTIMATE: est_avg_annual_tax_saved = avg_soh_differential_per_homestead x 2025 DOR Total Millage Rate (12.7527) / 1000."
Seminole,2022,,,,11886743522,,14.8441,,"FDOR Property Tax Oversight, Data Book: county_overview.xlsx, sheet 'Save Our Homes Value History', column 2022 (latest revision, as carried in the 2026 Data Book) | FDOR Data Book 2022: millage_taxes_levied.xlsx, sheet 'Millage Rates', column 'Total Millage Rate'",https://floridarevenue.com/property/Documents/county_overview.xlsx | https://floridarevenue.com/property/dataportal/Documents/PTO%20Data%20Portal/Databook%20Historical%20Data/2022DataBookFiles/millage_taxes_levied.xlsx,"2022 final roll figures. Homestead parcel count and homestead just and assessed value totals are not published by DOR for this year at county level (the Data Book has no homestead breakout and DOR no longer hosts pre-2026 NAL roll files), so they, the per-homestead average and the tax estimate are left blank."
Seminole,2023,,,,15366616751,,14.7605,,"FDOR Property Tax Oversight, Data Book: county_overview.xlsx, sheet 'Save Our Homes Value History', column 2023 (latest revision, as carried in the 2026 Data Book) | FDOR Data Book 2023: millage_taxes_levied.xlsx, sheet 'Millage Rates', column 'Total Millage Rate'",https://floridarevenue.com/property/Documents/county_overview.xlsx | https://floridarevenue.com/property/dataportal/Documents/PTO%20Data%20Portal/Databook%20Historical%20Data/2023DataBookFiles/millage_taxes_levied.xlsx,"2023 final roll figures. Homestead parcel count and homestead just and assessed value totals are not published by DOR for this year at county level (the Data Book has no homestead breakout and DOR no longer hosts pre-2026 NAL roll files), so they, the per-homestead average and the tax estimate are left blank."
Seminole,2024,,,,16491165372,,14.8177,,"FDOR Property Tax Oversight, Data Book: county_overview.xlsx, sheet 'Save Our Homes Value History', column 2024 (latest revision, as carried in the 2026 Data Book) | FDOR Data Book 2024: millage_taxes_levied.xlsx, sheet 'Millage Rates', column 'Total Millage Rate'",https://floridarevenue.com/property/Documents/county_overview.xlsx | https://floridarevenue.com/property/dataportal/Documents/PTO%20Data%20Portal/Databook%20Historical%20Data/2024DataBookFiles/millage_taxes_levied.xlsx,"2024 final roll figures. Homestead parcel count and homestead just and assessed value totals are not published by DOR for this year at county level (the Data Book has no homestead breakout and DOR no longer hosts pre-2026 NAL roll files), so they, the per-homestead average and the tax estimate are left blank."
Seminole,2025,,,,16226183600,,15.348,,"FDOR Property Tax Oversight, Data Book: county_overview.xlsx, sheet 'Save Our Homes Value History', column 2025 (latest revision, as carried in the 2026 Data Book) | FDOR Data Book 2025: millage_taxes_levied.xlsx, sheet 'Millage Rates', column 'Total Millage Rate'",https://floridarevenue.com/property/Documents/county_overview.xlsx | https://floridarevenue.com/property/dataportal/Documents/PTO%20Data%20Portal/Databook%20Historical%20Data/2025DataBookFiles/millage_taxes_levied.xlsx,"2025 final roll figures. Homestead parcel count and homestead just and assessed value totals are not published by DOR for this year at county level (the Data Book has no homestead breakout and DOR no longer hosts pre-2026 NAL roll files), so they, the per-homestead average and the tax estimate are left blank."
Seminole,2026,106895,45382202792,30379563412,15203762517,140349,,2154,"FDOR Property Tax Oversight, Data Book: county_overview.xlsx, sheet 'Save Our Homes Value History', column 2026 (2026 preliminary roll) | FDOR NAL roll file 'Seminole 58 Preliminary NAL 2026.zip' (Preliminary 2026 roll): parcels with JV_HMSTD > 0; sums of JV_HMSTD and AV_HMSTD | FDOR Data Book 2025: millage_taxes_levied.xlsx 'Total Millage Rate' (used for the 2026 estimate)",https://floridarevenue.com/property/Documents/county_overview.xlsx | https://floridarevenue.com/property/dataportal/Documents/PTO%20Data%20Portal/Tax%20Roll%20Data%20Files/NAL/2026P/Seminole%2058%20Preliminary%20NAL%202026.zip | https://floridarevenue.com/property/dataportal/Documents/PTO%20Data%20Portal/Databook%20Historical%20Data/2025DataBookFiles/millage_taxes_levied.xlsx,"2026 preliminary roll. Homestead parcels = NAL parcels with JV_HMSTD > 0. avg_soh_differential_per_homestead = (homestead_just_value_total minus homestead_assessed_value_total) / homestead_parcels, all from the NAL; the NAL differential (15,002,639,380) is -1.3% versus the Data Book soh_differential_total. avg_total_millage left blank: 2026 levies are not yet published by DOR. ESTIMATE: est_avg_annual_tax_saved = avg_soh_differential_per_homestead x 2025 DOR Total Millage Rate (15.348) / 1000."
Sumter,2022,,,,4988767526,,11.2177,,"FDOR Property Tax Oversight, Data Book: county_overview.xlsx, sheet 'Save Our Homes Value History', column 2022 (latest revision, as carried in the 2026 Data Book) | FDOR Data Book 2022: millage_taxes_levied.xlsx, sheet 'Millage Rates', column 'Total Millage Rate'",https://floridarevenue.com/property/Documents/county_overview.xlsx | https://floridarevenue.com/property/dataportal/Documents/PTO%20Data%20Portal/Databook%20Historical%20Data/2022DataBookFiles/millage_taxes_levied.xlsx,"2022 final roll figures. Homestead parcel count and homestead just and assessed value totals are not published by DOR for this year at county level (the Data Book has no homestead breakout and DOR no longer hosts pre-2026 NAL roll files), so they, the per-homestead average and the tax estimate are left blank."
Sumter,2023,,,,5696408766,,11.2816,,"FDOR Property Tax Oversight, Data Book: county_overview.xlsx, sheet 'Save Our Homes Value History', column 2023 (latest revision, as carried in the 2026 Data Book) | FDOR Data Book 2023: millage_taxes_levied.xlsx, sheet 'Millage Rates', column 'Total Millage Rate'",https://floridarevenue.com/property/Documents/county_overview.xlsx | https://floridarevenue.com/property/dataportal/Documents/PTO%20Data%20Portal/Databook%20Historical%20Data/2023DataBookFiles/millage_taxes_levied.xlsx,"2023 final roll figures. Homestead parcel count and homestead just and assessed value totals are not published by DOR for this year at county level (the Data Book has no homestead breakout and DOR no longer hosts pre-2026 NAL roll files), so they, the per-homestead average and the tax estimate are left blank."
Sumter,2024,,,,5217551536,,11.1557,,"FDOR Property Tax Oversight, Data Book: county_overview.xlsx, sheet 'Save Our Homes Value History', column 2024 (latest revision, as carried in the 2026 Data Book) | FDOR Data Book 2024: millage_taxes_levied.xlsx, sheet 'Millage Rates', column 'Total Millage Rate'",https://floridarevenue.com/property/Documents/county_overview.xlsx | https://floridarevenue.com/property/dataportal/Documents/PTO%20Data%20Portal/Databook%20Historical%20Data/2024DataBookFiles/millage_taxes_levied.xlsx,"2024 final roll figures. Homestead parcel count and homestead just and assessed value totals are not published by DOR for this year at county level (the Data Book has no homestead breakout and DOR no longer hosts pre-2026 NAL roll files), so they, the per-homestead average and the tax estimate are left blank."
Sumter,2025,,,,5014643595,,11.2052,,"FDOR Property Tax Oversight, Data Book: county_overview.xlsx, sheet 'Save Our Homes Value History', column 2025 (latest revision, as carried in the 2026 Data Book) | FDOR Data Book 2025: millage_taxes_levied.xlsx, sheet 'Millage Rates', column 'Total Millage Rate'",https://floridarevenue.com/property/Documents/county_overview.xlsx | https://floridarevenue.com/property/dataportal/Documents/PTO%20Data%20Portal/Databook%20Historical%20Data/2025DataBookFiles/millage_taxes_levied.xlsx,"2025 final roll figures. Homestead parcel count and homestead just and assessed value totals are not published by DOR for this year at county level (the Data Book has no homestead breakout and DOR no longer hosts pre-2026 NAL roll files), so they, the per-homestead average and the tax estimate are left blank."
Sumter,2026,60115,21539708691,17245753143,4303906378,71429,,800,"FDOR Property Tax Oversight, Data Book: county_overview.xlsx, sheet 'Save Our Homes Value History', column 2026 (2026 preliminary roll) | FDOR NAL roll file 'Sumter 70 Preliminary NAL 2026.zip' (Preliminary 2026 roll): parcels with JV_HMSTD > 0; sums of JV_HMSTD and AV_HMSTD | FDOR Data Book 2025: millage_taxes_levied.xlsx 'Total Millage Rate' (used for the 2026 estimate)",https://floridarevenue.com/property/Documents/county_overview.xlsx | https://floridarevenue.com/property/dataportal/Documents/PTO%20Data%20Portal/Tax%20Roll%20Data%20Files/NAL/2026P/Sumter%2070%20Preliminary%20NAL%202026.zip | https://floridarevenue.com/property/dataportal/Documents/PTO%20Data%20Portal/Databook%20Historical%20Data/2025DataBookFiles/millage_taxes_levied.xlsx,"2026 preliminary roll. Homestead parcels = NAL parcels with JV_HMSTD > 0. avg_soh_differential_per_homestead = (homestead_just_value_total minus homestead_assessed_value_total) / homestead_parcels, all from the NAL; the NAL differential (4,293,955,548) is -0.2% versus the Data Book soh_differential_total. avg_total_millage left blank: 2026 levies are not yet published by DOR. ESTIMATE: est_avg_annual_tax_saved = avg_soh_differential_per_homestead x 2025 DOR Total Millage Rate (11.2052) / 1000."
Suwannee,2022,,,,223179146,,16.1105,,"FDOR Property Tax Oversight, Data Book: county_overview.xlsx, sheet 'Save Our Homes Value History', column 2022 (latest revision, as carried in the 2026 Data Book) | FDOR Data Book 2022: millage_taxes_levied.xlsx, sheet 'Millage Rates', column 'Total Millage Rate'",https://floridarevenue.com/property/Documents/county_overview.xlsx | https://floridarevenue.com/property/dataportal/Documents/PTO%20Data%20Portal/Databook%20Historical%20Data/2022DataBookFiles/millage_taxes_levied.xlsx,"2022 final roll figures. Homestead parcel count and homestead just and assessed value totals are not published by DOR for this year at county level (the Data Book has no homestead breakout and DOR no longer hosts pre-2026 NAL roll files), so they, the per-homestead average and the tax estimate are left blank."
Suwannee,2023,,,,501416259,,16.0824,,"FDOR Property Tax Oversight, Data Book: county_overview.xlsx, sheet 'Save Our Homes Value History', column 2023 (latest revision, as carried in the 2026 Data Book) | FDOR Data Book 2023: millage_taxes_levied.xlsx, sheet 'Millage Rates', column 'Total Millage Rate'",https://floridarevenue.com/property/Documents/county_overview.xlsx | https://floridarevenue.com/property/dataportal/Documents/PTO%20Data%20Portal/Databook%20Historical%20Data/2023DataBookFiles/millage_taxes_levied.xlsx,"2023 final roll figures. Homestead parcel count and homestead just and assessed value totals are not published by DOR for this year at county level (the Data Book has no homestead breakout and DOR no longer hosts pre-2026 NAL roll files), so they, the per-homestead average and the tax estimate are left blank."
Suwannee,2024,,,,620873846,,15.9178,,"FDOR Property Tax Oversight, Data Book: county_overview.xlsx, sheet 'Save Our Homes Value History', column 2024 (latest revision, as carried in the 2026 Data Book) | FDOR Data Book 2024: millage_taxes_levied.xlsx, sheet 'Millage Rates', column 'Total Millage Rate'",https://floridarevenue.com/property/Documents/county_overview.xlsx | https://floridarevenue.com/property/dataportal/Documents/PTO%20Data%20Portal/Databook%20Historical%20Data/2024DataBookFiles/millage_taxes_levied.xlsx,"2024 final roll figures. Homestead parcel count and homestead just and assessed value totals are not published by DOR for this year at county level (the Data Book has no homestead breakout and DOR no longer hosts pre-2026 NAL roll files), so they, the per-homestead average and the tax estimate are left blank."
Suwannee,2025,,,,713130786,,15.6611,,"FDOR Property Tax Oversight, Data Book: county_overview.xlsx, sheet 'Save Our Homes Value History', column 2025 (latest revision, as carried in the 2026 Data Book) | FDOR Data Book 2025: millage_taxes_levied.xlsx, sheet 'Millage Rates', column 'Total Millage Rate'",https://floridarevenue.com/property/Documents/county_overview.xlsx | https://floridarevenue.com/property/dataportal/Documents/PTO%20Data%20Portal/Databook%20Historical%20Data/2025DataBookFiles/millage_taxes_levied.xlsx,"2025 final roll figures. Homestead parcel count and homestead just and assessed value totals are not published by DOR for this year at county level (the Data Book has no homestead breakout and DOR no longer hosts pre-2026 NAL roll files), so they, the per-homestead average and the tax estimate are left blank."
Suwannee,2026,11313,2106064580,1353408375,756794572,66530,,1042,"FDOR Property Tax Oversight, Data Book: county_overview.xlsx, sheet 'Save Our Homes Value History', column 2026 (2026 preliminary roll) | FDOR NAL roll file 'Suwannee 71 Preliminary NAL 2026.zip' (Preliminary 2026 roll): parcels with JV_HMSTD > 0; sums of JV_HMSTD and AV_HMSTD | FDOR Data Book 2025: millage_taxes_levied.xlsx 'Total Millage Rate' (used for the 2026 estimate)",https://floridarevenue.com/property/Documents/county_overview.xlsx | https://floridarevenue.com/property/dataportal/Documents/PTO%20Data%20Portal/Tax%20Roll%20Data%20Files/NAL/2026P/Suwannee%2071%20Preliminary%20NAL%202026.zip | https://floridarevenue.com/property/dataportal/Documents/PTO%20Data%20Portal/Databook%20Historical%20Data/2025DataBookFiles/millage_taxes_levied.xlsx,"2026 preliminary roll. Homestead parcels = NAL parcels with JV_HMSTD > 0. avg_soh_differential_per_homestead = (homestead_just_value_total minus homestead_assessed_value_total) / homestead_parcels, all from the NAL; the NAL differential (752,656,205) is -0.5% versus the Data Book soh_differential_total. avg_total_millage left blank: 2026 levies are not yet published by DOR. ESTIMATE: est_avg_annual_tax_saved = avg_soh_differential_per_homestead x 2025 DOR Total Millage Rate (15.6611) / 1000."
Taylor,2022,,,,242454453,,15.405,,"FDOR Property Tax Oversight, Data Book: county_overview.xlsx, sheet 'Save Our Homes Value History', column 2022 (latest revision, as carried in the 2026 Data Book) | FDOR Data Book 2022: millage_taxes_levied.xlsx, sheet 'Millage Rates', column 'Total Millage Rate'",https://floridarevenue.com/property/Documents/county_overview.xlsx | https://floridarevenue.com/property/dataportal/Documents/PTO%20Data%20Portal/Databook%20Historical%20Data/2022DataBookFiles/millage_taxes_levied.xlsx,"2022 final roll figures. Homestead parcel count and homestead just and assessed value totals are not published by DOR for this year at county level (the Data Book has no homestead breakout and DOR no longer hosts pre-2026 NAL roll files), so they, the per-homestead average and the tax estimate are left blank."
Taylor,2023,,,,355880602,,15.34,,"FDOR Property Tax Oversight, Data Book: county_overview.xlsx, sheet 'Save Our Homes Value History', column 2023 (latest revision, as carried in the 2026 Data Book) | FDOR Data Book 2023: millage_taxes_levied.xlsx, sheet 'Millage Rates', column 'Total Millage Rate'",https://floridarevenue.com/property/Documents/county_overview.xlsx | https://floridarevenue.com/property/dataportal/Documents/PTO%20Data%20Portal/Databook%20Historical%20Data/2023DataBookFiles/millage_taxes_levied.xlsx,"2023 final roll figures. Homestead parcel count and homestead just and assessed value totals are not published by DOR for this year at county level (the Data Book has no homestead breakout and DOR no longer hosts pre-2026 NAL roll files), so they, the per-homestead average and the tax estimate are left blank."
Taylor,2024,,,,370678688,,15.2264,,"FDOR Property Tax Oversight, Data Book: county_overview.xlsx, sheet 'Save Our Homes Value History', column 2024 (latest revision, as carried in the 2026 Data Book) | FDOR Data Book 2024: millage_taxes_levied.xlsx, sheet 'Millage Rates', column 'Total Millage Rate'",https://floridarevenue.com/property/Documents/county_overview.xlsx | https://floridarevenue.com/property/dataportal/Documents/PTO%20Data%20Portal/Databook%20Historical%20Data/2024DataBookFiles/millage_taxes_levied.xlsx,"2024 final roll figures. Homestead parcel count and homestead just and assessed value totals are not published by DOR for this year at county level (the Data Book has no homestead breakout and DOR no longer hosts pre-2026 NAL roll files), so they, the per-homestead average and the tax estimate are left blank."
Taylor,2025,,,,331481071,,15.4326,,"FDOR Property Tax Oversight, Data Book: county_overview.xlsx, sheet 'Save Our Homes Value History', column 2025 (latest revision, as carried in the 2026 Data Book) | FDOR Data Book 2025: millage_taxes_levied.xlsx, sheet 'Millage Rates', column 'Total Millage Rate'",https://floridarevenue.com/property/Documents/county_overview.xlsx | https://floridarevenue.com/property/dataportal/Documents/PTO%20Data%20Portal/Databook%20Historical%20Data/2025DataBookFiles/millage_taxes_levied.xlsx,"2025 final roll figures. Homestead parcel count and homestead just and assessed value totals are not published by DOR for this year at county level (the Data Book has no homestead breakout and DOR no longer hosts pre-2026 NAL roll files), so they, the per-homestead average and the tax estimate are left blank."
Taylor,2026,5470,854604130,561737254,295243806,53541,,826,"FDOR Property Tax Oversight, Data Book: county_overview.xlsx, sheet 'Save Our Homes Value History', column 2026 (2026 preliminary roll) | FDOR NAL roll file 'Taylor 72 Preliminary NAL 2026.zip' (Preliminary 2026 roll): parcels with JV_HMSTD > 0; sums of JV_HMSTD and AV_HMSTD | FDOR Data Book 2025: millage_taxes_levied.xlsx 'Total Millage Rate' (used for the 2026 estimate)",https://floridarevenue.com/property/Documents/county_overview.xlsx | https://floridarevenue.com/property/dataportal/Documents/PTO%20Data%20Portal/Tax%20Roll%20Data%20Files/NAL/2026P/Taylor%2072%20Preliminary%20NAL%202026.zip | https://floridarevenue.com/property/dataportal/Documents/PTO%20Data%20Portal/Databook%20Historical%20Data/2025DataBookFiles/millage_taxes_levied.xlsx,"2026 preliminary roll. Homestead parcels = NAL parcels with JV_HMSTD > 0. avg_soh_differential_per_homestead = (homestead_just_value_total minus homestead_assessed_value_total) / homestead_parcels, all from the NAL; the NAL differential (292,866,876) is -0.8% versus the Data Book soh_differential_total. avg_total_millage left blank: 2026 levies are not yet published by DOR. ESTIMATE: est_avg_annual_tax_saved = avg_soh_differential_per_homestead x 2025 DOR Total Millage Rate (15.4326) / 1000."
Union,2022,,,,42253517,,16.8358,,"FDOR Property Tax Oversight, Data Book: county_overview.xlsx, sheet 'Save Our Homes Value History', column 2022 (latest revision, as carried in the 2026 Data Book) | FDOR Data Book 2022: millage_taxes_levied.xlsx, sheet 'Millage Rates', column 'Total Millage Rate'",https://floridarevenue.com/property/Documents/county_overview.xlsx | https://floridarevenue.com/property/dataportal/Documents/PTO%20Data%20Portal/Databook%20Historical%20Data/2022DataBookFiles/millage_taxes_levied.xlsx,"2022 final roll figures. Homestead parcel count and homestead just and assessed value totals are not published by DOR for this year at county level (the Data Book has no homestead breakout and DOR no longer hosts pre-2026 NAL roll files), so they, the per-homestead average and the tax estimate are left blank."
Union,2023,,,,35119116,,16.727,,"FDOR Property Tax Oversight, Data Book: county_overview.xlsx, sheet 'Save Our Homes Value History', column 2023 (latest revision, as carried in the 2026 Data Book) | FDOR Data Book 2023: millage_taxes_levied.xlsx, sheet 'Millage Rates', column 'Total Millage Rate'",https://floridarevenue.com/property/Documents/county_overview.xlsx | https://floridarevenue.com/property/dataportal/Documents/PTO%20Data%20Portal/Databook%20Historical%20Data/2023DataBookFiles/millage_taxes_levied.xlsx,"2023 final roll figures. Homestead parcel count and homestead just and assessed value totals are not published by DOR for this year at county level (the Data Book has no homestead breakout and DOR no longer hosts pre-2026 NAL roll files), so they, the per-homestead average and the tax estimate are left blank."
Union,2024,,,,35194010,,16.6983,,"FDOR Property Tax Oversight, Data Book: county_overview.xlsx, sheet 'Save Our Homes Value History', column 2024 (latest revision, as carried in the 2026 Data Book) | FDOR Data Book 2024: millage_taxes_levied.xlsx, sheet 'Millage Rates', column 'Total Millage Rate'",https://floridarevenue.com/property/Documents/county_overview.xlsx | https://floridarevenue.com/property/dataportal/Documents/PTO%20Data%20Portal/Databook%20Historical%20Data/2024DataBookFiles/millage_taxes_levied.xlsx,"2024 final roll figures. Homestead parcel count and homestead just and assessed value totals are not published by DOR for this year at county level (the Data Book has no homestead breakout and DOR no longer hosts pre-2026 NAL roll files), so they, the per-homestead average and the tax estimate are left blank."
Union,2025,,,,35274645,,16.7165,,"FDOR Property Tax Oversight, Data Book: county_overview.xlsx, sheet 'Save Our Homes Value History', column 2025 (latest revision, as carried in the 2026 Data Book) | FDOR Data Book 2025: millage_taxes_levied.xlsx, sheet 'Millage Rates', column 'Total Millage Rate'",https://floridarevenue.com/property/Documents/county_overview.xlsx | https://floridarevenue.com/property/dataportal/Documents/PTO%20Data%20Portal/Databook%20Historical%20Data/2025DataBookFiles/millage_taxes_levied.xlsx,"2025 final roll figures. Homestead parcel count and homestead just and assessed value totals are not published by DOR for this year at county level (the Data Book has no homestead breakout and DOR no longer hosts pre-2026 NAL roll files), so they, the per-homestead average and the tax estimate are left blank."
Union,2026,2993,349736688,311137004,38776843,12897,,216,"FDOR Property Tax Oversight, Data Book: county_overview.xlsx, sheet 'Save Our Homes Value History', column 2026 (2026 preliminary roll) | FDOR NAL roll file 'Union 73 Preliminary NAL 2026.zip' (Preliminary 2026 roll): parcels with JV_HMSTD > 0; sums of JV_HMSTD and AV_HMSTD | FDOR Data Book 2025: millage_taxes_levied.xlsx 'Total Millage Rate' (used for the 2026 estimate)",https://floridarevenue.com/property/Documents/county_overview.xlsx | https://floridarevenue.com/property/dataportal/Documents/PTO%20Data%20Portal/Tax%20Roll%20Data%20Files/NAL/2026P/Union%2073%20Preliminary%20NAL%202026.zip | https://floridarevenue.com/property/dataportal/Documents/PTO%20Data%20Portal/Databook%20Historical%20Data/2025DataBookFiles/millage_taxes_levied.xlsx,"2026 preliminary roll. Homestead parcels = NAL parcels with JV_HMSTD > 0. avg_soh_differential_per_homestead = (homestead_just_value_total minus homestead_assessed_value_total) / homestead_parcels, all from the NAL; the NAL differential (38,599,684) is -0.5% versus the Data Book soh_differential_total. avg_total_millage left blank: 2026 levies are not yet published by DOR. ESTIMATE: est_avg_annual_tax_saved = avg_soh_differential_per_homestead x 2025 DOR Total Millage Rate (16.7165) / 1000."
Volusia,2022,,,,16647888451,,17.9893,,"FDOR Property Tax Oversight, Data Book: county_overview.xlsx, sheet 'Save Our Homes Value History', column 2022 (latest revision, as carried in the 2026 Data Book) | FDOR Data Book 2022: millage_taxes_levied.xlsx, sheet 'Millage Rates', column 'Total Millage Rate'",https://floridarevenue.com/property/Documents/county_overview.xlsx | https://floridarevenue.com/property/dataportal/Documents/PTO%20Data%20Portal/Databook%20Historical%20Data/2022DataBookFiles/millage_taxes_levied.xlsx,"2022 final roll figures. Homestead parcel count and homestead just and assessed value totals are not published by DOR for this year at county level (the Data Book has no homestead breakout and DOR no longer hosts pre-2026 NAL roll files), so they, the per-homestead average and the tax estimate are left blank."
Volusia,2023,,,,20937776274,,17.7766,,"FDOR Property Tax Oversight, Data Book: county_overview.xlsx, sheet 'Save Our Homes Value History', column 2023 (latest revision, as carried in the 2026 Data Book) | FDOR Data Book 2023: millage_taxes_levied.xlsx, sheet 'Millage Rates', column 'Total Millage Rate'",https://floridarevenue.com/property/Documents/county_overview.xlsx | https://floridarevenue.com/property/dataportal/Documents/PTO%20Data%20Portal/Databook%20Historical%20Data/2023DataBookFiles/millage_taxes_levied.xlsx,"2023 final roll figures. Homestead parcel count and homestead just and assessed value totals are not published by DOR for this year at county level (the Data Book has no homestead breakout and DOR no longer hosts pre-2026 NAL roll files), so they, the per-homestead average and the tax estimate are left blank."
Volusia,2024,,,,21254589858,,17.6266,,"FDOR Property Tax Oversight, Data Book: county_overview.xlsx, sheet 'Save Our Homes Value History', column 2024 (latest revision, as carried in the 2026 Data Book) | FDOR Data Book 2024: millage_taxes_levied.xlsx, sheet 'Millage Rates', column 'Total Millage Rate'",https://floridarevenue.com/property/Documents/county_overview.xlsx | https://floridarevenue.com/property/dataportal/Documents/PTO%20Data%20Portal/Databook%20Historical%20Data/2024DataBookFiles/millage_taxes_levied.xlsx,"2024 final roll figures. Homestead parcel count and homestead just and assessed value totals are not published by DOR for this year at county level (the Data Book has no homestead breakout and DOR no longer hosts pre-2026 NAL roll files), so they, the per-homestead average and the tax estimate are left blank."
Volusia,2025,,,,20330062441,,17.4169,,"FDOR Property Tax Oversight, Data Book: county_overview.xlsx, sheet 'Save Our Homes Value History', column 2025 (latest revision, as carried in the 2026 Data Book) | FDOR Data Book 2025: millage_taxes_levied.xlsx, sheet 'Millage Rates', column 'Total Millage Rate'",https://floridarevenue.com/property/Documents/county_overview.xlsx | https://floridarevenue.com/property/dataportal/Documents/PTO%20Data%20Portal/Databook%20Historical%20Data/2025DataBookFiles/millage_taxes_levied.xlsx,"2025 final roll figures. Homestead parcel count and homestead just and assessed value totals are not published by DOR for this year at county level (the Data Book has no homestead breakout and DOR no longer hosts pre-2026 NAL roll files), so they, the per-homestead average and the tax estimate are left blank."
Volusia,2026,159518,53666928190,35722208866,18219866408,112493,,1959,"FDOR Property Tax Oversight, Data Book: county_overview.xlsx, sheet 'Save Our Homes Value History', column 2026 (2026 preliminary roll) | FDOR NAL roll file 'Volusia 74 Preliminary NAL 2026.zip' (Preliminary 2026 roll): parcels with JV_HMSTD > 0; sums of JV_HMSTD and AV_HMSTD | FDOR Data Book 2025: millage_taxes_levied.xlsx 'Total Millage Rate' (used for the 2026 estimate)",https://floridarevenue.com/property/Documents/county_overview.xlsx | https://floridarevenue.com/property/dataportal/Documents/PTO%20Data%20Portal/Tax%20Roll%20Data%20Files/NAL/2026P/Volusia%2074%20Preliminary%20NAL%202026.zip | https://floridarevenue.com/property/dataportal/Documents/PTO%20Data%20Portal/Databook%20Historical%20Data/2025DataBookFiles/millage_taxes_levied.xlsx,"2026 preliminary roll. Homestead parcels = NAL parcels with JV_HMSTD > 0. avg_soh_differential_per_homestead = (homestead_just_value_total minus homestead_assessed_value_total) / homestead_parcels, all from the NAL; the NAL differential (17,944,719,324) is -1.5% versus the Data Book soh_differential_total. avg_total_millage left blank: 2026 levies are not yet published by DOR. ESTIMATE: est_avg_annual_tax_saved = avg_soh_differential_per_homestead x 2025 DOR Total Millage Rate (17.4169) / 1000."
Wakulla,2022,,,,399586971,,13.8926,,"FDOR Property Tax Oversight, Data Book: county_overview.xlsx, sheet 'Save Our Homes Value History', column 2022 (latest revision, as carried in the 2026 Data Book) | FDOR Data Book 2022: millage_taxes_levied.xlsx, sheet 'Millage Rates', column 'Total Millage Rate'",https://floridarevenue.com/property/Documents/county_overview.xlsx | https://floridarevenue.com/property/dataportal/Documents/PTO%20Data%20Portal/Databook%20Historical%20Data/2022DataBookFiles/millage_taxes_levied.xlsx,"2022 final roll figures. Homestead parcel count and homestead just and assessed value totals are not published by DOR for this year at county level (the Data Book has no homestead breakout and DOR no longer hosts pre-2026 NAL roll files), so they, the per-homestead average and the tax estimate are left blank."
Wakulla,2023,,,,490075444,,13.4542,,"FDOR Property Tax Oversight, Data Book: county_overview.xlsx, sheet 'Save Our Homes Value History', column 2023 (latest revision, as carried in the 2026 Data Book) | FDOR Data Book 2023: millage_taxes_levied.xlsx, sheet 'Millage Rates', column 'Total Millage Rate'",https://floridarevenue.com/property/Documents/county_overview.xlsx | https://floridarevenue.com/property/dataportal/Documents/PTO%20Data%20Portal/Databook%20Historical%20Data/2023DataBookFiles/millage_taxes_levied.xlsx,"2023 final roll figures. Homestead parcel count and homestead just and assessed value totals are not published by DOR for this year at county level (the Data Book has no homestead breakout and DOR no longer hosts pre-2026 NAL roll files), so they, the per-homestead average and the tax estimate are left blank."
Wakulla,2024,,,,599303320,,13.3851,,"FDOR Property Tax Oversight, Data Book: county_overview.xlsx, sheet 'Save Our Homes Value History', column 2024 (latest revision, as carried in the 2026 Data Book) | FDOR Data Book 2024: millage_taxes_levied.xlsx, sheet 'Millage Rates', column 'Total Millage Rate'",https://floridarevenue.com/property/Documents/county_overview.xlsx | https://floridarevenue.com/property/dataportal/Documents/PTO%20Data%20Portal/Databook%20Historical%20Data/2024DataBookFiles/millage_taxes_levied.xlsx,"2024 final roll figures. Homestead parcel count and homestead just and assessed value totals are not published by DOR for this year at county level (the Data Book has no homestead breakout and DOR no longer hosts pre-2026 NAL roll files), so they, the per-homestead average and the tax estimate are left blank."
Wakulla,2025,,,,681412149,,13.4421,,"FDOR Property Tax Oversight, Data Book: county_overview.xlsx, sheet 'Save Our Homes Value History', column 2025 (latest revision, as carried in the 2026 Data Book) | FDOR Data Book 2025: millage_taxes_levied.xlsx, sheet 'Millage Rates', column 'Total Millage Rate'",https://floridarevenue.com/property/Documents/county_overview.xlsx | https://floridarevenue.com/property/dataportal/Documents/PTO%20Data%20Portal/Databook%20Historical%20Data/2025DataBookFiles/millage_taxes_levied.xlsx,"2025 final roll figures. Homestead parcel count and homestead just and assessed value totals are not published by DOR for this year at county level (the Data Book has no homestead breakout and DOR no longer hosts pre-2026 NAL roll files), so they, the per-homestead average and the tax estimate are left blank."
Wakulla,2026,10536,2350422876,1780490931,586286812,54094,,727,"FDOR Property Tax Oversight, Data Book: county_overview.xlsx, sheet 'Save Our Homes Value History', column 2026 (2026 preliminary roll) | FDOR NAL roll file 'Wakulla 75 Preliminary NAL 2026.zip' (Preliminary 2026 roll): parcels with JV_HMSTD > 0; sums of JV_HMSTD and AV_HMSTD | FDOR Data Book 2025: millage_taxes_levied.xlsx 'Total Millage Rate' (used for the 2026 estimate)",https://floridarevenue.com/property/Documents/county_overview.xlsx | https://floridarevenue.com/property/dataportal/Documents/PTO%20Data%20Portal/Tax%20Roll%20Data%20Files/NAL/2026P/Wakulla%2075%20Preliminary%20NAL%202026.zip | https://floridarevenue.com/property/dataportal/Documents/PTO%20Data%20Portal/Databook%20Historical%20Data/2025DataBookFiles/millage_taxes_levied.xlsx,"2026 preliminary roll. Homestead parcels = NAL parcels with JV_HMSTD > 0. avg_soh_differential_per_homestead = (homestead_just_value_total minus homestead_assessed_value_total) / homestead_parcels, all from the NAL; the NAL differential (569,931,945) is -2.8% versus the Data Book soh_differential_total. avg_total_millage left blank: 2026 levies are not yet published by DOR. ESTIMATE: est_avg_annual_tax_saved = avg_soh_differential_per_homestead x 2025 DOR Total Millage Rate (13.4421) / 1000."
Walton,2022,,,,3445151216,,9.3517,,"FDOR Property Tax Oversight, Data Book: county_overview.xlsx, sheet 'Save Our Homes Value History', column 2022 (latest revision, as carried in the 2026 Data Book) | FDOR Data Book 2022: millage_taxes_levied.xlsx, sheet 'Millage Rates', column 'Total Millage Rate'",https://floridarevenue.com/property/Documents/county_overview.xlsx | https://floridarevenue.com/property/dataportal/Documents/PTO%20Data%20Portal/Databook%20Historical%20Data/2022DataBookFiles/millage_taxes_levied.xlsx,"2022 final roll figures. Homestead parcel count and homestead just and assessed value totals are not published by DOR for this year at county level (the Data Book has no homestead breakout and DOR no longer hosts pre-2026 NAL roll files), so they, the per-homestead average and the tax estimate are left blank."
Walton,2023,,,,4247209130,,9.1993,,"FDOR Property Tax Oversight, Data Book: county_overview.xlsx, sheet 'Save Our Homes Value History', column 2023 (latest revision, as carried in the 2026 Data Book) | FDOR Data Book 2023: millage_taxes_levied.xlsx, sheet 'Millage Rates', column 'Total Millage Rate'",https://floridarevenue.com/property/Documents/county_overview.xlsx | https://floridarevenue.com/property/dataportal/Documents/PTO%20Data%20Portal/Databook%20Historical%20Data/2023DataBookFiles/millage_taxes_levied.xlsx,"2023 final roll figures. Homestead parcel count and homestead just and assessed value totals are not published by DOR for this year at county level (the Data Book has no homestead breakout and DOR no longer hosts pre-2026 NAL roll files), so they, the per-homestead average and the tax estimate are left blank."
Walton,2024,,,,4120632446,,9.2545,,"FDOR Property Tax Oversight, Data Book: county_overview.xlsx, sheet 'Save Our Homes Value History', column 2024 (latest revision, as carried in the 2026 Data Book) | FDOR Data Book 2024: millage_taxes_levied.xlsx, sheet 'Millage Rates', column 'Total Millage Rate'",https://floridarevenue.com/property/Documents/county_overview.xlsx | https://floridarevenue.com/property/dataportal/Documents/PTO%20Data%20Portal/Databook%20Historical%20Data/2024DataBookFiles/millage_taxes_levied.xlsx,"2024 final roll figures. Homestead parcel count and homestead just and assessed value totals are not published by DOR for this year at county level (the Data Book has no homestead breakout and DOR no longer hosts pre-2026 NAL roll files), so they, the per-homestead average and the tax estimate are left blank."
Walton,2025,,,,4009219106,,9.1512,,"FDOR Property Tax Oversight, Data Book: county_overview.xlsx, sheet 'Save Our Homes Value History', column 2025 (latest revision, as carried in the 2026 Data Book) | FDOR Data Book 2025: millage_taxes_levied.xlsx, sheet 'Millage Rates', column 'Total Millage Rate'",https://floridarevenue.com/property/Documents/county_overview.xlsx | https://floridarevenue.com/property/dataportal/Documents/PTO%20Data%20Portal/Databook%20Historical%20Data/2025DataBookFiles/millage_taxes_levied.xlsx,"2025 final roll figures. Homestead parcel count and homestead just and assessed value totals are not published by DOR for this year at county level (the Data Book has no homestead breakout and DOR no longer hosts pre-2026 NAL roll files), so they, the per-homestead average and the tax estimate are left blank."
Walton,2026,22789,13487374805,10085449309,3431421424,149279,,1366,"FDOR Property Tax Oversight, Data Book: county_overview.xlsx, sheet 'Save Our Homes Value History', column 2026 (2026 preliminary roll) | FDOR NAL roll file 'Walton 76 Preliminary NAL 2026.zip' (Preliminary 2026 roll): parcels with JV_HMSTD > 0; sums of JV_HMSTD and AV_HMSTD | FDOR Data Book 2025: millage_taxes_levied.xlsx 'Total Millage Rate' (used for the 2026 estimate)",https://floridarevenue.com/property/Documents/county_overview.xlsx | https://floridarevenue.com/property/dataportal/Documents/PTO%20Data%20Portal/Tax%20Roll%20Data%20Files/NAL/2026P/Walton%2076%20Preliminary%20NAL%202026.zip | https://floridarevenue.com/property/dataportal/Documents/PTO%20Data%20Portal/Databook%20Historical%20Data/2025DataBookFiles/millage_taxes_levied.xlsx,"2026 preliminary roll. Homestead parcels = NAL parcels with JV_HMSTD > 0. avg_soh_differential_per_homestead = (homestead_just_value_total minus homestead_assessed_value_total) / homestead_parcels, all from the NAL; the NAL differential (3,401,925,496) is -0.9% versus the Data Book soh_differential_total. avg_total_millage left blank: 2026 levies are not yet published by DOR. ESTIMATE: est_avg_annual_tax_saved = avg_soh_differential_per_homestead x 2025 DOR Total Millage Rate (9.1512) / 1000."
Washington,2022,,,,204388649,,14.9464,,"FDOR Property Tax Oversight, Data Book: county_overview.xlsx, sheet 'Save Our Homes Value History', column 2022 (latest revision, as carried in the 2026 Data Book) | FDOR Data Book 2022: millage_taxes_levied.xlsx, sheet 'Millage Rates', column 'Total Millage Rate'",https://floridarevenue.com/property/Documents/county_overview.xlsx | https://floridarevenue.com/property/dataportal/Documents/PTO%20Data%20Portal/Databook%20Historical%20Data/2022DataBookFiles/millage_taxes_levied.xlsx,"2022 final roll figures. Homestead parcel count and homestead just and assessed value totals are not published by DOR for this year at county level (the Data Book has no homestead breakout and DOR no longer hosts pre-2026 NAL roll files), so they, the per-homestead average and the tax estimate are left blank."
Washington,2023,,,,271865983,,14.8142,,"FDOR Property Tax Oversight, Data Book: county_overview.xlsx, sheet 'Save Our Homes Value History', column 2023 (latest revision, as carried in the 2026 Data Book) | FDOR Data Book 2023: millage_taxes_levied.xlsx, sheet 'Millage Rates', column 'Total Millage Rate'",https://floridarevenue.com/property/Documents/county_overview.xlsx | https://floridarevenue.com/property/dataportal/Documents/PTO%20Data%20Portal/Databook%20Historical%20Data/2023DataBookFiles/millage_taxes_levied.xlsx,"2023 final roll figures. Homestead parcel count and homestead just and assessed value totals are not published by DOR for this year at county level (the Data Book has no homestead breakout and DOR no longer hosts pre-2026 NAL roll files), so they, the per-homestead average and the tax estimate are left blank."
Washington,2024,,,,348849387,,14.5767,,"FDOR Property Tax Oversight, Data Book: county_overview.xlsx, sheet 'Save Our Homes Value History', column 2024 (latest revision, as carried in the 2026 Data Book) | FDOR Data Book 2024: millage_taxes_levied.xlsx, sheet 'Millage Rates', column 'Total Millage Rate'",https://floridarevenue.com/property/Documents/county_overview.xlsx | https://floridarevenue.com/property/dataportal/Documents/PTO%20Data%20Portal/Databook%20Historical%20Data/2024DataBookFiles/millage_taxes_levied.xlsx,"2024 final roll figures. Homestead parcel count and homestead just and assessed value totals are not published by DOR for this year at county level (the Data Book has no homestead breakout and DOR no longer hosts pre-2026 NAL roll files), so they, the per-homestead average and the tax estimate are left blank."
Washington,2025,,,,383701109,,14.964,,"FDOR Property Tax Oversight, Data Book: county_overview.xlsx, sheet 'Save Our Homes Value History', column 2025 (latest revision, as carried in the 2026 Data Book) | FDOR Data Book 2025: millage_taxes_levied.xlsx, sheet 'Millage Rates', column 'Total Millage Rate'",https://floridarevenue.com/property/Documents/county_overview.xlsx | https://floridarevenue.com/property/dataportal/Documents/PTO%20Data%20Portal/Databook%20Historical%20Data/2025DataBookFiles/millage_taxes_levied.xlsx,"2025 final roll figures. Homestead parcel count and homestead just and assessed value totals are not published by DOR for this year at county level (the Data Book has no homestead breakout and DOR no longer hosts pre-2026 NAL roll files), so they, the per-homestead average and the tax estimate are left blank."
Washington,2026,6409,1132814926,772568508,363492024,56209,,841,"FDOR Property Tax Oversight, Data Book: county_overview.xlsx, sheet 'Save Our Homes Value History', column 2026 (2026 preliminary roll) | FDOR NAL roll file 'Washington 77 Preliminary NAL 2026.zip' (Preliminary 2026 roll): parcels with JV_HMSTD > 0; sums of JV_HMSTD and AV_HMSTD | FDOR Data Book 2025: millage_taxes_levied.xlsx 'Total Millage Rate' (used for the 2026 estimate)",https://floridarevenue.com/property/Documents/county_overview.xlsx | https://floridarevenue.com/property/dataportal/Documents/PTO%20Data%20Portal/Tax%20Roll%20Data%20Files/NAL/2026P/Washington%2077%20Preliminary%20NAL%202026.zip | https://floridarevenue.com/property/dataportal/Documents/PTO%20Data%20Portal/Databook%20Historical%20Data/2025DataBookFiles/millage_taxes_levied.xlsx,"2026 preliminary roll. Homestead parcels = NAL parcels with JV_HMSTD > 0. avg_soh_differential_per_homestead = (homestead_just_value_total minus homestead_assessed_value_total) / homestead_parcels, all from the NAL; the NAL differential (360,246,418) is -0.9% versus the Data Book soh_differential_total. avg_total_millage left blank: 2026 levies are not yet published by DOR. ESTIMATE: est_avg_annual_tax_saved = avg_soh_differential_per_homestead x 2025 DOR Total Millage Rate (14.964) / 1000."
