county,year,portability_transfers,portability_value_total,avg_value_ported_per_transfer,source,source_url,note
Alachua,2022,954,49505341,51892,"FDOR Data Book 2026: amendment_1_impact.xlsx, sheets 'Portability Impact' and 'Portablity Counts'",https://floridarevenue.com/property/Documents/amendment_1_impact.xlsx,avg_value_ported_per_transfer = portability_value_total / portability_transfers (computed).
Alachua,2023,978,72695582,74331,"FDOR Data Book 2026: amendment_1_impact.xlsx, sheets 'Portability Impact' and 'Portablity Counts'",https://floridarevenue.com/property/Documents/amendment_1_impact.xlsx,avg_value_ported_per_transfer = portability_value_total / portability_transfers (computed).
Alachua,2024,881,87067339,98828,"FDOR Data Book 2026: amendment_1_impact.xlsx, sheets 'Portability Impact' and 'Portablity Counts'",https://floridarevenue.com/property/Documents/amendment_1_impact.xlsx,avg_value_ported_per_transfer = portability_value_total / portability_transfers (computed).
Alachua,2025,918,99138526,107994,"FDOR Data Book 2026: amendment_1_impact.xlsx, sheets 'Portability Impact' and 'Portablity Counts'",https://floridarevenue.com/property/Documents/amendment_1_impact.xlsx,avg_value_ported_per_transfer = portability_value_total / portability_transfers (computed).
Alachua,2026,797,84412329,105913,"FDOR Data Book 2026: amendment_1_impact.xlsx, sheets 'Portability Impact' and 'Portablity Counts'",https://floridarevenue.com/property/Documents/amendment_1_impact.xlsx,2026 preliminary roll. avg_value_ported_per_transfer = portability_value_total / portability_transfers (computed).
Baker,2022,188,8027438,42699,"FDOR Data Book 2026: amendment_1_impact.xlsx, sheets 'Portability Impact' and 'Portablity Counts'",https://floridarevenue.com/property/Documents/amendment_1_impact.xlsx,avg_value_ported_per_transfer = portability_value_total / portability_transfers (computed).
Baker,2023,153,10059689,65750,"FDOR Data Book 2026: amendment_1_impact.xlsx, sheets 'Portability Impact' and 'Portablity Counts'",https://floridarevenue.com/property/Documents/amendment_1_impact.xlsx,avg_value_ported_per_transfer = portability_value_total / portability_transfers (computed).
Baker,2024,152,10305776,67801,"FDOR Data Book 2026: amendment_1_impact.xlsx, sheets 'Portability Impact' and 'Portablity Counts'",https://floridarevenue.com/property/Documents/amendment_1_impact.xlsx,avg_value_ported_per_transfer = portability_value_total / portability_transfers (computed).
Baker,2025,90,7834273,87047,"FDOR Data Book 2026: amendment_1_impact.xlsx, sheets 'Portability Impact' and 'Portablity Counts'",https://floridarevenue.com/property/Documents/amendment_1_impact.xlsx,avg_value_ported_per_transfer = portability_value_total / portability_transfers (computed).
Baker,2026,87,7195576,82708,"FDOR Data Book 2026: amendment_1_impact.xlsx, sheets 'Portability Impact' and 'Portablity Counts'",https://floridarevenue.com/property/Documents/amendment_1_impact.xlsx,2026 preliminary roll. avg_value_ported_per_transfer = portability_value_total / portability_transfers (computed).
Bay,2022,723,25763863,35635,"FDOR Data Book 2026: amendment_1_impact.xlsx, sheets 'Portability Impact' and 'Portablity Counts'",https://floridarevenue.com/property/Documents/amendment_1_impact.xlsx,avg_value_ported_per_transfer = portability_value_total / portability_transfers (computed).
Bay,2023,783,45186182,57709,"FDOR Data Book 2026: amendment_1_impact.xlsx, sheets 'Portability Impact' and 'Portablity Counts'",https://floridarevenue.com/property/Documents/amendment_1_impact.xlsx,avg_value_ported_per_transfer = portability_value_total / portability_transfers (computed).
Bay,2024,865,68978068,79743,"FDOR Data Book 2026: amendment_1_impact.xlsx, sheets 'Portability Impact' and 'Portablity Counts'",https://floridarevenue.com/property/Documents/amendment_1_impact.xlsx,avg_value_ported_per_transfer = portability_value_total / portability_transfers (computed).
Bay,2025,672,57211711,85136,"FDOR Data Book 2026: amendment_1_impact.xlsx, sheets 'Portability Impact' and 'Portablity Counts'",https://floridarevenue.com/property/Documents/amendment_1_impact.xlsx,avg_value_ported_per_transfer = portability_value_total / portability_transfers (computed).
Bay,2026,656,53020449,80824,"FDOR Data Book 2026: amendment_1_impact.xlsx, sheets 'Portability Impact' and 'Portablity Counts'",https://floridarevenue.com/property/Documents/amendment_1_impact.xlsx,2026 preliminary roll. avg_value_ported_per_transfer = portability_value_total / portability_transfers (computed).
Bradford,2022,125,3807960,30464,"FDOR Data Book 2026: amendment_1_impact.xlsx, sheets 'Portability Impact' and 'Portablity Counts'",https://floridarevenue.com/property/Documents/amendment_1_impact.xlsx,avg_value_ported_per_transfer = portability_value_total / portability_transfers (computed).
Bradford,2023,119,6073593,51039,"FDOR Data Book 2026: amendment_1_impact.xlsx, sheets 'Portability Impact' and 'Portablity Counts'",https://floridarevenue.com/property/Documents/amendment_1_impact.xlsx,avg_value_ported_per_transfer = portability_value_total / portability_transfers (computed).
Bradford,2024,102,6591288,64620,"FDOR Data Book 2026: amendment_1_impact.xlsx, sheets 'Portability Impact' and 'Portablity Counts'",https://floridarevenue.com/property/Documents/amendment_1_impact.xlsx,avg_value_ported_per_transfer = portability_value_total / portability_transfers (computed).
Bradford,2025,93,6147785,66105,"FDOR Data Book 2026: amendment_1_impact.xlsx, sheets 'Portability Impact' and 'Portablity Counts'",https://floridarevenue.com/property/Documents/amendment_1_impact.xlsx,avg_value_ported_per_transfer = portability_value_total / portability_transfers (computed).
Bradford,2026,119,8274642,69535,"FDOR Data Book 2026: amendment_1_impact.xlsx, sheets 'Portability Impact' and 'Portablity Counts'",https://floridarevenue.com/property/Documents/amendment_1_impact.xlsx,2026 preliminary roll. avg_value_ported_per_transfer = portability_value_total / portability_transfers (computed).
Brevard,2022,4229,254437570,60165,"FDOR Data Book 2026: amendment_1_impact.xlsx, sheets 'Portability Impact' and 'Portablity Counts'",https://floridarevenue.com/property/Documents/amendment_1_impact.xlsx,avg_value_ported_per_transfer = portability_value_total / portability_transfers (computed).
Brevard,2023,3924,368695170,93959,"FDOR Data Book 2026: amendment_1_impact.xlsx, sheets 'Portability Impact' and 'Portablity Counts'",https://floridarevenue.com/property/Documents/amendment_1_impact.xlsx,avg_value_ported_per_transfer = portability_value_total / portability_transfers (computed).
Brevard,2024,3719,418100410,112423,"FDOR Data Book 2026: amendment_1_impact.xlsx, sheets 'Portability Impact' and 'Portablity Counts'",https://floridarevenue.com/property/Documents/amendment_1_impact.xlsx,avg_value_ported_per_transfer = portability_value_total / portability_transfers (computed).
Brevard,2025,3529,415220710,117660,"FDOR Data Book 2026: amendment_1_impact.xlsx, sheets 'Portability Impact' and 'Portablity Counts'",https://floridarevenue.com/property/Documents/amendment_1_impact.xlsx,avg_value_ported_per_transfer = portability_value_total / portability_transfers (computed).
Brevard,2026,3395,350834550,103339,"FDOR Data Book 2026: amendment_1_impact.xlsx, sheets 'Portability Impact' and 'Portablity Counts'",https://floridarevenue.com/property/Documents/amendment_1_impact.xlsx,2026 preliminary roll. avg_value_ported_per_transfer = portability_value_total / portability_transfers (computed).
Broward,2022,7513,622332530,82834,"FDOR Data Book 2026: amendment_1_impact.xlsx, sheets 'Portability Impact' and 'Portablity Counts'",https://floridarevenue.com/property/Documents/amendment_1_impact.xlsx,avg_value_ported_per_transfer = portability_value_total / portability_transfers (computed).
Broward,2023,6194,677246130,109339,"FDOR Data Book 2026: amendment_1_impact.xlsx, sheets 'Portability Impact' and 'Portablity Counts'",https://floridarevenue.com/property/Documents/amendment_1_impact.xlsx,avg_value_ported_per_transfer = portability_value_total / portability_transfers (computed).
Broward,2024,5609,786298300,140185,"FDOR Data Book 2026: amendment_1_impact.xlsx, sheets 'Portability Impact' and 'Portablity Counts'",https://floridarevenue.com/property/Documents/amendment_1_impact.xlsx,avg_value_ported_per_transfer = portability_value_total / portability_transfers (computed).
Broward,2025,5206,841557400,161651,"FDOR Data Book 2026: amendment_1_impact.xlsx, sheets 'Portability Impact' and 'Portablity Counts'",https://floridarevenue.com/property/Documents/amendment_1_impact.xlsx,avg_value_ported_per_transfer = portability_value_total / portability_transfers (computed).
Broward,2026,4226,688755200,162980,"FDOR Data Book 2026: amendment_1_impact.xlsx, sheets 'Portability Impact' and 'Portablity Counts'",https://floridarevenue.com/property/Documents/amendment_1_impact.xlsx,2026 preliminary roll. avg_value_ported_per_transfer = portability_value_total / portability_transfers (computed).
Calhoun,2022,20,597305,29865,"FDOR Data Book 2026: amendment_1_impact.xlsx, sheets 'Portability Impact' and 'Portablity Counts'",https://floridarevenue.com/property/Documents/amendment_1_impact.xlsx,avg_value_ported_per_transfer = portability_value_total / portability_transfers (computed).
Calhoun,2023,43,1676352,38985,"FDOR Data Book 2026: amendment_1_impact.xlsx, sheets 'Portability Impact' and 'Portablity Counts'",https://floridarevenue.com/property/Documents/amendment_1_impact.xlsx,avg_value_ported_per_transfer = portability_value_total / portability_transfers (computed).
Calhoun,2024,31,1329975,42902,"FDOR Data Book 2026: amendment_1_impact.xlsx, sheets 'Portability Impact' and 'Portablity Counts'",https://floridarevenue.com/property/Documents/amendment_1_impact.xlsx,avg_value_ported_per_transfer = portability_value_total / portability_transfers (computed).
Calhoun,2025,33,1344068,40729,"FDOR Data Book 2026: amendment_1_impact.xlsx, sheets 'Portability Impact' and 'Portablity Counts'",https://floridarevenue.com/property/Documents/amendment_1_impact.xlsx,avg_value_ported_per_transfer = portability_value_total / portability_transfers (computed).
Calhoun,2026,18,1277977,70999,"FDOR Data Book 2026: amendment_1_impact.xlsx, sheets 'Portability Impact' and 'Portablity Counts'",https://floridarevenue.com/property/Documents/amendment_1_impact.xlsx,2026 preliminary roll. avg_value_ported_per_transfer = portability_value_total / portability_transfers (computed).
Charlotte,2022,1784,90648306,50812,"FDOR Data Book 2026: amendment_1_impact.xlsx, sheets 'Portability Impact' and 'Portablity Counts'",https://floridarevenue.com/property/Documents/amendment_1_impact.xlsx,avg_value_ported_per_transfer = portability_value_total / portability_transfers (computed).
Charlotte,2023,1449,128046645,88369,"FDOR Data Book 2026: amendment_1_impact.xlsx, sheets 'Portability Impact' and 'Portablity Counts'",https://floridarevenue.com/property/Documents/amendment_1_impact.xlsx,avg_value_ported_per_transfer = portability_value_total / portability_transfers (computed).
Charlotte,2024,1557,167655753,107679,"FDOR Data Book 2026: amendment_1_impact.xlsx, sheets 'Portability Impact' and 'Portablity Counts'",https://floridarevenue.com/property/Documents/amendment_1_impact.xlsx,avg_value_ported_per_transfer = portability_value_total / portability_transfers (computed).
Charlotte,2025,1665,172475702,103589,"FDOR Data Book 2026: amendment_1_impact.xlsx, sheets 'Portability Impact' and 'Portablity Counts'",https://floridarevenue.com/property/Documents/amendment_1_impact.xlsx,avg_value_ported_per_transfer = portability_value_total / portability_transfers (computed).
Charlotte,2026,1591,123576102,77672,"FDOR Data Book 2026: amendment_1_impact.xlsx, sheets 'Portability Impact' and 'Portablity Counts'",https://floridarevenue.com/property/Documents/amendment_1_impact.xlsx,2026 preliminary roll. avg_value_ported_per_transfer = portability_value_total / portability_transfers (computed).
Citrus,2022,1551,82636051,53279,"FDOR Data Book 2026: amendment_1_impact.xlsx, sheets 'Portability Impact' and 'Portablity Counts'",https://floridarevenue.com/property/Documents/amendment_1_impact.xlsx,avg_value_ported_per_transfer = portability_value_total / portability_transfers (computed).
Citrus,2023,1503,116869559,77758,"FDOR Data Book 2026: amendment_1_impact.xlsx, sheets 'Portability Impact' and 'Portablity Counts'",https://floridarevenue.com/property/Documents/amendment_1_impact.xlsx,avg_value_ported_per_transfer = portability_value_total / portability_transfers (computed).
Citrus,2024,1510,140284852,92904,"FDOR Data Book 2026: amendment_1_impact.xlsx, sheets 'Portability Impact' and 'Portablity Counts'",https://floridarevenue.com/property/Documents/amendment_1_impact.xlsx,avg_value_ported_per_transfer = portability_value_total / portability_transfers (computed).
Citrus,2025,1393,141770436,101773,"FDOR Data Book 2026: amendment_1_impact.xlsx, sheets 'Portability Impact' and 'Portablity Counts'",https://floridarevenue.com/property/Documents/amendment_1_impact.xlsx,avg_value_ported_per_transfer = portability_value_total / portability_transfers (computed).
Citrus,2026,1272,125255655,98471,"FDOR Data Book 2026: amendment_1_impact.xlsx, sheets 'Portability Impact' and 'Portablity Counts'",https://floridarevenue.com/property/Documents/amendment_1_impact.xlsx,2026 preliminary roll. avg_value_ported_per_transfer = portability_value_total / portability_transfers (computed).
Clay,2022,1374,60423863,43977,"FDOR Data Book 2026: amendment_1_impact.xlsx, sheets 'Portability Impact' and 'Portablity Counts'",https://floridarevenue.com/property/Documents/amendment_1_impact.xlsx,avg_value_ported_per_transfer = portability_value_total / portability_transfers (computed).
Clay,2023,1231,92153592,74861,"FDOR Data Book 2026: amendment_1_impact.xlsx, sheets 'Portability Impact' and 'Portablity Counts'",https://floridarevenue.com/property/Documents/amendment_1_impact.xlsx,avg_value_ported_per_transfer = portability_value_total / portability_transfers (computed).
Clay,2024,1223,113361260,92691,"FDOR Data Book 2026: amendment_1_impact.xlsx, sheets 'Portability Impact' and 'Portablity Counts'",https://floridarevenue.com/property/Documents/amendment_1_impact.xlsx,avg_value_ported_per_transfer = portability_value_total / portability_transfers (computed).
Clay,2025,1059,99394483,93857,"FDOR Data Book 2026: amendment_1_impact.xlsx, sheets 'Portability Impact' and 'Portablity Counts'",https://floridarevenue.com/property/Documents/amendment_1_impact.xlsx,avg_value_ported_per_transfer = portability_value_total / portability_transfers (computed).
Clay,2026,1023,93422303,91322,"FDOR Data Book 2026: amendment_1_impact.xlsx, sheets 'Portability Impact' and 'Portablity Counts'",https://floridarevenue.com/property/Documents/amendment_1_impact.xlsx,2026 preliminary roll. avg_value_ported_per_transfer = portability_value_total / portability_transfers (computed).
Collier,2022,3053,235723341,77210,"FDOR Data Book 2026: amendment_1_impact.xlsx, sheets 'Portability Impact' and 'Portablity Counts'",https://floridarevenue.com/property/Documents/amendment_1_impact.xlsx,avg_value_ported_per_transfer = portability_value_total / portability_transfers (computed).
Collier,2023,2223,321601403,144670,"FDOR Data Book 2026: amendment_1_impact.xlsx, sheets 'Portability Impact' and 'Portablity Counts'",https://floridarevenue.com/property/Documents/amendment_1_impact.xlsx,avg_value_ported_per_transfer = portability_value_total / portability_transfers (computed).
Collier,2024,2234,417929032,187077,"FDOR Data Book 2026: amendment_1_impact.xlsx, sheets 'Portability Impact' and 'Portablity Counts'",https://floridarevenue.com/property/Documents/amendment_1_impact.xlsx,avg_value_ported_per_transfer = portability_value_total / portability_transfers (computed).
Collier,2025,2168,389398736,179612,"FDOR Data Book 2026: amendment_1_impact.xlsx, sheets 'Portability Impact' and 'Portablity Counts'",https://floridarevenue.com/property/Documents/amendment_1_impact.xlsx,avg_value_ported_per_transfer = portability_value_total / portability_transfers (computed).
Collier,2026,2076,336584517,162131,"FDOR Data Book 2026: amendment_1_impact.xlsx, sheets 'Portability Impact' and 'Portablity Counts'",https://floridarevenue.com/property/Documents/amendment_1_impact.xlsx,2026 preliminary roll. avg_value_ported_per_transfer = portability_value_total / portability_transfers (computed).
Columbia,2022,378,15769015,41717,"FDOR Data Book 2026: amendment_1_impact.xlsx, sheets 'Portability Impact' and 'Portablity Counts'",https://floridarevenue.com/property/Documents/amendment_1_impact.xlsx,avg_value_ported_per_transfer = portability_value_total / portability_transfers (computed).
Columbia,2023,340,21759804,63999,"FDOR Data Book 2026: amendment_1_impact.xlsx, sheets 'Portability Impact' and 'Portablity Counts'",https://floridarevenue.com/property/Documents/amendment_1_impact.xlsx,avg_value_ported_per_transfer = portability_value_total / portability_transfers (computed).
Columbia,2024,355,27390705,77157,"FDOR Data Book 2026: amendment_1_impact.xlsx, sheets 'Portability Impact' and 'Portablity Counts'",https://floridarevenue.com/property/Documents/amendment_1_impact.xlsx,avg_value_ported_per_transfer = portability_value_total / portability_transfers (computed).
Columbia,2025,262,25483575,97266,"FDOR Data Book 2026: amendment_1_impact.xlsx, sheets 'Portability Impact' and 'Portablity Counts'",https://floridarevenue.com/property/Documents/amendment_1_impact.xlsx,avg_value_ported_per_transfer = portability_value_total / portability_transfers (computed).
Columbia,2026,259,21378724,82543,"FDOR Data Book 2026: amendment_1_impact.xlsx, sheets 'Portability Impact' and 'Portablity Counts'",https://floridarevenue.com/property/Documents/amendment_1_impact.xlsx,2026 preliminary roll. avg_value_ported_per_transfer = portability_value_total / portability_transfers (computed).
DeSoto,2022,109,5150769,47255,"FDOR Data Book 2026: amendment_1_impact.xlsx, sheets 'Portability Impact' and 'Portablity Counts'",https://floridarevenue.com/property/Documents/amendment_1_impact.xlsx,avg_value_ported_per_transfer = portability_value_total / portability_transfers (computed).
DeSoto,2023,106,7705727,72696,"FDOR Data Book 2026: amendment_1_impact.xlsx, sheets 'Portability Impact' and 'Portablity Counts'",https://floridarevenue.com/property/Documents/amendment_1_impact.xlsx,avg_value_ported_per_transfer = portability_value_total / portability_transfers (computed).
DeSoto,2024,85,8871726,104373,"FDOR Data Book 2026: amendment_1_impact.xlsx, sheets 'Portability Impact' and 'Portablity Counts'",https://floridarevenue.com/property/Documents/amendment_1_impact.xlsx,avg_value_ported_per_transfer = portability_value_total / portability_transfers (computed).
DeSoto,2025,68,6921449,101786,"FDOR Data Book 2026: amendment_1_impact.xlsx, sheets 'Portability Impact' and 'Portablity Counts'",https://floridarevenue.com/property/Documents/amendment_1_impact.xlsx,avg_value_ported_per_transfer = portability_value_total / portability_transfers (computed).
DeSoto,2026,49,5864750,119689,"FDOR Data Book 2026: amendment_1_impact.xlsx, sheets 'Portability Impact' and 'Portablity Counts'",https://floridarevenue.com/property/Documents/amendment_1_impact.xlsx,2026 preliminary roll. avg_value_ported_per_transfer = portability_value_total / portability_transfers (computed).
Dixie,2022,62,2322006,37452,"FDOR Data Book 2026: amendment_1_impact.xlsx, sheets 'Portability Impact' and 'Portablity Counts'",https://floridarevenue.com/property/Documents/amendment_1_impact.xlsx,avg_value_ported_per_transfer = portability_value_total / portability_transfers (computed).
Dixie,2023,130,5776156,44432,"FDOR Data Book 2026: amendment_1_impact.xlsx, sheets 'Portability Impact' and 'Portablity Counts'",https://floridarevenue.com/property/Documents/amendment_1_impact.xlsx,avg_value_ported_per_transfer = portability_value_total / portability_transfers (computed).
Dixie,2024,70,3493393,49906,"FDOR Data Book 2026: amendment_1_impact.xlsx, sheets 'Portability Impact' and 'Portablity Counts'",https://floridarevenue.com/property/Documents/amendment_1_impact.xlsx,avg_value_ported_per_transfer = portability_value_total / portability_transfers (computed).
Dixie,2025,64,3754244,58660,"FDOR Data Book 2026: amendment_1_impact.xlsx, sheets 'Portability Impact' and 'Portablity Counts'",https://floridarevenue.com/property/Documents/amendment_1_impact.xlsx,avg_value_ported_per_transfer = portability_value_total / portability_transfers (computed).
Dixie,2026,73,4483625,61420,"FDOR Data Book 2026: amendment_1_impact.xlsx, sheets 'Portability Impact' and 'Portablity Counts'",https://floridarevenue.com/property/Documents/amendment_1_impact.xlsx,2026 preliminary roll. avg_value_ported_per_transfer = portability_value_total / portability_transfers (computed).
Duval,2022,3213,179082698,55737,"FDOR Data Book 2026: amendment_1_impact.xlsx, sheets 'Portability Impact' and 'Portablity Counts'",https://floridarevenue.com/property/Documents/amendment_1_impact.xlsx,avg_value_ported_per_transfer = portability_value_total / portability_transfers (computed).
Duval,2023,2743,239561634,87336,"FDOR Data Book 2026: amendment_1_impact.xlsx, sheets 'Portability Impact' and 'Portablity Counts'",https://floridarevenue.com/property/Documents/amendment_1_impact.xlsx,avg_value_ported_per_transfer = portability_value_total / portability_transfers (computed).
Duval,2024,2704,306987704,113531,"FDOR Data Book 2026: amendment_1_impact.xlsx, sheets 'Portability Impact' and 'Portablity Counts'",https://floridarevenue.com/property/Documents/amendment_1_impact.xlsx,avg_value_ported_per_transfer = portability_value_total / portability_transfers (computed).
Duval,2025,2524,311476434,123406,"FDOR Data Book 2026: amendment_1_impact.xlsx, sheets 'Portability Impact' and 'Portablity Counts'",https://floridarevenue.com/property/Documents/amendment_1_impact.xlsx,avg_value_ported_per_transfer = portability_value_total / portability_transfers (computed).
Duval,2026,2114,250616737,118551,"FDOR Data Book 2026: amendment_1_impact.xlsx, sheets 'Portability Impact' and 'Portablity Counts'",https://floridarevenue.com/property/Documents/amendment_1_impact.xlsx,2026 preliminary roll. avg_value_ported_per_transfer = portability_value_total / portability_transfers (computed).
Escambia,2022,1207,53815777,44586,"FDOR Data Book 2026: amendment_1_impact.xlsx, sheets 'Portability Impact' and 'Portablity Counts'",https://floridarevenue.com/property/Documents/amendment_1_impact.xlsx,avg_value_ported_per_transfer = portability_value_total / portability_transfers (computed).
Escambia,2023,1090,76009440,69733,"FDOR Data Book 2026: amendment_1_impact.xlsx, sheets 'Portability Impact' and 'Portablity Counts'",https://floridarevenue.com/property/Documents/amendment_1_impact.xlsx,avg_value_ported_per_transfer = portability_value_total / portability_transfers (computed).
Escambia,2024,1056,91367652,86522,"FDOR Data Book 2026: amendment_1_impact.xlsx, sheets 'Portability Impact' and 'Portablity Counts'",https://floridarevenue.com/property/Documents/amendment_1_impact.xlsx,avg_value_ported_per_transfer = portability_value_total / portability_transfers (computed).
Escambia,2025,881,82757728,93936,"FDOR Data Book 2026: amendment_1_impact.xlsx, sheets 'Portability Impact' and 'Portablity Counts'",https://floridarevenue.com/property/Documents/amendment_1_impact.xlsx,avg_value_ported_per_transfer = portability_value_total / portability_transfers (computed).
Escambia,2026,864,77968722,90242,"FDOR Data Book 2026: amendment_1_impact.xlsx, sheets 'Portability Impact' and 'Portablity Counts'",https://floridarevenue.com/property/Documents/amendment_1_impact.xlsx,2026 preliminary roll. avg_value_ported_per_transfer = portability_value_total / portability_transfers (computed).
Flagler,2022,1126,69362865,61601,"FDOR Data Book 2026: amendment_1_impact.xlsx, sheets 'Portability Impact' and 'Portablity Counts'",https://floridarevenue.com/property/Documents/amendment_1_impact.xlsx,avg_value_ported_per_transfer = portability_value_total / portability_transfers (computed).
Flagler,2023,1039,103024012,99157,"FDOR Data Book 2026: amendment_1_impact.xlsx, sheets 'Portability Impact' and 'Portablity Counts'",https://floridarevenue.com/property/Documents/amendment_1_impact.xlsx,avg_value_ported_per_transfer = portability_value_total / portability_transfers (computed).
Flagler,2024,1178,141969685,120518,"FDOR Data Book 2026: amendment_1_impact.xlsx, sheets 'Portability Impact' and 'Portablity Counts'",https://floridarevenue.com/property/Documents/amendment_1_impact.xlsx,avg_value_ported_per_transfer = portability_value_total / portability_transfers (computed).
Flagler,2025,1021,134377004,131613,"FDOR Data Book 2026: amendment_1_impact.xlsx, sheets 'Portability Impact' and 'Portablity Counts'",https://floridarevenue.com/property/Documents/amendment_1_impact.xlsx,avg_value_ported_per_transfer = portability_value_total / portability_transfers (computed).
Flagler,2026,984,124214781,126235,"FDOR Data Book 2026: amendment_1_impact.xlsx, sheets 'Portability Impact' and 'Portablity Counts'",https://floridarevenue.com/property/Documents/amendment_1_impact.xlsx,2026 preliminary roll. avg_value_ported_per_transfer = portability_value_total / portability_transfers (computed).
Franklin,2022,43,2278001,52977,"FDOR Data Book 2026: amendment_1_impact.xlsx, sheets 'Portability Impact' and 'Portablity Counts'",https://floridarevenue.com/property/Documents/amendment_1_impact.xlsx,avg_value_ported_per_transfer = portability_value_total / portability_transfers (computed).
Franklin,2023,48,3026347,63049,"FDOR Data Book 2026: amendment_1_impact.xlsx, sheets 'Portability Impact' and 'Portablity Counts'",https://floridarevenue.com/property/Documents/amendment_1_impact.xlsx,avg_value_ported_per_transfer = portability_value_total / portability_transfers (computed).
Franklin,2024,38,4934252,129849,"FDOR Data Book 2026: amendment_1_impact.xlsx, sheets 'Portability Impact' and 'Portablity Counts'",https://floridarevenue.com/property/Documents/amendment_1_impact.xlsx,avg_value_ported_per_transfer = portability_value_total / portability_transfers (computed).
Franklin,2025,43,4945896,115021,"FDOR Data Book 2026: amendment_1_impact.xlsx, sheets 'Portability Impact' and 'Portablity Counts'",https://floridarevenue.com/property/Documents/amendment_1_impact.xlsx,avg_value_ported_per_transfer = portability_value_total / portability_transfers (computed).
Franklin,2026,28,3600790,128600,"FDOR Data Book 2026: amendment_1_impact.xlsx, sheets 'Portability Impact' and 'Portablity Counts'",https://floridarevenue.com/property/Documents/amendment_1_impact.xlsx,2026 preliminary roll. avg_value_ported_per_transfer = portability_value_total / portability_transfers (computed).
Gadsden,2022,118,3783441,32063,"FDOR Data Book 2026: amendment_1_impact.xlsx, sheets 'Portability Impact' and 'Portablity Counts'",https://floridarevenue.com/property/Documents/amendment_1_impact.xlsx,avg_value_ported_per_transfer = portability_value_total / portability_transfers (computed).
Gadsden,2023,116,5612723,48386,"FDOR Data Book 2026: amendment_1_impact.xlsx, sheets 'Portability Impact' and 'Portablity Counts'",https://floridarevenue.com/property/Documents/amendment_1_impact.xlsx,avg_value_ported_per_transfer = portability_value_total / portability_transfers (computed).
Gadsden,2024,128,8849787,69139,"FDOR Data Book 2026: amendment_1_impact.xlsx, sheets 'Portability Impact' and 'Portablity Counts'",https://floridarevenue.com/property/Documents/amendment_1_impact.xlsx,avg_value_ported_per_transfer = portability_value_total / portability_transfers (computed).
Gadsden,2025,92,5976683,64964,"FDOR Data Book 2026: amendment_1_impact.xlsx, sheets 'Portability Impact' and 'Portablity Counts'",https://floridarevenue.com/property/Documents/amendment_1_impact.xlsx,avg_value_ported_per_transfer = portability_value_total / portability_transfers (computed).
Gadsden,2026,65,3988630,61364,"FDOR Data Book 2026: amendment_1_impact.xlsx, sheets 'Portability Impact' and 'Portablity Counts'",https://floridarevenue.com/property/Documents/amendment_1_impact.xlsx,2026 preliminary roll. avg_value_ported_per_transfer = portability_value_total / portability_transfers (computed).
Gilchrist,2022,166,5703058,34356,"FDOR Data Book 2026: amendment_1_impact.xlsx, sheets 'Portability Impact' and 'Portablity Counts'",https://floridarevenue.com/property/Documents/amendment_1_impact.xlsx,avg_value_ported_per_transfer = portability_value_total / portability_transfers (computed).
Gilchrist,2023,159,9105714,57269,"FDOR Data Book 2026: amendment_1_impact.xlsx, sheets 'Portability Impact' and 'Portablity Counts'",https://floridarevenue.com/property/Documents/amendment_1_impact.xlsx,avg_value_ported_per_transfer = portability_value_total / portability_transfers (computed).
Gilchrist,2024,141,10311654,73132,"FDOR Data Book 2026: amendment_1_impact.xlsx, sheets 'Portability Impact' and 'Portablity Counts'",https://floridarevenue.com/property/Documents/amendment_1_impact.xlsx,avg_value_ported_per_transfer = portability_value_total / portability_transfers (computed).
Gilchrist,2025,118,9586414,81241,"FDOR Data Book 2026: amendment_1_impact.xlsx, sheets 'Portability Impact' and 'Portablity Counts'",https://floridarevenue.com/property/Documents/amendment_1_impact.xlsx,avg_value_ported_per_transfer = portability_value_total / portability_transfers (computed).
Gilchrist,2026,85,7378931,86811,"FDOR Data Book 2026: amendment_1_impact.xlsx, sheets 'Portability Impact' and 'Portablity Counts'",https://floridarevenue.com/property/Documents/amendment_1_impact.xlsx,2026 preliminary roll. avg_value_ported_per_transfer = portability_value_total / portability_transfers (computed).
Glades,2022,52,2119161,40753,"FDOR Data Book 2026: amendment_1_impact.xlsx, sheets 'Portability Impact' and 'Portablity Counts'",https://floridarevenue.com/property/Documents/amendment_1_impact.xlsx,avg_value_ported_per_transfer = portability_value_total / portability_transfers (computed).
Glades,2023,64,4302261,67223,"FDOR Data Book 2026: amendment_1_impact.xlsx, sheets 'Portability Impact' and 'Portablity Counts'",https://floridarevenue.com/property/Documents/amendment_1_impact.xlsx,avg_value_ported_per_transfer = portability_value_total / portability_transfers (computed).
Glades,2024,61,5205914,85343,"FDOR Data Book 2026: amendment_1_impact.xlsx, sheets 'Portability Impact' and 'Portablity Counts'",https://floridarevenue.com/property/Documents/amendment_1_impact.xlsx,avg_value_ported_per_transfer = portability_value_total / portability_transfers (computed).
Glades,2025,43,4158017,96698,"FDOR Data Book 2026: amendment_1_impact.xlsx, sheets 'Portability Impact' and 'Portablity Counts'",https://floridarevenue.com/property/Documents/amendment_1_impact.xlsx,avg_value_ported_per_transfer = portability_value_total / portability_transfers (computed).
Glades,2026,40,3686450,92161,"FDOR Data Book 2026: amendment_1_impact.xlsx, sheets 'Portability Impact' and 'Portablity Counts'",https://floridarevenue.com/property/Documents/amendment_1_impact.xlsx,2026 preliminary roll. avg_value_ported_per_transfer = portability_value_total / portability_transfers (computed).
Gulf,2022,52,3701204,71177,"FDOR Data Book 2026: amendment_1_impact.xlsx, sheets 'Portability Impact' and 'Portablity Counts'",https://floridarevenue.com/property/Documents/amendment_1_impact.xlsx,avg_value_ported_per_transfer = portability_value_total / portability_transfers (computed).
Gulf,2023,55,4956866,90125,"FDOR Data Book 2026: amendment_1_impact.xlsx, sheets 'Portability Impact' and 'Portablity Counts'",https://floridarevenue.com/property/Documents/amendment_1_impact.xlsx,avg_value_ported_per_transfer = portability_value_total / portability_transfers (computed).
Gulf,2024,53,6549158,123569,"FDOR Data Book 2026: amendment_1_impact.xlsx, sheets 'Portability Impact' and 'Portablity Counts'",https://floridarevenue.com/property/Documents/amendment_1_impact.xlsx,avg_value_ported_per_transfer = portability_value_total / portability_transfers (computed).
Gulf,2025,51,7080493,138833,"FDOR Data Book 2026: amendment_1_impact.xlsx, sheets 'Portability Impact' and 'Portablity Counts'",https://floridarevenue.com/property/Documents/amendment_1_impact.xlsx,avg_value_ported_per_transfer = portability_value_total / portability_transfers (computed).
Gulf,2026,40,6636310,165908,"FDOR Data Book 2026: amendment_1_impact.xlsx, sheets 'Portability Impact' and 'Portablity Counts'",https://floridarevenue.com/property/Documents/amendment_1_impact.xlsx,2026 preliminary roll. avg_value_ported_per_transfer = portability_value_total / portability_transfers (computed).
Hamilton,2022,50,1989209,39784,"FDOR Data Book 2026: amendment_1_impact.xlsx, sheets 'Portability Impact' and 'Portablity Counts'",https://floridarevenue.com/property/Documents/amendment_1_impact.xlsx,avg_value_ported_per_transfer = portability_value_total / portability_transfers (computed).
Hamilton,2023,67,3305843,49341,"FDOR Data Book 2026: amendment_1_impact.xlsx, sheets 'Portability Impact' and 'Portablity Counts'",https://floridarevenue.com/property/Documents/amendment_1_impact.xlsx,avg_value_ported_per_transfer = portability_value_total / portability_transfers (computed).
Hamilton,2024,43,3234676,75225,"FDOR Data Book 2026: amendment_1_impact.xlsx, sheets 'Portability Impact' and 'Portablity Counts'",https://floridarevenue.com/property/Documents/amendment_1_impact.xlsx,avg_value_ported_per_transfer = portability_value_total / portability_transfers (computed).
Hamilton,2025,37,2630759,71102,"FDOR Data Book 2026: amendment_1_impact.xlsx, sheets 'Portability Impact' and 'Portablity Counts'",https://floridarevenue.com/property/Documents/amendment_1_impact.xlsx,avg_value_ported_per_transfer = portability_value_total / portability_transfers (computed).
Hamilton,2026,35,2914815,83280,"FDOR Data Book 2026: amendment_1_impact.xlsx, sheets 'Portability Impact' and 'Portablity Counts'",https://floridarevenue.com/property/Documents/amendment_1_impact.xlsx,2026 preliminary roll. avg_value_ported_per_transfer = portability_value_total / portability_transfers (computed).
Hardee,2022,57,2182131,38283,"FDOR Data Book 2026: amendment_1_impact.xlsx, sheets 'Portability Impact' and 'Portablity Counts'",https://floridarevenue.com/property/Documents/amendment_1_impact.xlsx,avg_value_ported_per_transfer = portability_value_total / portability_transfers (computed).
Hardee,2023,72,4392979,61014,"FDOR Data Book 2026: amendment_1_impact.xlsx, sheets 'Portability Impact' and 'Portablity Counts'",https://floridarevenue.com/property/Documents/amendment_1_impact.xlsx,avg_value_ported_per_transfer = portability_value_total / portability_transfers (computed).
Hardee,2024,59,4294705,72792,"FDOR Data Book 2026: amendment_1_impact.xlsx, sheets 'Portability Impact' and 'Portablity Counts'",https://floridarevenue.com/property/Documents/amendment_1_impact.xlsx,avg_value_ported_per_transfer = portability_value_total / portability_transfers (computed).
Hardee,2025,87,7296971,83873,"FDOR Data Book 2026: amendment_1_impact.xlsx, sheets 'Portability Impact' and 'Portablity Counts'",https://floridarevenue.com/property/Documents/amendment_1_impact.xlsx,avg_value_ported_per_transfer = portability_value_total / portability_transfers (computed).
Hardee,2026,56,5563624,99350,"FDOR Data Book 2026: amendment_1_impact.xlsx, sheets 'Portability Impact' and 'Portablity Counts'",https://floridarevenue.com/property/Documents/amendment_1_impact.xlsx,2026 preliminary roll. avg_value_ported_per_transfer = portability_value_total / portability_transfers (computed).
Hendry,2022,145,8149147,56201,"FDOR Data Book 2026: amendment_1_impact.xlsx, sheets 'Portability Impact' and 'Portablity Counts'",https://floridarevenue.com/property/Documents/amendment_1_impact.xlsx,avg_value_ported_per_transfer = portability_value_total / portability_transfers (computed).
Hendry,2023,161,13548447,84152,"FDOR Data Book 2026: amendment_1_impact.xlsx, sheets 'Portability Impact' and 'Portablity Counts'",https://floridarevenue.com/property/Documents/amendment_1_impact.xlsx,avg_value_ported_per_transfer = portability_value_total / portability_transfers (computed).
Hendry,2024,161,16625196,103262,"FDOR Data Book 2026: amendment_1_impact.xlsx, sheets 'Portability Impact' and 'Portablity Counts'",https://floridarevenue.com/property/Documents/amendment_1_impact.xlsx,avg_value_ported_per_transfer = portability_value_total / portability_transfers (computed).
Hendry,2025,149,15718448,105493,"FDOR Data Book 2026: amendment_1_impact.xlsx, sheets 'Portability Impact' and 'Portablity Counts'",https://floridarevenue.com/property/Documents/amendment_1_impact.xlsx,avg_value_ported_per_transfer = portability_value_total / portability_transfers (computed).
Hendry,2026,135,15052930,111503,"FDOR Data Book 2026: amendment_1_impact.xlsx, sheets 'Portability Impact' and 'Portablity Counts'",https://floridarevenue.com/property/Documents/amendment_1_impact.xlsx,2026 preliminary roll. avg_value_ported_per_transfer = portability_value_total / portability_transfers (computed).
Hernando,2022,1379,73371225,53206,"FDOR Data Book 2026: amendment_1_impact.xlsx, sheets 'Portability Impact' and 'Portablity Counts'",https://floridarevenue.com/property/Documents/amendment_1_impact.xlsx,avg_value_ported_per_transfer = portability_value_total / portability_transfers (computed).
Hernando,2023,1367,111034902,81225,"FDOR Data Book 2026: amendment_1_impact.xlsx, sheets 'Portability Impact' and 'Portablity Counts'",https://floridarevenue.com/property/Documents/amendment_1_impact.xlsx,avg_value_ported_per_transfer = portability_value_total / portability_transfers (computed).
Hernando,2024,1333,134599373,100975,"FDOR Data Book 2026: amendment_1_impact.xlsx, sheets 'Portability Impact' and 'Portablity Counts'",https://floridarevenue.com/property/Documents/amendment_1_impact.xlsx,avg_value_ported_per_transfer = portability_value_total / portability_transfers (computed).
Hernando,2025,1255,138234745,110147,"FDOR Data Book 2026: amendment_1_impact.xlsx, sheets 'Portability Impact' and 'Portablity Counts'",https://floridarevenue.com/property/Documents/amendment_1_impact.xlsx,avg_value_ported_per_transfer = portability_value_total / portability_transfers (computed).
Hernando,2026,1284,138293393,107705,"FDOR Data Book 2026: amendment_1_impact.xlsx, sheets 'Portability Impact' and 'Portablity Counts'",https://floridarevenue.com/property/Documents/amendment_1_impact.xlsx,2026 preliminary roll. avg_value_ported_per_transfer = portability_value_total / portability_transfers (computed).
Highlands,2022,768,37171759,48401,"FDOR Data Book 2026: amendment_1_impact.xlsx, sheets 'Portability Impact' and 'Portablity Counts'",https://floridarevenue.com/property/Documents/amendment_1_impact.xlsx,avg_value_ported_per_transfer = portability_value_total / portability_transfers (computed).
Highlands,2023,698,55872550,80047,"FDOR Data Book 2026: amendment_1_impact.xlsx, sheets 'Portability Impact' and 'Portablity Counts'",https://floridarevenue.com/property/Documents/amendment_1_impact.xlsx,avg_value_ported_per_transfer = portability_value_total / portability_transfers (computed).
Highlands,2024,634,58773399,92703,"FDOR Data Book 2026: amendment_1_impact.xlsx, sheets 'Portability Impact' and 'Portablity Counts'",https://floridarevenue.com/property/Documents/amendment_1_impact.xlsx,avg_value_ported_per_transfer = portability_value_total / portability_transfers (computed).
Highlands,2025,515,50823883,98687,"FDOR Data Book 2026: amendment_1_impact.xlsx, sheets 'Portability Impact' and 'Portablity Counts'",https://floridarevenue.com/property/Documents/amendment_1_impact.xlsx,avg_value_ported_per_transfer = portability_value_total / portability_transfers (computed).
Highlands,2026,425,39111300,92027,"FDOR Data Book 2026: amendment_1_impact.xlsx, sheets 'Portability Impact' and 'Portablity Counts'",https://floridarevenue.com/property/Documents/amendment_1_impact.xlsx,2026 preliminary roll. avg_value_ported_per_transfer = portability_value_total / portability_transfers (computed).
Hillsborough,2022,5528,375953621,68009,"FDOR Data Book 2026: amendment_1_impact.xlsx, sheets 'Portability Impact' and 'Portablity Counts'",https://floridarevenue.com/property/Documents/amendment_1_impact.xlsx,avg_value_ported_per_transfer = portability_value_total / portability_transfers (computed).
Hillsborough,2023,4455,476284157,106910,"FDOR Data Book 2026: amendment_1_impact.xlsx, sheets 'Portability Impact' and 'Portablity Counts'",https://floridarevenue.com/property/Documents/amendment_1_impact.xlsx,avg_value_ported_per_transfer = portability_value_total / portability_transfers (computed).
Hillsborough,2024,4629,568758658,122869,"FDOR Data Book 2026: amendment_1_impact.xlsx, sheets 'Portability Impact' and 'Portablity Counts'",https://floridarevenue.com/property/Documents/amendment_1_impact.xlsx,avg_value_ported_per_transfer = portability_value_total / portability_transfers (computed).
Hillsborough,2025,4208,564732252,134204,"FDOR Data Book 2026: amendment_1_impact.xlsx, sheets 'Portability Impact' and 'Portablity Counts'",https://floridarevenue.com/property/Documents/amendment_1_impact.xlsx,avg_value_ported_per_transfer = portability_value_total / portability_transfers (computed).
Hillsborough,2026,3795,490365512,129214,"FDOR Data Book 2026: amendment_1_impact.xlsx, sheets 'Portability Impact' and 'Portablity Counts'",https://floridarevenue.com/property/Documents/amendment_1_impact.xlsx,2026 preliminary roll. avg_value_ported_per_transfer = portability_value_total / portability_transfers (computed).
Holmes,2022,17,129405,7612,"FDOR Data Book 2026: amendment_1_impact.xlsx, sheets 'Portability Impact' and 'Portablity Counts'",https://floridarevenue.com/property/Documents/amendment_1_impact.xlsx,avg_value_ported_per_transfer = portability_value_total / portability_transfers (computed).
Holmes,2023,25,1084353,43374,"FDOR Data Book 2026: amendment_1_impact.xlsx, sheets 'Portability Impact' and 'Portablity Counts'",https://floridarevenue.com/property/Documents/amendment_1_impact.xlsx,avg_value_ported_per_transfer = portability_value_total / portability_transfers (computed).
Holmes,2024,33,822693,24930,"FDOR Data Book 2026: amendment_1_impact.xlsx, sheets 'Portability Impact' and 'Portablity Counts'",https://floridarevenue.com/property/Documents/amendment_1_impact.xlsx,avg_value_ported_per_transfer = portability_value_total / portability_transfers (computed).
Holmes,2025,26,1018991,39192,"FDOR Data Book 2026: amendment_1_impact.xlsx, sheets 'Portability Impact' and 'Portablity Counts'",https://floridarevenue.com/property/Documents/amendment_1_impact.xlsx,avg_value_ported_per_transfer = portability_value_total / portability_transfers (computed).
Holmes,2026,28,953469,34052,"FDOR Data Book 2026: amendment_1_impact.xlsx, sheets 'Portability Impact' and 'Portablity Counts'",https://floridarevenue.com/property/Documents/amendment_1_impact.xlsx,2026 preliminary roll. avg_value_ported_per_transfer = portability_value_total / portability_transfers (computed).
Indian River,2022,1396,106599485,76361,"FDOR Data Book 2026: amendment_1_impact.xlsx, sheets 'Portability Impact' and 'Portablity Counts'",https://floridarevenue.com/property/Documents/amendment_1_impact.xlsx,avg_value_ported_per_transfer = portability_value_total / portability_transfers (computed).
Indian River,2023,1054,124285535,117918,"FDOR Data Book 2026: amendment_1_impact.xlsx, sheets 'Portability Impact' and 'Portablity Counts'",https://floridarevenue.com/property/Documents/amendment_1_impact.xlsx,avg_value_ported_per_transfer = portability_value_total / portability_transfers (computed).
Indian River,2024,1132,174478159,154133,"FDOR Data Book 2026: amendment_1_impact.xlsx, sheets 'Portability Impact' and 'Portablity Counts'",https://floridarevenue.com/property/Documents/amendment_1_impact.xlsx,avg_value_ported_per_transfer = portability_value_total / portability_transfers (computed).
Indian River,2025,1028,166236759,161709,"FDOR Data Book 2026: amendment_1_impact.xlsx, sheets 'Portability Impact' and 'Portablity Counts'",https://floridarevenue.com/property/Documents/amendment_1_impact.xlsx,avg_value_ported_per_transfer = portability_value_total / portability_transfers (computed).
Indian River,2026,1063,165514138,155705,"FDOR Data Book 2026: amendment_1_impact.xlsx, sheets 'Portability Impact' and 'Portablity Counts'",https://floridarevenue.com/property/Documents/amendment_1_impact.xlsx,2026 preliminary roll. avg_value_ported_per_transfer = portability_value_total / portability_transfers (computed).
Jackson,2022,132,2879291,21813,"FDOR Data Book 2026: amendment_1_impact.xlsx, sheets 'Portability Impact' and 'Portablity Counts'",https://floridarevenue.com/property/Documents/amendment_1_impact.xlsx,avg_value_ported_per_transfer = portability_value_total / portability_transfers (computed).
Jackson,2023,117,4268436,36482,"FDOR Data Book 2026: amendment_1_impact.xlsx, sheets 'Portability Impact' and 'Portablity Counts'",https://floridarevenue.com/property/Documents/amendment_1_impact.xlsx,avg_value_ported_per_transfer = portability_value_total / portability_transfers (computed).
Jackson,2024,108,5149854,47684,"FDOR Data Book 2026: amendment_1_impact.xlsx, sheets 'Portability Impact' and 'Portablity Counts'",https://floridarevenue.com/property/Documents/amendment_1_impact.xlsx,avg_value_ported_per_transfer = portability_value_total / portability_transfers (computed).
Jackson,2025,86,5933863,68998,"FDOR Data Book 2026: amendment_1_impact.xlsx, sheets 'Portability Impact' and 'Portablity Counts'",https://floridarevenue.com/property/Documents/amendment_1_impact.xlsx,avg_value_ported_per_transfer = portability_value_total / portability_transfers (computed).
Jackson,2026,108,7311508,67699,"FDOR Data Book 2026: amendment_1_impact.xlsx, sheets 'Portability Impact' and 'Portablity Counts'",https://floridarevenue.com/property/Documents/amendment_1_impact.xlsx,2026 preliminary roll. avg_value_ported_per_transfer = portability_value_total / portability_transfers (computed).
Jefferson,2022,99,4111863,41534,"FDOR Data Book 2026: amendment_1_impact.xlsx, sheets 'Portability Impact' and 'Portablity Counts'",https://floridarevenue.com/property/Documents/amendment_1_impact.xlsx,avg_value_ported_per_transfer = portability_value_total / portability_transfers (computed).
Jefferson,2023,105,7647391,72832,"FDOR Data Book 2026: amendment_1_impact.xlsx, sheets 'Portability Impact' and 'Portablity Counts'",https://floridarevenue.com/property/Documents/amendment_1_impact.xlsx,avg_value_ported_per_transfer = portability_value_total / portability_transfers (computed).
Jefferson,2024,85,6906284,81250,"FDOR Data Book 2026: amendment_1_impact.xlsx, sheets 'Portability Impact' and 'Portablity Counts'",https://floridarevenue.com/property/Documents/amendment_1_impact.xlsx,avg_value_ported_per_transfer = portability_value_total / portability_transfers (computed).
Jefferson,2025,80,6214877,77686,"FDOR Data Book 2026: amendment_1_impact.xlsx, sheets 'Portability Impact' and 'Portablity Counts'",https://floridarevenue.com/property/Documents/amendment_1_impact.xlsx,avg_value_ported_per_transfer = portability_value_total / portability_transfers (computed).
Jefferson,2026,70,5792171,82745,"FDOR Data Book 2026: amendment_1_impact.xlsx, sheets 'Portability Impact' and 'Portablity Counts'",https://floridarevenue.com/property/Documents/amendment_1_impact.xlsx,2026 preliminary roll. avg_value_ported_per_transfer = portability_value_total / portability_transfers (computed).
Lafayette,2022,33,785783,23812,"FDOR Data Book 2026: amendment_1_impact.xlsx, sheets 'Portability Impact' and 'Portablity Counts'",https://floridarevenue.com/property/Documents/amendment_1_impact.xlsx,avg_value_ported_per_transfer = portability_value_total / portability_transfers (computed).
Lafayette,2023,31,1704315,54978,"FDOR Data Book 2026: amendment_1_impact.xlsx, sheets 'Portability Impact' and 'Portablity Counts'",https://floridarevenue.com/property/Documents/amendment_1_impact.xlsx,avg_value_ported_per_transfer = portability_value_total / portability_transfers (computed).
Lafayette,2024,28,1874312,66940,"FDOR Data Book 2026: amendment_1_impact.xlsx, sheets 'Portability Impact' and 'Portablity Counts'",https://floridarevenue.com/property/Documents/amendment_1_impact.xlsx,avg_value_ported_per_transfer = portability_value_total / portability_transfers (computed).
Lafayette,2025,38,3472765,91389,"FDOR Data Book 2026: amendment_1_impact.xlsx, sheets 'Portability Impact' and 'Portablity Counts'",https://floridarevenue.com/property/Documents/amendment_1_impact.xlsx,avg_value_ported_per_transfer = portability_value_total / portability_transfers (computed).
Lafayette,2026,30,2075707,69190,"FDOR Data Book 2026: amendment_1_impact.xlsx, sheets 'Portability Impact' and 'Portablity Counts'",https://floridarevenue.com/property/Documents/amendment_1_impact.xlsx,2026 preliminary roll. avg_value_ported_per_transfer = portability_value_total / portability_transfers (computed).
Lake,2022,2854,143601630,50316,"FDOR Data Book 2026: amendment_1_impact.xlsx, sheets 'Portability Impact' and 'Portablity Counts'",https://floridarevenue.com/property/Documents/amendment_1_impact.xlsx,avg_value_ported_per_transfer = portability_value_total / portability_transfers (computed).
Lake,2023,2566,193118210,75260,"FDOR Data Book 2026: amendment_1_impact.xlsx, sheets 'Portability Impact' and 'Portablity Counts'",https://floridarevenue.com/property/Documents/amendment_1_impact.xlsx,avg_value_ported_per_transfer = portability_value_total / portability_transfers (computed).
Lake,2024,2972,289106410,97277,"FDOR Data Book 2026: amendment_1_impact.xlsx, sheets 'Portability Impact' and 'Portablity Counts'",https://floridarevenue.com/property/Documents/amendment_1_impact.xlsx,avg_value_ported_per_transfer = portability_value_total / portability_transfers (computed).
Lake,2025,2414,272469850,112871,"FDOR Data Book 2026: amendment_1_impact.xlsx, sheets 'Portability Impact' and 'Portablity Counts'",https://floridarevenue.com/property/Documents/amendment_1_impact.xlsx,avg_value_ported_per_transfer = portability_value_total / portability_transfers (computed).
Lake,2026,2530,275130360,108747,"FDOR Data Book 2026: amendment_1_impact.xlsx, sheets 'Portability Impact' and 'Portablity Counts'",https://floridarevenue.com/property/Documents/amendment_1_impact.xlsx,2026 preliminary roll. avg_value_ported_per_transfer = portability_value_total / portability_transfers (computed).
Lee,2022,4298,249859919,58134,"FDOR Data Book 2026: amendment_1_impact.xlsx, sheets 'Portability Impact' and 'Portablity Counts'",https://floridarevenue.com/property/Documents/amendment_1_impact.xlsx,avg_value_ported_per_transfer = portability_value_total / portability_transfers (computed).
Lee,2023,2919,304650115,104368,"FDOR Data Book 2026: amendment_1_impact.xlsx, sheets 'Portability Impact' and 'Portablity Counts'",https://floridarevenue.com/property/Documents/amendment_1_impact.xlsx,avg_value_ported_per_transfer = portability_value_total / portability_transfers (computed).
Lee,2024,3363,472812660,140593,"FDOR Data Book 2026: amendment_1_impact.xlsx, sheets 'Portability Impact' and 'Portablity Counts'",https://floridarevenue.com/property/Documents/amendment_1_impact.xlsx,avg_value_ported_per_transfer = portability_value_total / portability_transfers (computed).
Lee,2025,3034,429507076,141565,"FDOR Data Book 2026: amendment_1_impact.xlsx, sheets 'Portability Impact' and 'Portablity Counts'",https://floridarevenue.com/property/Documents/amendment_1_impact.xlsx,avg_value_ported_per_transfer = portability_value_total / portability_transfers (computed).
Lee,2026,2862,364464368,127346,"FDOR Data Book 2026: amendment_1_impact.xlsx, sheets 'Portability Impact' and 'Portablity Counts'",https://floridarevenue.com/property/Documents/amendment_1_impact.xlsx,2026 preliminary roll. avg_value_ported_per_transfer = portability_value_total / portability_transfers (computed).
Leon,2022,1150,48058082,41790,"FDOR Data Book 2026: amendment_1_impact.xlsx, sheets 'Portability Impact' and 'Portablity Counts'",https://floridarevenue.com/property/Documents/amendment_1_impact.xlsx,avg_value_ported_per_transfer = portability_value_total / portability_transfers (computed).
Leon,2023,997,64775359,64970,"FDOR Data Book 2026: amendment_1_impact.xlsx, sheets 'Portability Impact' and 'Portablity Counts'",https://floridarevenue.com/property/Documents/amendment_1_impact.xlsx,avg_value_ported_per_transfer = portability_value_total / portability_transfers (computed).
Leon,2024,823,71377272,86728,"FDOR Data Book 2026: amendment_1_impact.xlsx, sheets 'Portability Impact' and 'Portablity Counts'",https://floridarevenue.com/property/Documents/amendment_1_impact.xlsx,avg_value_ported_per_transfer = portability_value_total / portability_transfers (computed).
Leon,2025,796,70114648,88084,"FDOR Data Book 2026: amendment_1_impact.xlsx, sheets 'Portability Impact' and 'Portablity Counts'",https://floridarevenue.com/property/Documents/amendment_1_impact.xlsx,avg_value_ported_per_transfer = portability_value_total / portability_transfers (computed).
Leon,2026,769,63501344,82577,"FDOR Data Book 2026: amendment_1_impact.xlsx, sheets 'Portability Impact' and 'Portablity Counts'",https://floridarevenue.com/property/Documents/amendment_1_impact.xlsx,2026 preliminary roll. avg_value_ported_per_transfer = portability_value_total / portability_transfers (computed).
Levy,2022,302,13506005,44722,"FDOR Data Book 2026: amendment_1_impact.xlsx, sheets 'Portability Impact' and 'Portablity Counts'",https://floridarevenue.com/property/Documents/amendment_1_impact.xlsx,avg_value_ported_per_transfer = portability_value_total / portability_transfers (computed).
Levy,2023,257,17344826,67490,"FDOR Data Book 2026: amendment_1_impact.xlsx, sheets 'Portability Impact' and 'Portablity Counts'",https://floridarevenue.com/property/Documents/amendment_1_impact.xlsx,avg_value_ported_per_transfer = portability_value_total / portability_transfers (computed).
Levy,2024,281,22394716,79696,"FDOR Data Book 2026: amendment_1_impact.xlsx, sheets 'Portability Impact' and 'Portablity Counts'",https://floridarevenue.com/property/Documents/amendment_1_impact.xlsx,avg_value_ported_per_transfer = portability_value_total / portability_transfers (computed).
Levy,2025,218,19594366,89882,"FDOR Data Book 2026: amendment_1_impact.xlsx, sheets 'Portability Impact' and 'Portablity Counts'",https://floridarevenue.com/property/Documents/amendment_1_impact.xlsx,avg_value_ported_per_transfer = portability_value_total / portability_transfers (computed).
Levy,2026,211,18297793,86719,"FDOR Data Book 2026: amendment_1_impact.xlsx, sheets 'Portability Impact' and 'Portablity Counts'",https://floridarevenue.com/property/Documents/amendment_1_impact.xlsx,2026 preliminary roll. avg_value_ported_per_transfer = portability_value_total / portability_transfers (computed).
Liberty,2022,8,121345,15168,"FDOR Data Book 2026: amendment_1_impact.xlsx, sheets 'Portability Impact' and 'Portablity Counts'",https://floridarevenue.com/property/Documents/amendment_1_impact.xlsx,avg_value_ported_per_transfer = portability_value_total / portability_transfers (computed).
Liberty,2023,7,393827,56261,"FDOR Data Book 2026: amendment_1_impact.xlsx, sheets 'Portability Impact' and 'Portablity Counts'",https://floridarevenue.com/property/Documents/amendment_1_impact.xlsx,avg_value_ported_per_transfer = portability_value_total / portability_transfers (computed).
Liberty,2024,11,537248,48841,"FDOR Data Book 2026: amendment_1_impact.xlsx, sheets 'Portability Impact' and 'Portablity Counts'",https://floridarevenue.com/property/Documents/amendment_1_impact.xlsx,avg_value_ported_per_transfer = portability_value_total / portability_transfers (computed).
Liberty,2025,12,581919,48493,"FDOR Data Book 2026: amendment_1_impact.xlsx, sheets 'Portability Impact' and 'Portablity Counts'",https://floridarevenue.com/property/Documents/amendment_1_impact.xlsx,avg_value_ported_per_transfer = portability_value_total / portability_transfers (computed).
Liberty,2026,16,958904,59932,"FDOR Data Book 2026: amendment_1_impact.xlsx, sheets 'Portability Impact' and 'Portablity Counts'",https://floridarevenue.com/property/Documents/amendment_1_impact.xlsx,2026 preliminary roll. avg_value_ported_per_transfer = portability_value_total / portability_transfers (computed).
Madison,2022,88,3117804,35430,"FDOR Data Book 2026: amendment_1_impact.xlsx, sheets 'Portability Impact' and 'Portablity Counts'",https://floridarevenue.com/property/Documents/amendment_1_impact.xlsx,avg_value_ported_per_transfer = portability_value_total / portability_transfers (computed).
Madison,2023,98,5849529,59689,"FDOR Data Book 2026: amendment_1_impact.xlsx, sheets 'Portability Impact' and 'Portablity Counts'",https://floridarevenue.com/property/Documents/amendment_1_impact.xlsx,avg_value_ported_per_transfer = portability_value_total / portability_transfers (computed).
Madison,2024,86,5611844,65254,"FDOR Data Book 2026: amendment_1_impact.xlsx, sheets 'Portability Impact' and 'Portablity Counts'",https://floridarevenue.com/property/Documents/amendment_1_impact.xlsx,avg_value_ported_per_transfer = portability_value_total / portability_transfers (computed).
Madison,2025,64,4723845,73810,"FDOR Data Book 2026: amendment_1_impact.xlsx, sheets 'Portability Impact' and 'Portablity Counts'",https://floridarevenue.com/property/Documents/amendment_1_impact.xlsx,avg_value_ported_per_transfer = portability_value_total / portability_transfers (computed).
Madison,2026,51,5205740,102073,"FDOR Data Book 2026: amendment_1_impact.xlsx, sheets 'Portability Impact' and 'Portablity Counts'",https://floridarevenue.com/property/Documents/amendment_1_impact.xlsx,2026 preliminary roll. avg_value_ported_per_transfer = portability_value_total / portability_transfers (computed).
Manatee,2022,2662,161070971,60508,"FDOR Data Book 2026: amendment_1_impact.xlsx, sheets 'Portability Impact' and 'Portablity Counts'",https://floridarevenue.com/property/Documents/amendment_1_impact.xlsx,avg_value_ported_per_transfer = portability_value_total / portability_transfers (computed).
Manatee,2023,2299,245111937,106617,"FDOR Data Book 2026: amendment_1_impact.xlsx, sheets 'Portability Impact' and 'Portablity Counts'",https://floridarevenue.com/property/Documents/amendment_1_impact.xlsx,avg_value_ported_per_transfer = portability_value_total / portability_transfers (computed).
Manatee,2024,2480,361011963,145569,"FDOR Data Book 2026: amendment_1_impact.xlsx, sheets 'Portability Impact' and 'Portablity Counts'",https://floridarevenue.com/property/Documents/amendment_1_impact.xlsx,avg_value_ported_per_transfer = portability_value_total / portability_transfers (computed).
Manatee,2025,2362,339757811,143843,"FDOR Data Book 2026: amendment_1_impact.xlsx, sheets 'Portability Impact' and 'Portablity Counts'",https://floridarevenue.com/property/Documents/amendment_1_impact.xlsx,avg_value_ported_per_transfer = portability_value_total / portability_transfers (computed).
Manatee,2026,245,47779149,195017,"FDOR Data Book 2026: amendment_1_impact.xlsx, sheets 'Portability Impact' and 'Portablity Counts'",https://floridarevenue.com/property/Documents/amendment_1_impact.xlsx,2026 preliminary roll. avg_value_ported_per_transfer = portability_value_total / portability_transfers (computed).
Marion,2022,3045,131254331,43105,"FDOR Data Book 2026: amendment_1_impact.xlsx, sheets 'Portability Impact' and 'Portablity Counts'",https://floridarevenue.com/property/Documents/amendment_1_impact.xlsx,avg_value_ported_per_transfer = portability_value_total / portability_transfers (computed).
Marion,2023,3036,214899461,70784,"FDOR Data Book 2026: amendment_1_impact.xlsx, sheets 'Portability Impact' and 'Portablity Counts'",https://floridarevenue.com/property/Documents/amendment_1_impact.xlsx,avg_value_ported_per_transfer = portability_value_total / portability_transfers (computed).
Marion,2024,3235,287622139,88909,"FDOR Data Book 2026: amendment_1_impact.xlsx, sheets 'Portability Impact' and 'Portablity Counts'",https://floridarevenue.com/property/Documents/amendment_1_impact.xlsx,avg_value_ported_per_transfer = portability_value_total / portability_transfers (computed).
Marion,2025,3052,284942553,93363,"FDOR Data Book 2026: amendment_1_impact.xlsx, sheets 'Portability Impact' and 'Portablity Counts'",https://floridarevenue.com/property/Documents/amendment_1_impact.xlsx,avg_value_ported_per_transfer = portability_value_total / portability_transfers (computed).
Marion,2026,2845,255333234,89748,"FDOR Data Book 2026: amendment_1_impact.xlsx, sheets 'Portability Impact' and 'Portablity Counts'",https://floridarevenue.com/property/Documents/amendment_1_impact.xlsx,2026 preliminary roll. avg_value_ported_per_transfer = portability_value_total / portability_transfers (computed).
Martin,2022,1616,127437371,78860,"FDOR Data Book 2026: amendment_1_impact.xlsx, sheets 'Portability Impact' and 'Portablity Counts'",https://floridarevenue.com/property/Documents/amendment_1_impact.xlsx,avg_value_ported_per_transfer = portability_value_total / portability_transfers (computed).
Martin,2023,1229,151842817,123550,"FDOR Data Book 2026: amendment_1_impact.xlsx, sheets 'Portability Impact' and 'Portablity Counts'",https://floridarevenue.com/property/Documents/amendment_1_impact.xlsx,avg_value_ported_per_transfer = portability_value_total / portability_transfers (computed).
Martin,2024,1234,197992762,160448,"FDOR Data Book 2026: amendment_1_impact.xlsx, sheets 'Portability Impact' and 'Portablity Counts'",https://floridarevenue.com/property/Documents/amendment_1_impact.xlsx,avg_value_ported_per_transfer = portability_value_total / portability_transfers (computed).
Martin,2025,1176,207832180,176728,"FDOR Data Book 2026: amendment_1_impact.xlsx, sheets 'Portability Impact' and 'Portablity Counts'",https://floridarevenue.com/property/Documents/amendment_1_impact.xlsx,avg_value_ported_per_transfer = portability_value_total / portability_transfers (computed).
Martin,2026,1135,181001237,159472,"FDOR Data Book 2026: amendment_1_impact.xlsx, sheets 'Portability Impact' and 'Portablity Counts'",https://floridarevenue.com/property/Documents/amendment_1_impact.xlsx,2026 preliminary roll. avg_value_ported_per_transfer = portability_value_total / portability_transfers (computed).
Miami-Dade,2022,4530,457362738,100963,"FDOR Data Book 2026: amendment_1_impact.xlsx, sheets 'Portability Impact' and 'Portablity Counts'",https://floridarevenue.com/property/Documents/amendment_1_impact.xlsx,avg_value_ported_per_transfer = portability_value_total / portability_transfers (computed).
Miami-Dade,2023,3834,503462376,131315,"FDOR Data Book 2026: amendment_1_impact.xlsx, sheets 'Portability Impact' and 'Portablity Counts'",https://floridarevenue.com/property/Documents/amendment_1_impact.xlsx,avg_value_ported_per_transfer = portability_value_total / portability_transfers (computed).
Miami-Dade,2024,3490,578783541,165841,"FDOR Data Book 2026: amendment_1_impact.xlsx, sheets 'Portability Impact' and 'Portablity Counts'",https://floridarevenue.com/property/Documents/amendment_1_impact.xlsx,avg_value_ported_per_transfer = portability_value_total / portability_transfers (computed).
Miami-Dade,2025,3486,661990932,189900,"FDOR Data Book 2026: amendment_1_impact.xlsx, sheets 'Portability Impact' and 'Portablity Counts'",https://floridarevenue.com/property/Documents/amendment_1_impact.xlsx,avg_value_ported_per_transfer = portability_value_total / portability_transfers (computed).
Miami-Dade,2026,2636,491977864,186638,"FDOR Data Book 2026: amendment_1_impact.xlsx, sheets 'Portability Impact' and 'Portablity Counts'",https://floridarevenue.com/property/Documents/amendment_1_impact.xlsx,2026 preliminary roll. avg_value_ported_per_transfer = portability_value_total / portability_transfers (computed).
Monroe,2022,493,67551078,137020,"FDOR Data Book 2026: amendment_1_impact.xlsx, sheets 'Portability Impact' and 'Portablity Counts'",https://floridarevenue.com/property/Documents/amendment_1_impact.xlsx,avg_value_ported_per_transfer = portability_value_total / portability_transfers (computed).
Monroe,2023,336,71909619,214017,"FDOR Data Book 2026: amendment_1_impact.xlsx, sheets 'Portability Impact' and 'Portablity Counts'",https://floridarevenue.com/property/Documents/amendment_1_impact.xlsx,avg_value_ported_per_transfer = portability_value_total / portability_transfers (computed).
Monroe,2024,257,70211930,273198,"FDOR Data Book 2026: amendment_1_impact.xlsx, sheets 'Portability Impact' and 'Portablity Counts'",https://floridarevenue.com/property/Documents/amendment_1_impact.xlsx,avg_value_ported_per_transfer = portability_value_total / portability_transfers (computed).
Monroe,2025,225,60956635,270918,"FDOR Data Book 2026: amendment_1_impact.xlsx, sheets 'Portability Impact' and 'Portablity Counts'",https://floridarevenue.com/property/Documents/amendment_1_impact.xlsx,avg_value_ported_per_transfer = portability_value_total / portability_transfers (computed).
Monroe,2026,211,57115604,270690,"FDOR Data Book 2026: amendment_1_impact.xlsx, sheets 'Portability Impact' and 'Portablity Counts'",https://floridarevenue.com/property/Documents/amendment_1_impact.xlsx,2026 preliminary roll. avg_value_ported_per_transfer = portability_value_total / portability_transfers (computed).
Nassau,2022,822,50868984,61884,"FDOR Data Book 2026: amendment_1_impact.xlsx, sheets 'Portability Impact' and 'Portablity Counts'",https://floridarevenue.com/property/Documents/amendment_1_impact.xlsx,avg_value_ported_per_transfer = portability_value_total / portability_transfers (computed).
Nassau,2023,796,75008365,94232,"FDOR Data Book 2026: amendment_1_impact.xlsx, sheets 'Portability Impact' and 'Portablity Counts'",https://floridarevenue.com/property/Documents/amendment_1_impact.xlsx,avg_value_ported_per_transfer = portability_value_total / portability_transfers (computed).
Nassau,2024,814,107073907,131540,"FDOR Data Book 2026: amendment_1_impact.xlsx, sheets 'Portability Impact' and 'Portablity Counts'",https://floridarevenue.com/property/Documents/amendment_1_impact.xlsx,avg_value_ported_per_transfer = portability_value_total / portability_transfers (computed).
Nassau,2025,738,107895115,146199,"FDOR Data Book 2026: amendment_1_impact.xlsx, sheets 'Portability Impact' and 'Portablity Counts'",https://floridarevenue.com/property/Documents/amendment_1_impact.xlsx,avg_value_ported_per_transfer = portability_value_total / portability_transfers (computed).
Nassau,2026,684,97085279,141938,"FDOR Data Book 2026: amendment_1_impact.xlsx, sheets 'Portability Impact' and 'Portablity Counts'",https://floridarevenue.com/property/Documents/amendment_1_impact.xlsx,2026 preliminary roll. avg_value_ported_per_transfer = portability_value_total / portability_transfers (computed).
Okaloosa,2022,888,39091038,44021,"FDOR Data Book 2026: amendment_1_impact.xlsx, sheets 'Portability Impact' and 'Portablity Counts'",https://floridarevenue.com/property/Documents/amendment_1_impact.xlsx,avg_value_ported_per_transfer = portability_value_total / portability_transfers (computed).
Okaloosa,2023,828,65369305,78948,"FDOR Data Book 2026: amendment_1_impact.xlsx, sheets 'Portability Impact' and 'Portablity Counts'",https://floridarevenue.com/property/Documents/amendment_1_impact.xlsx,avg_value_ported_per_transfer = portability_value_total / portability_transfers (computed).
Okaloosa,2024,638,69590552,109076,"FDOR Data Book 2026: amendment_1_impact.xlsx, sheets 'Portability Impact' and 'Portablity Counts'",https://floridarevenue.com/property/Documents/amendment_1_impact.xlsx,avg_value_ported_per_transfer = portability_value_total / portability_transfers (computed).
Okaloosa,2025,611,64700878,105893,"FDOR Data Book 2026: amendment_1_impact.xlsx, sheets 'Portability Impact' and 'Portablity Counts'",https://floridarevenue.com/property/Documents/amendment_1_impact.xlsx,avg_value_ported_per_transfer = portability_value_total / portability_transfers (computed).
Okaloosa,2026,593,57624113,97174,"FDOR Data Book 2026: amendment_1_impact.xlsx, sheets 'Portability Impact' and 'Portablity Counts'",https://floridarevenue.com/property/Documents/amendment_1_impact.xlsx,2026 preliminary roll. avg_value_ported_per_transfer = portability_value_total / portability_transfers (computed).
Okeechobee,2022,237,12251852,51696,"FDOR Data Book 2026: amendment_1_impact.xlsx, sheets 'Portability Impact' and 'Portablity Counts'",https://floridarevenue.com/property/Documents/amendment_1_impact.xlsx,avg_value_ported_per_transfer = portability_value_total / portability_transfers (computed).
Okeechobee,2023,218,15328806,70316,"FDOR Data Book 2026: amendment_1_impact.xlsx, sheets 'Portability Impact' and 'Portablity Counts'",https://floridarevenue.com/property/Documents/amendment_1_impact.xlsx,avg_value_ported_per_transfer = portability_value_total / portability_transfers (computed).
Okeechobee,2024,215,19050271,88606,"FDOR Data Book 2026: amendment_1_impact.xlsx, sheets 'Portability Impact' and 'Portablity Counts'",https://floridarevenue.com/property/Documents/amendment_1_impact.xlsx,avg_value_ported_per_transfer = portability_value_total / portability_transfers (computed).
Okeechobee,2025,179,19212903,107335,"FDOR Data Book 2026: amendment_1_impact.xlsx, sheets 'Portability Impact' and 'Portablity Counts'",https://floridarevenue.com/property/Documents/amendment_1_impact.xlsx,avg_value_ported_per_transfer = portability_value_total / portability_transfers (computed).
Okeechobee,2026,159,16380429,103022,"FDOR Data Book 2026: amendment_1_impact.xlsx, sheets 'Portability Impact' and 'Portablity Counts'",https://floridarevenue.com/property/Documents/amendment_1_impact.xlsx,2026 preliminary roll. avg_value_ported_per_transfer = portability_value_total / portability_transfers (computed).
Orange,2022,3888,233720354,60113,"FDOR Data Book 2026: amendment_1_impact.xlsx, sheets 'Portability Impact' and 'Portablity Counts'",https://floridarevenue.com/property/Documents/amendment_1_impact.xlsx,avg_value_ported_per_transfer = portability_value_total / portability_transfers (computed).
Orange,2023,2974,270577425,90981,"FDOR Data Book 2026: amendment_1_impact.xlsx, sheets 'Portability Impact' and 'Portablity Counts'",https://floridarevenue.com/property/Documents/amendment_1_impact.xlsx,avg_value_ported_per_transfer = portability_value_total / portability_transfers (computed).
Orange,2024,2830,344779649,121830,"FDOR Data Book 2026: amendment_1_impact.xlsx, sheets 'Portability Impact' and 'Portablity Counts'",https://floridarevenue.com/property/Documents/amendment_1_impact.xlsx,avg_value_ported_per_transfer = portability_value_total / portability_transfers (computed).
Orange,2025,2408,351690688,146051,"FDOR Data Book 2026: amendment_1_impact.xlsx, sheets 'Portability Impact' and 'Portablity Counts'",https://floridarevenue.com/property/Documents/amendment_1_impact.xlsx,avg_value_ported_per_transfer = portability_value_total / portability_transfers (computed).
Orange,2026,1400,206435602,147454,"FDOR Data Book 2026: amendment_1_impact.xlsx, sheets 'Portability Impact' and 'Portablity Counts'",https://floridarevenue.com/property/Documents/amendment_1_impact.xlsx,2026 preliminary roll. avg_value_ported_per_transfer = portability_value_total / portability_transfers (computed).
Osceola,2022,1424,76279823,53567,"FDOR Data Book 2026: amendment_1_impact.xlsx, sheets 'Portability Impact' and 'Portablity Counts'",https://floridarevenue.com/property/Documents/amendment_1_impact.xlsx,avg_value_ported_per_transfer = portability_value_total / portability_transfers (computed).
Osceola,2023,1272,103301249,81212,"FDOR Data Book 2026: amendment_1_impact.xlsx, sheets 'Portability Impact' and 'Portablity Counts'",https://floridarevenue.com/property/Documents/amendment_1_impact.xlsx,avg_value_ported_per_transfer = portability_value_total / portability_transfers (computed).
Osceola,2024,1229,133111489,108309,"FDOR Data Book 2026: amendment_1_impact.xlsx, sheets 'Portability Impact' and 'Portablity Counts'",https://floridarevenue.com/property/Documents/amendment_1_impact.xlsx,avg_value_ported_per_transfer = portability_value_total / portability_transfers (computed).
Osceola,2025,1172,131497380,112199,"FDOR Data Book 2026: amendment_1_impact.xlsx, sheets 'Portability Impact' and 'Portablity Counts'",https://floridarevenue.com/property/Documents/amendment_1_impact.xlsx,avg_value_ported_per_transfer = portability_value_total / portability_transfers (computed).
Osceola,2026,916,104198184,113753,"FDOR Data Book 2026: amendment_1_impact.xlsx, sheets 'Portability Impact' and 'Portablity Counts'",https://floridarevenue.com/property/Documents/amendment_1_impact.xlsx,2026 preliminary roll. avg_value_ported_per_transfer = portability_value_total / portability_transfers (computed).
Palm Beach,2022,8149,678295006,83237,"FDOR Data Book 2026: amendment_1_impact.xlsx, sheets 'Portability Impact' and 'Portablity Counts'",https://floridarevenue.com/property/Documents/amendment_1_impact.xlsx,avg_value_ported_per_transfer = portability_value_total / portability_transfers (computed).
Palm Beach,2023,6531,811646258,124276,"FDOR Data Book 2026: amendment_1_impact.xlsx, sheets 'Portability Impact' and 'Portablity Counts'",https://floridarevenue.com/property/Documents/amendment_1_impact.xlsx,avg_value_ported_per_transfer = portability_value_total / portability_transfers (computed).
Palm Beach,2024,6328,1060959325,167661,"FDOR Data Book 2026: amendment_1_impact.xlsx, sheets 'Portability Impact' and 'Portablity Counts'",https://floridarevenue.com/property/Documents/amendment_1_impact.xlsx,avg_value_ported_per_transfer = portability_value_total / portability_transfers (computed).
Palm Beach,2025,5741,1065757630,185640,"FDOR Data Book 2026: amendment_1_impact.xlsx, sheets 'Portability Impact' and 'Portablity Counts'",https://floridarevenue.com/property/Documents/amendment_1_impact.xlsx,avg_value_ported_per_transfer = portability_value_total / portability_transfers (computed).
Palm Beach,2026,5400,976607659,180853,"FDOR Data Book 2026: amendment_1_impact.xlsx, sheets 'Portability Impact' and 'Portablity Counts'",https://floridarevenue.com/property/Documents/amendment_1_impact.xlsx,2026 preliminary roll. avg_value_ported_per_transfer = portability_value_total / portability_transfers (computed).
Pasco,2022,4217,207442160,49192,"FDOR Data Book 2026: amendment_1_impact.xlsx, sheets 'Portability Impact' and 'Portablity Counts'",https://floridarevenue.com/property/Documents/amendment_1_impact.xlsx,avg_value_ported_per_transfer = portability_value_total / portability_transfers (computed).
Pasco,2023,3732,292030580,78250,"FDOR Data Book 2026: amendment_1_impact.xlsx, sheets 'Portability Impact' and 'Portablity Counts'",https://floridarevenue.com/property/Documents/amendment_1_impact.xlsx,avg_value_ported_per_transfer = portability_value_total / portability_transfers (computed).
Pasco,2024,3797,400361910,105442,"FDOR Data Book 2026: amendment_1_impact.xlsx, sheets 'Portability Impact' and 'Portablity Counts'",https://floridarevenue.com/property/Documents/amendment_1_impact.xlsx,avg_value_ported_per_transfer = portability_value_total / portability_transfers (computed).
Pasco,2025,3714,402675280,108421,"FDOR Data Book 2026: amendment_1_impact.xlsx, sheets 'Portability Impact' and 'Portablity Counts'",https://floridarevenue.com/property/Documents/amendment_1_impact.xlsx,avg_value_ported_per_transfer = portability_value_total / portability_transfers (computed).
Pasco,2026,3390,370208800,109206,"FDOR Data Book 2026: amendment_1_impact.xlsx, sheets 'Portability Impact' and 'Portablity Counts'",https://floridarevenue.com/property/Documents/amendment_1_impact.xlsx,2026 preliminary roll. avg_value_ported_per_transfer = portability_value_total / portability_transfers (computed).
Pinellas,2022,5451,438733205,80487,"FDOR Data Book 2026: amendment_1_impact.xlsx, sheets 'Portability Impact' and 'Portablity Counts'",https://floridarevenue.com/property/Documents/amendment_1_impact.xlsx,avg_value_ported_per_transfer = portability_value_total / portability_transfers (computed).
Pinellas,2023,4431,505992425,114194,"FDOR Data Book 2026: amendment_1_impact.xlsx, sheets 'Portability Impact' and 'Portablity Counts'",https://floridarevenue.com/property/Documents/amendment_1_impact.xlsx,avg_value_ported_per_transfer = portability_value_total / portability_transfers (computed).
Pinellas,2024,4554,661359386,145226,"FDOR Data Book 2026: amendment_1_impact.xlsx, sheets 'Portability Impact' and 'Portablity Counts'",https://floridarevenue.com/property/Documents/amendment_1_impact.xlsx,avg_value_ported_per_transfer = portability_value_total / portability_transfers (computed).
Pinellas,2025,4199,647571318,154220,"FDOR Data Book 2026: amendment_1_impact.xlsx, sheets 'Portability Impact' and 'Portablity Counts'",https://floridarevenue.com/property/Documents/amendment_1_impact.xlsx,avg_value_ported_per_transfer = portability_value_total / portability_transfers (computed).
Pinellas,2026,4079,629692629,154374,"FDOR Data Book 2026: amendment_1_impact.xlsx, sheets 'Portability Impact' and 'Portablity Counts'",https://floridarevenue.com/property/Documents/amendment_1_impact.xlsx,2026 preliminary roll. avg_value_ported_per_transfer = portability_value_total / portability_transfers (computed).
Polk,2022,2858,139985886,48980,"FDOR Data Book 2026: amendment_1_impact.xlsx, sheets 'Portability Impact' and 'Portablity Counts'",https://floridarevenue.com/property/Documents/amendment_1_impact.xlsx,avg_value_ported_per_transfer = portability_value_total / portability_transfers (computed).
Polk,2023,2712,204603121,75444,"FDOR Data Book 2026: amendment_1_impact.xlsx, sheets 'Portability Impact' and 'Portablity Counts'",https://floridarevenue.com/property/Documents/amendment_1_impact.xlsx,avg_value_ported_per_transfer = portability_value_total / portability_transfers (computed).
Polk,2024,2447,224685327,91821,"FDOR Data Book 2026: amendment_1_impact.xlsx, sheets 'Portability Impact' and 'Portablity Counts'",https://floridarevenue.com/property/Documents/amendment_1_impact.xlsx,avg_value_ported_per_transfer = portability_value_total / portability_transfers (computed).
Polk,2025,2544,246696603,96972,"FDOR Data Book 2026: amendment_1_impact.xlsx, sheets 'Portability Impact' and 'Portablity Counts'",https://floridarevenue.com/property/Documents/amendment_1_impact.xlsx,avg_value_ported_per_transfer = portability_value_total / portability_transfers (computed).
Polk,2026,2028,189486609,93435,"FDOR Data Book 2026: amendment_1_impact.xlsx, sheets 'Portability Impact' and 'Portablity Counts'",https://floridarevenue.com/property/Documents/amendment_1_impact.xlsx,2026 preliminary roll. avg_value_ported_per_transfer = portability_value_total / portability_transfers (computed).
Putnam,2022,467,20105540,43053,"FDOR Data Book 2026: amendment_1_impact.xlsx, sheets 'Portability Impact' and 'Portablity Counts'",https://floridarevenue.com/property/Documents/amendment_1_impact.xlsx,avg_value_ported_per_transfer = portability_value_total / portability_transfers (computed).
Putnam,2023,418,26686360,63843,"FDOR Data Book 2026: amendment_1_impact.xlsx, sheets 'Portability Impact' and 'Portablity Counts'",https://floridarevenue.com/property/Documents/amendment_1_impact.xlsx,avg_value_ported_per_transfer = portability_value_total / portability_transfers (computed).
Putnam,2024,430,34688747,80672,"FDOR Data Book 2026: amendment_1_impact.xlsx, sheets 'Portability Impact' and 'Portablity Counts'",https://floridarevenue.com/property/Documents/amendment_1_impact.xlsx,avg_value_ported_per_transfer = portability_value_total / portability_transfers (computed).
Putnam,2025,338,28682000,84858,"FDOR Data Book 2026: amendment_1_impact.xlsx, sheets 'Portability Impact' and 'Portablity Counts'",https://floridarevenue.com/property/Documents/amendment_1_impact.xlsx,avg_value_ported_per_transfer = portability_value_total / portability_transfers (computed).
Putnam,2026,317,28766370,90746,"FDOR Data Book 2026: amendment_1_impact.xlsx, sheets 'Portability Impact' and 'Portablity Counts'",https://floridarevenue.com/property/Documents/amendment_1_impact.xlsx,2026 preliminary roll. avg_value_ported_per_transfer = portability_value_total / portability_transfers (computed).
Saint Johns,2022,3273,208707531,63766,"FDOR Data Book 2026: amendment_1_impact.xlsx, sheets 'Portability Impact' and 'Portablity Counts'",https://floridarevenue.com/property/Documents/amendment_1_impact.xlsx,avg_value_ported_per_transfer = portability_value_total / portability_transfers (computed).
Saint Johns,2023,2573,275831283,107202,"FDOR Data Book 2026: amendment_1_impact.xlsx, sheets 'Portability Impact' and 'Portablity Counts'",https://floridarevenue.com/property/Documents/amendment_1_impact.xlsx,avg_value_ported_per_transfer = portability_value_total / portability_transfers (computed).
Saint Johns,2024,2608,357725072,137165,"FDOR Data Book 2026: amendment_1_impact.xlsx, sheets 'Portability Impact' and 'Portablity Counts'",https://floridarevenue.com/property/Documents/amendment_1_impact.xlsx,avg_value_ported_per_transfer = portability_value_total / portability_transfers (computed).
Saint Johns,2025,2658,390459029,146900,"FDOR Data Book 2026: amendment_1_impact.xlsx, sheets 'Portability Impact' and 'Portablity Counts'",https://floridarevenue.com/property/Documents/amendment_1_impact.xlsx,avg_value_ported_per_transfer = portability_value_total / portability_transfers (computed).
Saint Johns,2026,2530,367077823,145090,"FDOR Data Book 2026: amendment_1_impact.xlsx, sheets 'Portability Impact' and 'Portablity Counts'",https://floridarevenue.com/property/Documents/amendment_1_impact.xlsx,2026 preliminary roll. avg_value_ported_per_transfer = portability_value_total / portability_transfers (computed).
Saint Lucie,2022,3273,206603073,63123,"FDOR Data Book 2026: amendment_1_impact.xlsx, sheets 'Portability Impact' and 'Portablity Counts'",https://floridarevenue.com/property/Documents/amendment_1_impact.xlsx,avg_value_ported_per_transfer = portability_value_total / portability_transfers (computed).
Saint Lucie,2023,2806,266346568,94920,"FDOR Data Book 2026: amendment_1_impact.xlsx, sheets 'Portability Impact' and 'Portablity Counts'",https://floridarevenue.com/property/Documents/amendment_1_impact.xlsx,avg_value_ported_per_transfer = portability_value_total / portability_transfers (computed).
Saint Lucie,2024,2611,320851562,122885,"FDOR Data Book 2026: amendment_1_impact.xlsx, sheets 'Portability Impact' and 'Portablity Counts'",https://floridarevenue.com/property/Documents/amendment_1_impact.xlsx,avg_value_ported_per_transfer = portability_value_total / portability_transfers (computed).
Saint Lucie,2025,2625,349715243,133225,"FDOR Data Book 2026: amendment_1_impact.xlsx, sheets 'Portability Impact' and 'Portablity Counts'",https://floridarevenue.com/property/Documents/amendment_1_impact.xlsx,avg_value_ported_per_transfer = portability_value_total / portability_transfers (computed).
Saint Lucie,2026,2353,302579582,128593,"FDOR Data Book 2026: amendment_1_impact.xlsx, sheets 'Portability Impact' and 'Portablity Counts'",https://floridarevenue.com/property/Documents/amendment_1_impact.xlsx,2026 preliminary roll. avg_value_ported_per_transfer = portability_value_total / portability_transfers (computed).
Santa Rosa,2022,1146,49645966,43321,"FDOR Data Book 2026: amendment_1_impact.xlsx, sheets 'Portability Impact' and 'Portablity Counts'",https://floridarevenue.com/property/Documents/amendment_1_impact.xlsx,avg_value_ported_per_transfer = portability_value_total / portability_transfers (computed).
Santa Rosa,2023,969,67145097,69293,"FDOR Data Book 2026: amendment_1_impact.xlsx, sheets 'Portability Impact' and 'Portablity Counts'",https://floridarevenue.com/property/Documents/amendment_1_impact.xlsx,avg_value_ported_per_transfer = portability_value_total / portability_transfers (computed).
Santa Rosa,2024,840,67999866,80952,"FDOR Data Book 2026: amendment_1_impact.xlsx, sheets 'Portability Impact' and 'Portablity Counts'",https://floridarevenue.com/property/Documents/amendment_1_impact.xlsx,avg_value_ported_per_transfer = portability_value_total / portability_transfers (computed).
Santa Rosa,2025,845,70531439,83469,"FDOR Data Book 2026: amendment_1_impact.xlsx, sheets 'Portability Impact' and 'Portablity Counts'",https://floridarevenue.com/property/Documents/amendment_1_impact.xlsx,avg_value_ported_per_transfer = portability_value_total / portability_transfers (computed).
Santa Rosa,2026,763,65373782,85680,"FDOR Data Book 2026: amendment_1_impact.xlsx, sheets 'Portability Impact' and 'Portablity Counts'",https://floridarevenue.com/property/Documents/amendment_1_impact.xlsx,2026 preliminary roll. avg_value_ported_per_transfer = portability_value_total / portability_transfers (computed).
Sarasota,2022,3194,227582934,71253,"FDOR Data Book 2026: amendment_1_impact.xlsx, sheets 'Portability Impact' and 'Portablity Counts'",https://floridarevenue.com/property/Documents/amendment_1_impact.xlsx,avg_value_ported_per_transfer = portability_value_total / portability_transfers (computed).
Sarasota,2023,2448,301232811,123053,"FDOR Data Book 2026: amendment_1_impact.xlsx, sheets 'Portability Impact' and 'Portablity Counts'",https://floridarevenue.com/property/Documents/amendment_1_impact.xlsx,avg_value_ported_per_transfer = portability_value_total / portability_transfers (computed).
Sarasota,2024,2701,421109678,155909,"FDOR Data Book 2026: amendment_1_impact.xlsx, sheets 'Portability Impact' and 'Portablity Counts'",https://floridarevenue.com/property/Documents/amendment_1_impact.xlsx,avg_value_ported_per_transfer = portability_value_total / portability_transfers (computed).
Sarasota,2025,2546,407353695,159998,"FDOR Data Book 2026: amendment_1_impact.xlsx, sheets 'Portability Impact' and 'Portablity Counts'",https://floridarevenue.com/property/Documents/amendment_1_impact.xlsx,avg_value_ported_per_transfer = portability_value_total / portability_transfers (computed).
Sarasota,2026,2260,325610259,144075,"FDOR Data Book 2026: amendment_1_impact.xlsx, sheets 'Portability Impact' and 'Portablity Counts'",https://floridarevenue.com/property/Documents/amendment_1_impact.xlsx,2026 preliminary roll. avg_value_ported_per_transfer = portability_value_total / portability_transfers (computed).
Seminole,2022,1872,111462466,59542,"FDOR Data Book 2026: amendment_1_impact.xlsx, sheets 'Portability Impact' and 'Portablity Counts'",https://floridarevenue.com/property/Documents/amendment_1_impact.xlsx,avg_value_ported_per_transfer = portability_value_total / portability_transfers (computed).
Seminole,2023,1394,127864398,91725,"FDOR Data Book 2026: amendment_1_impact.xlsx, sheets 'Portability Impact' and 'Portablity Counts'",https://floridarevenue.com/property/Documents/amendment_1_impact.xlsx,avg_value_ported_per_transfer = portability_value_total / portability_transfers (computed).
Seminole,2024,1383,161298549,116629,"FDOR Data Book 2026: amendment_1_impact.xlsx, sheets 'Portability Impact' and 'Portablity Counts'",https://floridarevenue.com/property/Documents/amendment_1_impact.xlsx,avg_value_ported_per_transfer = portability_value_total / portability_transfers (computed).
Seminole,2025,1388,181941086,131081,"FDOR Data Book 2026: amendment_1_impact.xlsx, sheets 'Portability Impact' and 'Portablity Counts'",https://floridarevenue.com/property/Documents/amendment_1_impact.xlsx,avg_value_ported_per_transfer = portability_value_total / portability_transfers (computed).
Seminole,2026,1411,181946488,128949,"FDOR Data Book 2026: amendment_1_impact.xlsx, sheets 'Portability Impact' and 'Portablity Counts'",https://floridarevenue.com/property/Documents/amendment_1_impact.xlsx,2026 preliminary roll. avg_value_ported_per_transfer = portability_value_total / portability_transfers (computed).
Sumter,2022,1594,72871680,45716,"FDOR Data Book 2026: amendment_1_impact.xlsx, sheets 'Portability Impact' and 'Portablity Counts'",https://floridarevenue.com/property/Documents/amendment_1_impact.xlsx,avg_value_ported_per_transfer = portability_value_total / portability_transfers (computed).
Sumter,2023,1554,126517010,81414,"FDOR Data Book 2026: amendment_1_impact.xlsx, sheets 'Portability Impact' and 'Portablity Counts'",https://floridarevenue.com/property/Documents/amendment_1_impact.xlsx,avg_value_ported_per_transfer = portability_value_total / portability_transfers (computed).
Sumter,2024,1305,113897500,87278,"FDOR Data Book 2026: amendment_1_impact.xlsx, sheets 'Portability Impact' and 'Portablity Counts'",https://floridarevenue.com/property/Documents/amendment_1_impact.xlsx,avg_value_ported_per_transfer = portability_value_total / portability_transfers (computed).
Sumter,2025,1363,120376950,88318,"FDOR Data Book 2026: amendment_1_impact.xlsx, sheets 'Portability Impact' and 'Portablity Counts'",https://floridarevenue.com/property/Documents/amendment_1_impact.xlsx,avg_value_ported_per_transfer = portability_value_total / portability_transfers (computed).
Sumter,2026,1806,147354570,81592,"FDOR Data Book 2026: amendment_1_impact.xlsx, sheets 'Portability Impact' and 'Portablity Counts'",https://floridarevenue.com/property/Documents/amendment_1_impact.xlsx,2026 preliminary roll. avg_value_ported_per_transfer = portability_value_total / portability_transfers (computed).
Suwannee,2022,207,8568950,41396,"FDOR Data Book 2026: amendment_1_impact.xlsx, sheets 'Portability Impact' and 'Portablity Counts'",https://floridarevenue.com/property/Documents/amendment_1_impact.xlsx,avg_value_ported_per_transfer = portability_value_total / portability_transfers (computed).
Suwannee,2023,254,14627488,57589,"FDOR Data Book 2026: amendment_1_impact.xlsx, sheets 'Portability Impact' and 'Portablity Counts'",https://floridarevenue.com/property/Documents/amendment_1_impact.xlsx,avg_value_ported_per_transfer = portability_value_total / portability_transfers (computed).
Suwannee,2024,237,16488441,69571,"FDOR Data Book 2026: amendment_1_impact.xlsx, sheets 'Portability Impact' and 'Portablity Counts'",https://floridarevenue.com/property/Documents/amendment_1_impact.xlsx,avg_value_ported_per_transfer = portability_value_total / portability_transfers (computed).
Suwannee,2025,160,14166636,88541,"FDOR Data Book 2026: amendment_1_impact.xlsx, sheets 'Portability Impact' and 'Portablity Counts'",https://floridarevenue.com/property/Documents/amendment_1_impact.xlsx,avg_value_ported_per_transfer = portability_value_total / portability_transfers (computed).
Suwannee,2026,176,14333398,81440,"FDOR Data Book 2026: amendment_1_impact.xlsx, sheets 'Portability Impact' and 'Portablity Counts'",https://floridarevenue.com/property/Documents/amendment_1_impact.xlsx,2026 preliminary roll. avg_value_ported_per_transfer = portability_value_total / portability_transfers (computed).
Taylor,2022,94,3337860,35509,"FDOR Data Book 2026: amendment_1_impact.xlsx, sheets 'Portability Impact' and 'Portablity Counts'",https://floridarevenue.com/property/Documents/amendment_1_impact.xlsx,avg_value_ported_per_transfer = portability_value_total / portability_transfers (computed).
Taylor,2023,83,4492180,54123,"FDOR Data Book 2026: amendment_1_impact.xlsx, sheets 'Portability Impact' and 'Portablity Counts'",https://floridarevenue.com/property/Documents/amendment_1_impact.xlsx,avg_value_ported_per_transfer = portability_value_total / portability_transfers (computed).
Taylor,2024,96,6308410,65713,"FDOR Data Book 2026: amendment_1_impact.xlsx, sheets 'Portability Impact' and 'Portablity Counts'",https://floridarevenue.com/property/Documents/amendment_1_impact.xlsx,avg_value_ported_per_transfer = portability_value_total / portability_transfers (computed).
Taylor,2025,84,5579370,66421,"FDOR Data Book 2026: amendment_1_impact.xlsx, sheets 'Portability Impact' and 'Portablity Counts'",https://floridarevenue.com/property/Documents/amendment_1_impact.xlsx,avg_value_ported_per_transfer = portability_value_total / portability_transfers (computed).
Taylor,2026,62,4149490,66927,"FDOR Data Book 2026: amendment_1_impact.xlsx, sheets 'Portability Impact' and 'Portablity Counts'",https://floridarevenue.com/property/Documents/amendment_1_impact.xlsx,2026 preliminary roll. avg_value_ported_per_transfer = portability_value_total / portability_transfers (computed).
Union,2022,12,318316,26526,"FDOR Data Book 2026: amendment_1_impact.xlsx, sheets 'Portability Impact' and 'Portablity Counts'",https://floridarevenue.com/property/Documents/amendment_1_impact.xlsx,avg_value_ported_per_transfer = portability_value_total / portability_transfers (computed).
Union,2023,24,830205,34592,"FDOR Data Book 2026: amendment_1_impact.xlsx, sheets 'Portability Impact' and 'Portablity Counts'",https://floridarevenue.com/property/Documents/amendment_1_impact.xlsx,avg_value_ported_per_transfer = portability_value_total / portability_transfers (computed).
Union,2024,27,1471770,54510,"FDOR Data Book 2026: amendment_1_impact.xlsx, sheets 'Portability Impact' and 'Portablity Counts'",https://floridarevenue.com/property/Documents/amendment_1_impact.xlsx,avg_value_ported_per_transfer = portability_value_total / portability_transfers (computed).
Union,2025,28,1450952,51820,"FDOR Data Book 2026: amendment_1_impact.xlsx, sheets 'Portability Impact' and 'Portablity Counts'",https://floridarevenue.com/property/Documents/amendment_1_impact.xlsx,avg_value_ported_per_transfer = portability_value_total / portability_transfers (computed).
Union,2026,18,1298993,72166,"FDOR Data Book 2026: amendment_1_impact.xlsx, sheets 'Portability Impact' and 'Portablity Counts'",https://floridarevenue.com/property/Documents/amendment_1_impact.xlsx,2026 preliminary roll. avg_value_ported_per_transfer = portability_value_total / portability_transfers (computed).
Volusia,2022,3771,247261008,65569,"FDOR Data Book 2026: amendment_1_impact.xlsx, sheets 'Portability Impact' and 'Portablity Counts'",https://floridarevenue.com/property/Documents/amendment_1_impact.xlsx,avg_value_ported_per_transfer = portability_value_total / portability_transfers (computed).
Volusia,2023,3201,302535912,94513,"FDOR Data Book 2026: amendment_1_impact.xlsx, sheets 'Portability Impact' and 'Portablity Counts'",https://floridarevenue.com/property/Documents/amendment_1_impact.xlsx,avg_value_ported_per_transfer = portability_value_total / portability_transfers (computed).
Volusia,2024,3089,361574970,117052,"FDOR Data Book 2026: amendment_1_impact.xlsx, sheets 'Portability Impact' and 'Portablity Counts'",https://floridarevenue.com/property/Documents/amendment_1_impact.xlsx,avg_value_ported_per_transfer = portability_value_total / portability_transfers (computed).
Volusia,2025,2939,374901759,127561,"FDOR Data Book 2026: amendment_1_impact.xlsx, sheets 'Portability Impact' and 'Portablity Counts'",https://floridarevenue.com/property/Documents/amendment_1_impact.xlsx,avg_value_ported_per_transfer = portability_value_total / portability_transfers (computed).
Volusia,2026,2507,309992425,123651,"FDOR Data Book 2026: amendment_1_impact.xlsx, sheets 'Portability Impact' and 'Portablity Counts'",https://floridarevenue.com/property/Documents/amendment_1_impact.xlsx,2026 preliminary roll. avg_value_ported_per_transfer = portability_value_total / portability_transfers (computed).
Wakulla,2022,235,8423451,35844,"FDOR Data Book 2026: amendment_1_impact.xlsx, sheets 'Portability Impact' and 'Portablity Counts'",https://floridarevenue.com/property/Documents/amendment_1_impact.xlsx,avg_value_ported_per_transfer = portability_value_total / portability_transfers (computed).
Wakulla,2023,262,12995519,49601,"FDOR Data Book 2026: amendment_1_impact.xlsx, sheets 'Portability Impact' and 'Portablity Counts'",https://floridarevenue.com/property/Documents/amendment_1_impact.xlsx,avg_value_ported_per_transfer = portability_value_total / portability_transfers (computed).
Wakulla,2024,209,14271831,68286,"FDOR Data Book 2026: amendment_1_impact.xlsx, sheets 'Portability Impact' and 'Portablity Counts'",https://floridarevenue.com/property/Documents/amendment_1_impact.xlsx,avg_value_ported_per_transfer = portability_value_total / portability_transfers (computed).
Wakulla,2025,219,15371672,70190,"FDOR Data Book 2026: amendment_1_impact.xlsx, sheets 'Portability Impact' and 'Portablity Counts'",https://floridarevenue.com/property/Documents/amendment_1_impact.xlsx,avg_value_ported_per_transfer = portability_value_total / portability_transfers (computed).
Wakulla,2026,194,13808965,71180,"FDOR Data Book 2026: amendment_1_impact.xlsx, sheets 'Portability Impact' and 'Portablity Counts'",https://floridarevenue.com/property/Documents/amendment_1_impact.xlsx,2026 preliminary roll. avg_value_ported_per_transfer = portability_value_total / portability_transfers (computed).
Walton,2022,504,38579248,76546,"FDOR Data Book 2026: amendment_1_impact.xlsx, sheets 'Portability Impact' and 'Portablity Counts'",https://floridarevenue.com/property/Documents/amendment_1_impact.xlsx,avg_value_ported_per_transfer = portability_value_total / portability_transfers (computed).
Walton,2023,547,65964708,120594,"FDOR Data Book 2026: amendment_1_impact.xlsx, sheets 'Portability Impact' and 'Portablity Counts'",https://floridarevenue.com/property/Documents/amendment_1_impact.xlsx,avg_value_ported_per_transfer = portability_value_total / portability_transfers (computed).
Walton,2024,462,70224258,152001,"FDOR Data Book 2026: amendment_1_impact.xlsx, sheets 'Portability Impact' and 'Portablity Counts'",https://floridarevenue.com/property/Documents/amendment_1_impact.xlsx,avg_value_ported_per_transfer = portability_value_total / portability_transfers (computed).
Walton,2025,419,63726675,152092,"FDOR Data Book 2026: amendment_1_impact.xlsx, sheets 'Portability Impact' and 'Portablity Counts'",https://floridarevenue.com/property/Documents/amendment_1_impact.xlsx,avg_value_ported_per_transfer = portability_value_total / portability_transfers (computed).
Walton,2026,403,60051504,149011,"FDOR Data Book 2026: amendment_1_impact.xlsx, sheets 'Portability Impact' and 'Portablity Counts'",https://floridarevenue.com/property/Documents/amendment_1_impact.xlsx,2026 preliminary roll. avg_value_ported_per_transfer = portability_value_total / portability_transfers (computed).
Washington,2022,87,2571807,29561,"FDOR Data Book 2026: amendment_1_impact.xlsx, sheets 'Portability Impact' and 'Portablity Counts'",https://floridarevenue.com/property/Documents/amendment_1_impact.xlsx,avg_value_ported_per_transfer = portability_value_total / portability_transfers (computed).
Washington,2023,130,5240826,40314,"FDOR Data Book 2026: amendment_1_impact.xlsx, sheets 'Portability Impact' and 'Portablity Counts'",https://floridarevenue.com/property/Documents/amendment_1_impact.xlsx,avg_value_ported_per_transfer = portability_value_total / portability_transfers (computed).
Washington,2024,95,4524537,47627,"FDOR Data Book 2026: amendment_1_impact.xlsx, sheets 'Portability Impact' and 'Portablity Counts'",https://floridarevenue.com/property/Documents/amendment_1_impact.xlsx,avg_value_ported_per_transfer = portability_value_total / portability_transfers (computed).
Washington,2025,93,5163032,55516,"FDOR Data Book 2026: amendment_1_impact.xlsx, sheets 'Portability Impact' and 'Portablity Counts'",https://floridarevenue.com/property/Documents/amendment_1_impact.xlsx,avg_value_ported_per_transfer = portability_value_total / portability_transfers (computed).
Washington,2026,98,5746358,58636,"FDOR Data Book 2026: amendment_1_impact.xlsx, sheets 'Portability Impact' and 'Portablity Counts'",https://floridarevenue.com/property/Documents/amendment_1_impact.xlsx,2026 preliminary roll. avg_value_ported_per_transfer = portability_value_total / portability_transfers (computed).
